# https://github.com/mikedh/trimesh

o SITE_GROUND
v -1.95000000 -16.05000000 -0.15000000
v -1.95000000 -16.05000000 0.00000000
v -1.95000000 8.05000000 -0.15000000
v -1.95000000 8.05000000 0.00000000
v 15.75000000 -16.05000000 -0.15000000
v 15.75000000 -16.05000000 0.00000000
v 15.75000000 8.05000000 -0.15000000
v 15.75000000 8.05000000 0.00000000
f 2 4 1
f 5 2 1
f 1 4 3
f 3 5 1
f 2 8 4
f 6 2 5
f 6 8 2
f 4 8 3
f 7 5 3
f 3 8 7
f 7 6 5
f 8 6 7

o STREET
v -1.95000000 -17.55000000 -0.08000000
v -1.95000000 -17.55000000 0.04000000
v -1.95000000 -13.05000000 -0.08000000
v -1.95000000 -13.05000000 0.04000000
v 15.75000000 -17.55000000 -0.08000000
v 15.75000000 -17.55000000 0.04000000
v 15.75000000 -13.05000000 -0.08000000
v 15.75000000 -13.05000000 0.04000000
f 10 12 9
f 13 10 9
f 9 12 11
f 11 13 9
f 10 16 12
f 14 10 13
f 14 16 10
f 12 16 11
f 15 13 11
f 11 16 15
f 15 14 13
f 16 14 15

o SIDEWALK
v -1.95000000 -13.00000000 -0.07000000
v -1.95000000 -13.00000000 0.07000000
v -1.95000000 -10.80000000 -0.07000000
v -1.95000000 -10.80000000 0.07000000
v 15.75000000 -13.00000000 -0.07000000
v 15.75000000 -13.00000000 0.07000000
v 15.75000000 -10.80000000 -0.07000000
v 15.75000000 -10.80000000 0.07000000
f 18 20 17
f 21 18 17
f 17 20 19
f 19 21 17
f 18 24 20
f 22 18 21
f 22 24 18
f 20 24 19
f 23 21 19
f 19 24 23
f 23 22 21
f 24 22 23

o SOUTERRAIN_FLOOR
v 0.00000000 0.00000000 -4.10000000
v 0.00000000 0.00000000 -3.90000000
v 0.00000000 13.80000000 -4.10000000
v 0.00000000 13.80000000 -3.90000000
v 13.80000000 0.00000000 -4.10000000
v 13.80000000 0.00000000 -3.90000000
v 13.80000000 13.80000000 -4.10000000
v 13.80000000 13.80000000 -3.90000000
f 26 28 25
f 29 26 25
f 25 28 27
f 27 29 25
f 26 32 28
f 30 26 29
f 30 32 26
f 28 32 27
f 31 29 27
f 27 32 31
f 31 30 29
f 32 30 31

o SOUTERRAIN_WALL_south
v 0.00000000 -0.15000000 -3.90000000
v 0.00000000 -0.15000000 0.00000000
v 0.00000000 0.15000000 -3.90000000
v 0.00000000 0.15000000 0.00000000
v 13.80000000 -0.15000000 -3.90000000
v 13.80000000 -0.15000000 0.00000000
v 13.80000000 0.15000000 -3.90000000
v 13.80000000 0.15000000 0.00000000
f 34 36 33
f 37 34 33
f 33 36 35
f 35 37 33
f 34 40 36
f 38 34 37
f 38 40 34
f 36 40 35
f 39 37 35
f 35 40 39
f 39 38 37
f 40 38 39

o SOUTERRAIN_WALL_north
v 0.00000000 13.65000000 -3.90000000
v 0.00000000 13.65000000 0.00000000
v 0.00000000 13.95000000 -3.90000000
v 0.00000000 13.95000000 0.00000000
v 13.80000000 13.65000000 -3.90000000
v 13.80000000 13.65000000 0.00000000
v 13.80000000 13.95000000 -3.90000000
v 13.80000000 13.95000000 0.00000000
f 42 44 41
f 45 42 41
f 41 44 43
f 43 45 41
f 42 48 44
f 46 42 45
f 46 48 42
f 44 48 43
f 47 45 43
f 43 48 47
f 47 46 45
f 48 46 47

o SOUTERRAIN_WALL_west
v -6.75000000 -6.90000000 -3.90000000
v -6.75000000 -6.90000000 0.00000000
v -7.05000000 -6.90000000 -3.90000000
v -7.05000000 -6.90000000 0.00000000
v -6.75000000 6.90000000 -3.90000000
v -6.75000000 6.90000000 0.00000000
v -7.05000000 6.90000000 -3.90000000
v -7.05000000 6.90000000 0.00000000
f 50 52 49
f 53 50 49
f 49 52 51
f 51 53 49
f 50 56 52
f 54 50 53
f 54 56 50
f 52 56 51
f 55 53 51
f 51 56 55
f 55 54 53
f 56 54 55

o SOUTERRAIN_WALL_east
v -6.75000000 6.90000000 -3.90000000
v -6.75000000 6.90000000 0.00000000
v -7.05000000 6.90000000 -3.90000000
v -7.05000000 6.90000000 0.00000000
v -6.75000000 20.70000000 -3.90000000
v -6.75000000 20.70000000 0.00000000
v -7.05000000 20.70000000 -3.90000000
v -7.05000000 20.70000000 0.00000000
f 58 60 57
f 61 58 57
f 57 60 59
f 59 61 57
f 58 64 60
f 62 58 61
f 62 64 58
f 60 64 59
f 63 61 59
f 59 64 63
f 63 62 61
f 64 62 63

o GARAGE_01
v 0.80000000 2.00000000 -3.90000000
v 0.80000000 2.00000000 -3.84000000
v 0.80000000 5.00000000 -3.90000000
v 0.80000000 5.00000000 -3.84000000
v 2.50000000 2.00000000 -3.90000000
v 2.50000000 2.00000000 -3.84000000
v 2.50000000 5.00000000 -3.90000000
v 2.50000000 5.00000000 -3.84000000
f 66 68 65
f 69 66 65
f 65 68 67
f 67 69 65
f 66 72 68
f 70 66 69
f 70 72 66
f 68 72 67
f 71 69 67
f 67 72 71
f 71 70 69
f 72 70 71

o GARAGE_01_STOP
v 1.56000000 4.84000000 -3.84000000
v 1.56000000 4.84000000 -3.72000000
v 1.56000000 4.96000000 -3.84000000
v 1.56000000 4.96000000 -3.72000000
v 1.74000000 4.84000000 -3.84000000
v 1.74000000 4.84000000 -3.72000000
v 1.74000000 4.96000000 -3.84000000
v 1.74000000 4.96000000 -3.72000000
f 74 76 73
f 77 74 73
f 73 76 75
f 75 77 73
f 74 80 76
f 78 74 77
f 78 80 74
f 76 80 75
f 79 77 75
f 75 80 79
f 79 78 77
f 80 78 79

o GARAGE_02
v 0.80000000 5.40000000 -3.90000000
v 0.80000000 5.40000000 -3.84000000
v 0.80000000 8.40000000 -3.90000000
v 0.80000000 8.40000000 -3.84000000
v 2.50000000 5.40000000 -3.90000000
v 2.50000000 5.40000000 -3.84000000
v 2.50000000 8.40000000 -3.90000000
v 2.50000000 8.40000000 -3.84000000
f 82 84 81
f 85 82 81
f 81 84 83
f 83 85 81
f 82 88 84
f 86 82 85
f 86 88 82
f 84 88 83
f 87 85 83
f 83 88 87
f 87 86 85
f 88 86 87

o GARAGE_02_STOP
v 1.56000000 8.24000000 -3.84000000
v 1.56000000 8.24000000 -3.72000000
v 1.56000000 8.36000000 -3.84000000
v 1.56000000 8.36000000 -3.72000000
v 1.74000000 8.24000000 -3.84000000
v 1.74000000 8.24000000 -3.72000000
v 1.74000000 8.36000000 -3.84000000
v 1.74000000 8.36000000 -3.72000000
f 90 92 89
f 93 90 89
f 89 92 91
f 91 93 89
f 90 96 92
f 94 90 93
f 94 96 90
f 92 96 91
f 95 93 91
f 91 96 95
f 95 94 93
f 96 94 95

o GARAGE_03
v 0.80000000 8.80000000 -3.90000000
v 0.80000000 8.80000000 -3.84000000
v 0.80000000 12.00000000 -3.90000000
v 0.80000000 12.00000000 -3.84000000
v 2.50000000 8.80000000 -3.90000000
v 2.50000000 8.80000000 -3.84000000
v 2.50000000 12.00000000 -3.90000000
v 2.50000000 12.00000000 -3.84000000
f 98 100 97
f 101 98 97
f 97 100 99
f 99 101 97
f 98 104 100
f 102 98 101
f 102 104 98
f 100 104 99
f 103 101 99
f 99 104 103
f 103 102 101
f 104 102 103

o GARAGE_03_STOP
v 1.56000000 11.84000000 -3.84000000
v 1.56000000 11.84000000 -3.72000000
v 1.56000000 11.96000000 -3.84000000
v 1.56000000 11.96000000 -3.72000000
v 1.74000000 11.84000000 -3.84000000
v 1.74000000 11.84000000 -3.72000000
v 1.74000000 11.96000000 -3.84000000
v 1.74000000 11.96000000 -3.72000000
f 106 108 105
f 109 106 105
f 105 108 107
f 107 109 105
f 106 112 108
f 110 106 109
f 110 112 106
f 108 112 107
f 111 109 107
f 107 112 111
f 111 110 109
f 112 110 111

o GARAGE_04
v 10.50000000 1.50000000 -3.90000000
v 10.50000000 1.50000000 -3.84000000
v 10.50000000 4.30000000 -3.90000000
v 10.50000000 4.30000000 -3.84000000
v 12.80000000 1.50000000 -3.90000000
v 12.80000000 1.50000000 -3.84000000
v 12.80000000 4.30000000 -3.90000000
v 12.80000000 4.30000000 -3.84000000
f 114 116 113
f 117 114 113
f 113 116 115
f 115 117 113
f 114 120 116
f 118 114 117
f 118 120 114
f 116 120 115
f 119 117 115
f 115 120 119
f 119 118 117
f 120 118 119

o GARAGE_04_STOP
v 11.56000000 4.14000000 -3.84000000
v 11.56000000 4.14000000 -3.72000000
v 11.56000000 4.26000000 -3.84000000
v 11.56000000 4.26000000 -3.72000000
v 11.74000000 4.14000000 -3.84000000
v 11.74000000 4.14000000 -3.72000000
v 11.74000000 4.26000000 -3.84000000
v 11.74000000 4.26000000 -3.72000000
f 122 124 121
f 125 122 121
f 121 124 123
f 123 125 121
f 122 128 124
f 126 122 125
f 126 128 122
f 124 128 123
f 127 125 123
f 123 128 127
f 127 126 125
f 128 126 127

o GARAGE_05
v 10.50000000 4.70000000 -3.90000000
v 10.50000000 4.70000000 -3.84000000
v 10.50000000 7.50000000 -3.90000000
v 10.50000000 7.50000000 -3.84000000
v 12.80000000 4.70000000 -3.90000000
v 12.80000000 4.70000000 -3.84000000
v 12.80000000 7.50000000 -3.90000000
v 12.80000000 7.50000000 -3.84000000
f 130 132 129
f 133 130 129
f 129 132 131
f 131 133 129
f 130 136 132
f 134 130 133
f 134 136 130
f 132 136 131
f 135 133 131
f 131 136 135
f 135 134 133
f 136 134 135

o GARAGE_05_STOP
v 11.56000000 7.34000000 -3.84000000
v 11.56000000 7.34000000 -3.72000000
v 11.56000000 7.46000000 -3.84000000
v 11.56000000 7.46000000 -3.72000000
v 11.74000000 7.34000000 -3.84000000
v 11.74000000 7.34000000 -3.72000000
v 11.74000000 7.46000000 -3.84000000
v 11.74000000 7.46000000 -3.72000000
f 138 140 137
f 141 138 137
f 137 140 139
f 139 141 137
f 138 144 140
f 142 138 141
f 142 144 138
f 140 144 139
f 143 141 139
f 139 144 143
f 143 142 141
f 144 142 143

o GARAGE_06
v 10.50000000 7.90000000 -3.90000000
v 10.50000000 7.90000000 -3.84000000
v 10.50000000 10.70000000 -3.90000000
v 10.50000000 10.70000000 -3.84000000
v 12.80000000 7.90000000 -3.90000000
v 12.80000000 7.90000000 -3.84000000
v 12.80000000 10.70000000 -3.90000000
v 12.80000000 10.70000000 -3.84000000
f 146 148 145
f 149 146 145
f 145 148 147
f 147 149 145
f 146 152 148
f 150 146 149
f 150 152 146
f 148 152 147
f 151 149 147
f 147 152 151
f 151 150 149
f 152 150 151

o GARAGE_06_STOP
v 11.56000000 10.54000000 -3.84000000
v 11.56000000 10.54000000 -3.72000000
v 11.56000000 10.66000000 -3.84000000
v 11.56000000 10.66000000 -3.72000000
v 11.74000000 10.54000000 -3.84000000
v 11.74000000 10.54000000 -3.72000000
v 11.74000000 10.66000000 -3.84000000
v 11.74000000 10.66000000 -3.72000000
f 154 156 153
f 157 154 153
f 153 156 155
f 155 157 153
f 154 160 156
f 158 154 157
f 158 160 154
f 156 160 155
f 159 157 155
f 155 160 159
f 159 158 157
f 160 158 159

o GARAGE_07
v 10.50000000 11.00000000 -3.90000000
v 10.50000000 11.00000000 -3.84000000
v 10.50000000 13.00000000 -3.90000000
v 10.50000000 13.00000000 -3.84000000
v 12.80000000 11.00000000 -3.90000000
v 12.80000000 11.00000000 -3.84000000
v 12.80000000 13.00000000 -3.90000000
v 12.80000000 13.00000000 -3.84000000
f 162 164 161
f 165 162 161
f 161 164 163
f 163 165 161
f 162 168 164
f 166 162 165
f 166 168 162
f 164 168 163
f 167 165 163
f 163 168 167
f 167 166 165
f 168 166 167

o GARAGE_07_STOP
v 11.56000000 12.84000000 -3.84000000
v 11.56000000 12.84000000 -3.72000000
v 11.56000000 12.96000000 -3.84000000
v 11.56000000 12.96000000 -3.72000000
v 11.74000000 12.84000000 -3.84000000
v 11.74000000 12.84000000 -3.72000000
v 11.74000000 12.96000000 -3.84000000
v 11.74000000 12.96000000 -3.72000000
f 170 172 169
f 173 170 169
f 169 172 171
f 171 173 169
f 170 176 172
f 174 170 173
f 174 176 170
f 172 176 171
f 175 173 171
f 171 176 175
f 175 174 173
f 176 174 175

o GARAGE_08
v 3.20000000 10.50000000 -3.90000000
v 3.20000000 10.50000000 -3.84000000
v 3.20000000 13.00000000 -3.90000000
v 3.20000000 13.00000000 -3.84000000
v 5.60000000 10.50000000 -3.90000000
v 5.60000000 10.50000000 -3.84000000
v 5.60000000 13.00000000 -3.90000000
v 5.60000000 13.00000000 -3.84000000
f 178 180 177
f 181 178 177
f 177 180 179
f 179 181 177
f 178 184 180
f 182 178 181
f 182 184 178
f 180 184 179
f 183 181 179
f 179 184 183
f 183 182 181
f 184 182 183

o GARAGE_08_STOP
v 4.31000000 12.84000000 -3.84000000
v 4.31000000 12.84000000 -3.72000000
v 4.31000000 12.96000000 -3.84000000
v 4.31000000 12.96000000 -3.72000000
v 4.49000000 12.84000000 -3.84000000
v 4.49000000 12.84000000 -3.72000000
v 4.49000000 12.96000000 -3.84000000
v 4.49000000 12.96000000 -3.72000000
f 186 188 185
f 189 186 185
f 185 188 187
f 187 189 185
f 186 192 188
f 190 186 189
f 190 192 186
f 188 192 187
f 191 189 187
f 187 192 191
f 191 190 189
f 192 190 191

o GARAGE_09
v 6.00000000 10.50000000 -3.90000000
v 6.00000000 10.50000000 -3.84000000
v 6.00000000 13.00000000 -3.90000000
v 6.00000000 13.00000000 -3.84000000
v 8.40000000 10.50000000 -3.90000000
v 8.40000000 10.50000000 -3.84000000
v 8.40000000 13.00000000 -3.90000000
v 8.40000000 13.00000000 -3.84000000
f 194 196 193
f 197 194 193
f 193 196 195
f 195 197 193
f 194 200 196
f 198 194 197
f 198 200 194
f 196 200 195
f 199 197 195
f 195 200 199
f 199 198 197
f 200 198 199

o GARAGE_09_STOP
v 7.11000000 12.84000000 -3.84000000
v 7.11000000 12.84000000 -3.72000000
v 7.11000000 12.96000000 -3.84000000
v 7.11000000 12.96000000 -3.72000000
v 7.29000000 12.84000000 -3.84000000
v 7.29000000 12.84000000 -3.72000000
v 7.29000000 12.96000000 -3.84000000
v 7.29000000 12.96000000 -3.72000000
f 202 204 201
f 205 202 201
f 201 204 203
f 203 205 201
f 202 208 204
f 206 202 205
f 206 208 202
f 204 208 203
f 207 205 203
f 203 208 207
f 207 206 205
f 208 206 207

o GARAGE_10
v 3.20000000 7.20000000 -3.90000000
v 3.20000000 7.20000000 -3.84000000
v 3.20000000 9.70000000 -3.90000000
v 3.20000000 9.70000000 -3.84000000
v 5.60000000 7.20000000 -3.90000000
v 5.60000000 7.20000000 -3.84000000
v 5.60000000 9.70000000 -3.90000000
v 5.60000000 9.70000000 -3.84000000
f 210 212 209
f 213 210 209
f 209 212 211
f 211 213 209
f 210 216 212
f 214 210 213
f 214 216 210
f 212 216 211
f 215 213 211
f 211 216 215
f 215 214 213
f 216 214 215

o GARAGE_10_STOP
v 4.31000000 9.54000000 -3.84000000
v 4.31000000 9.54000000 -3.72000000
v 4.31000000 9.66000000 -3.84000000
v 4.31000000 9.66000000 -3.72000000
v 4.49000000 9.54000000 -3.84000000
v 4.49000000 9.54000000 -3.72000000
v 4.49000000 9.66000000 -3.84000000
v 4.49000000 9.66000000 -3.72000000
f 218 220 217
f 221 218 217
f 217 220 219
f 219 221 217
f 218 224 220
f 222 218 221
f 222 224 218
f 220 224 219
f 223 221 219
f 219 224 223
f 223 222 221
f 224 222 223

o GARAGE_11
v 6.00000000 7.20000000 -3.90000000
v 6.00000000 7.20000000 -3.84000000
v 6.00000000 9.70000000 -3.90000000
v 6.00000000 9.70000000 -3.84000000
v 8.40000000 7.20000000 -3.90000000
v 8.40000000 7.20000000 -3.84000000
v 8.40000000 9.70000000 -3.90000000
v 8.40000000 9.70000000 -3.84000000
f 226 228 225
f 229 226 225
f 225 228 227
f 227 229 225
f 226 232 228
f 230 226 229
f 230 232 226
f 228 232 227
f 231 229 227
f 227 232 231
f 231 230 229
f 232 230 231

o GARAGE_11_STOP
v 7.11000000 9.54000000 -3.84000000
v 7.11000000 9.54000000 -3.72000000
v 7.11000000 9.66000000 -3.84000000
v 7.11000000 9.66000000 -3.72000000
v 7.29000000 9.54000000 -3.84000000
v 7.29000000 9.54000000 -3.72000000
v 7.29000000 9.66000000 -3.84000000
v 7.29000000 9.66000000 -3.72000000
f 234 236 233
f 237 234 233
f 233 236 235
f 235 237 233
f 234 240 236
f 238 234 237
f 238 240 234
f 236 240 235
f 239 237 235
f 235 240 239
f 239 238 237
f 240 238 239

o GARAGE_12
v 3.20000000 3.50000000 -3.90000000
v 3.20000000 3.50000000 -3.84000000
v 3.20000000 6.20000000 -3.90000000
v 3.20000000 6.20000000 -3.84000000
v 5.60000000 3.50000000 -3.90000000
v 5.60000000 3.50000000 -3.84000000
v 5.60000000 6.20000000 -3.90000000
v 5.60000000 6.20000000 -3.84000000
f 242 244 241
f 245 242 241
f 241 244 243
f 243 245 241
f 242 248 244
f 246 242 245
f 246 248 242
f 244 248 243
f 247 245 243
f 243 248 247
f 247 246 245
f 248 246 247

o GARAGE_12_STOP
v 4.31000000 6.04000000 -3.84000000
v 4.31000000 6.04000000 -3.72000000
v 4.31000000 6.16000000 -3.84000000
v 4.31000000 6.16000000 -3.72000000
v 4.49000000 6.04000000 -3.84000000
v 4.49000000 6.04000000 -3.72000000
v 4.49000000 6.16000000 -3.84000000
v 4.49000000 6.16000000 -3.72000000
f 250 252 249
f 253 250 249
f 249 252 251
f 251 253 249
f 250 256 252
f 254 250 253
f 254 256 250
f 252 256 251
f 255 253 251
f 251 256 255
f 255 254 253
f 256 254 255

o GARAGE_13
v 6.00000000 3.50000000 -3.90000000
v 6.00000000 3.50000000 -3.84000000
v 6.00000000 6.20000000 -3.90000000
v 6.00000000 6.20000000 -3.84000000
v 8.40000000 3.50000000 -3.90000000
v 8.40000000 3.50000000 -3.84000000
v 8.40000000 6.20000000 -3.90000000
v 8.40000000 6.20000000 -3.84000000
f 258 260 257
f 261 258 257
f 257 260 259
f 259 261 257
f 258 264 260
f 262 258 261
f 262 264 258
f 260 264 259
f 263 261 259
f 259 264 263
f 263 262 261
f 264 262 263

o GARAGE_13_STOP
v 7.11000000 6.04000000 -3.84000000
v 7.11000000 6.04000000 -3.72000000
v 7.11000000 6.16000000 -3.84000000
v 7.11000000 6.16000000 -3.72000000
v 7.29000000 6.04000000 -3.84000000
v 7.29000000 6.04000000 -3.72000000
v 7.29000000 6.16000000 -3.84000000
v 7.29000000 6.16000000 -3.72000000
f 266 268 265
f 269 266 265
f 265 268 267
f 267 269 265
f 266 272 268
f 270 266 269
f 270 272 266
f 268 272 267
f 271 269 267
f 267 272 271
f 271 270 269
f 272 270 271

o GARAGE_14
v 3.20000000 0.60000000 -3.90000000
v 3.20000000 0.60000000 -3.84000000
v 3.20000000 3.10000000 -3.90000000
v 3.20000000 3.10000000 -3.84000000
v 5.60000000 0.60000000 -3.90000000
v 5.60000000 0.60000000 -3.84000000
v 5.60000000 3.10000000 -3.90000000
v 5.60000000 3.10000000 -3.84000000
f 274 276 273
f 277 274 273
f 273 276 275
f 275 277 273
f 274 280 276
f 278 274 277
f 278 280 274
f 276 280 275
f 279 277 275
f 275 280 279
f 279 278 277
f 280 278 279

o GARAGE_14_STOP
v 4.31000000 2.94000000 -3.84000000
v 4.31000000 2.94000000 -3.72000000
v 4.31000000 3.06000000 -3.84000000
v 4.31000000 3.06000000 -3.72000000
v 4.49000000 2.94000000 -3.84000000
v 4.49000000 2.94000000 -3.72000000
v 4.49000000 3.06000000 -3.84000000
v 4.49000000 3.06000000 -3.72000000
f 282 284 281
f 285 282 281
f 281 284 283
f 283 285 281
f 282 288 284
f 286 282 285
f 286 288 282
f 284 288 283
f 287 285 283
f 283 288 287
f 287 286 285
f 288 286 287

o GARAGE_15
v 6.00000000 0.60000000 -3.90000000
v 6.00000000 0.60000000 -3.84000000
v 6.00000000 3.10000000 -3.90000000
v 6.00000000 3.10000000 -3.84000000
v 8.40000000 0.60000000 -3.90000000
v 8.40000000 0.60000000 -3.84000000
v 8.40000000 3.10000000 -3.90000000
v 8.40000000 3.10000000 -3.84000000
f 290 292 289
f 293 290 289
f 289 292 291
f 291 293 289
f 290 296 292
f 294 290 293
f 294 296 290
f 292 296 291
f 295 293 291
f 291 296 295
f 295 294 293
f 296 294 295

o GARAGE_15_STOP
v 7.11000000 2.94000000 -3.84000000
v 7.11000000 2.94000000 -3.72000000
v 7.11000000 3.06000000 -3.84000000
v 7.11000000 3.06000000 -3.72000000
v 7.29000000 2.94000000 -3.84000000
v 7.29000000 2.94000000 -3.72000000
v 7.29000000 3.06000000 -3.84000000
v 7.29000000 3.06000000 -3.72000000
f 298 300 297
f 301 298 297
f 297 300 299
f 299 301 297
f 298 304 300
f 302 298 301
f 302 304 298
f 300 304 299
f 303 301 299
f 299 304 303
f 303 302 301
f 304 302 303

o GARAGE_RAMP
v 0.90000000 -4.25064677 -0.78460311
v 0.90000000 -4.18264783 -0.57537561
v 0.90000000 -0.63671731 -1.95913018
v 0.90000000 -0.56871837 -1.74990269
v 12.90000000 -4.25064677 -0.78460311
v 12.90000000 -4.18264783 -0.57537561
v 12.90000000 -0.63671731 -1.95913018
v 12.90000000 -0.56871837 -1.74990269
f 306 308 305
f 309 306 305
f 305 308 307
f 307 309 305
f 306 312 308
f 310 306 309
f 310 312 306
f 308 312 307
f 311 309 307
f 307 312 311
f 311 310 309
f 312 310 311

o BASEMENT_CORE
v 7.25000000 5.10000000 -3.90000000
v 7.25000000 5.10000000 0.00000000
v 7.25000000 8.70000000 -3.90000000
v 7.25000000 8.70000000 0.00000000
v 10.55000000 5.10000000 -3.90000000
v 10.55000000 5.10000000 0.00000000
v 10.55000000 8.70000000 -3.90000000
v 10.55000000 8.70000000 0.00000000
f 314 316 313
f 317 314 313
f 313 316 315
f 315 317 313
f 314 320 316
f 318 314 317
f 318 320 314
f 316 320 315
f 319 317 315
f 315 320 319
f 319 318 317
f 320 318 319

o GROUND_FLOOR_SLAB
v 0.00000000 0.00000000 -0.20000000
v 0.00000000 0.00000000 0.00000000
v 0.00000000 13.80000000 -0.20000000
v 0.00000000 13.80000000 0.00000000
v 13.80000000 0.00000000 -0.20000000
v 13.80000000 0.00000000 0.00000000
v 13.80000000 13.80000000 -0.20000000
v 13.80000000 13.80000000 0.00000000
f 322 324 321
f 325 322 321
f 321 324 323
f 323 325 321
f 322 328 324
f 326 322 325
f 326 328 322
f 324 328 323
f 327 325 323
f 323 328 327
f 327 326 325
f 328 326 327

o GROUND_FLOOR_OUT_S
v 0.00000000 -0.15000000 0.00000000
v 0.00000000 -0.15000000 3.10000000
v 0.00000000 0.15000000 0.00000000
v 0.00000000 0.15000000 3.10000000
v 13.80000000 -0.15000000 0.00000000
v 13.80000000 -0.15000000 3.10000000
v 13.80000000 0.15000000 0.00000000
v 13.80000000 0.15000000 3.10000000
f 330 332 329
f 333 330 329
f 329 332 331
f 331 333 329
f 330 336 332
f 334 330 333
f 334 336 330
f 332 336 331
f 335 333 331
f 331 336 335
f 335 334 333
f 336 334 335

o GROUND_FLOOR_OUT_N
v 0.00000000 13.65000000 0.00000000
v 0.00000000 13.65000000 3.10000000
v 0.00000000 13.95000000 0.00000000
v 0.00000000 13.95000000 3.10000000
v 13.80000000 13.65000000 0.00000000
v 13.80000000 13.65000000 3.10000000
v 13.80000000 13.95000000 0.00000000
v 13.80000000 13.95000000 3.10000000
f 338 340 337
f 341 338 337
f 337 340 339
f 339 341 337
f 338 344 340
f 342 338 341
f 342 344 338
f 340 344 339
f 343 341 339
f 339 344 343
f 343 342 341
f 344 342 343

o GROUND_FLOOR_OUT_W
v -6.75000000 -6.90000000 0.00000000
v -6.75000000 -6.90000000 3.10000000
v -7.05000000 -6.90000000 0.00000000
v -7.05000000 -6.90000000 3.10000000
v -6.75000000 6.90000000 0.00000000
v -6.75000000 6.90000000 3.10000000
v -7.05000000 6.90000000 0.00000000
v -7.05000000 6.90000000 3.10000000
f 346 348 345
f 349 346 345
f 345 348 347
f 347 349 345
f 346 352 348
f 350 346 349
f 350 352 346
f 348 352 347
f 351 349 347
f 347 352 351
f 351 350 349
f 352 350 351

o GROUND_FLOOR_OUT_E
v -6.75000000 6.90000000 0.00000000
v -6.75000000 6.90000000 3.10000000
v -7.05000000 6.90000000 0.00000000
v -7.05000000 6.90000000 3.10000000
v -6.75000000 20.70000000 0.00000000
v -6.75000000 20.70000000 3.10000000
v -7.05000000 20.70000000 0.00000000
v -7.05000000 20.70000000 3.10000000
f 354 356 353
f 357 354 353
f 353 356 355
f 355 357 353
f 354 360 356
f 358 354 357
f 358 360 354
f 356 360 355
f 359 357 355
f 355 360 359
f 359 358 357
f 360 358 359

o APARTMENT_01_FLOOR
v 0.30000000 0.30000000 0.00000000
v 0.30000000 0.30000000 0.10000000
v 0.30000000 6.40000000 0.00000000
v 0.30000000 6.40000000 0.10000000
v 5.40000000 0.30000000 0.00000000
v 5.40000000 0.30000000 0.10000000
v 5.40000000 6.40000000 0.00000000
v 5.40000000 6.40000000 0.10000000
f 362 364 361
f 365 362 361
f 361 364 363
f 363 365 361
f 362 368 364
f 366 362 365
f 366 368 362
f 364 368 363
f 367 365 363
f 363 368 367
f 367 366 365
f 368 366 367

o APARTMENT_01_W_S
v 0.30000000 0.24000000 0.00000000
v 0.30000000 0.24000000 3.10000000
v 0.30000000 0.36000000 0.00000000
v 0.30000000 0.36000000 3.10000000
v 5.40000000 0.24000000 0.00000000
v 5.40000000 0.24000000 3.10000000
v 5.40000000 0.36000000 0.00000000
v 5.40000000 0.36000000 3.10000000
f 370 372 369
f 373 370 369
f 369 372 371
f 371 373 369
f 370 376 372
f 374 370 373
f 374 376 370
f 372 376 371
f 375 373 371
f 371 376 375
f 375 374 373
f 376 374 375

o APARTMENT_01_W_N
v 0.30000000 6.34000000 0.00000000
v 0.30000000 6.34000000 3.10000000
v 0.30000000 6.46000000 0.00000000
v 0.30000000 6.46000000 3.10000000
v 5.40000000 6.34000000 0.00000000
v 5.40000000 6.34000000 3.10000000
v 5.40000000 6.46000000 0.00000000
v 5.40000000 6.46000000 3.10000000
f 378 380 377
f 381 378 377
f 377 380 379
f 379 381 377
f 378 384 380
f 382 378 381
f 382 384 378
f 380 384 379
f 383 381 379
f 379 384 383
f 383 382 381
f 384 382 383

o APARTMENT_01_W_W
v -3.29000000 -2.75000000 0.00000000
v -3.29000000 -2.75000000 3.10000000
v -3.41000000 -2.75000000 0.00000000
v -3.41000000 -2.75000000 3.10000000
v -3.29000000 3.35000000 0.00000000
v -3.29000000 3.35000000 3.10000000
v -3.41000000 3.35000000 0.00000000
v -3.41000000 3.35000000 3.10000000
f 386 388 385
f 389 386 385
f 385 388 387
f 387 389 385
f 386 392 388
f 390 386 389
f 390 392 386
f 388 392 387
f 391 389 387
f 387 392 391
f 391 390 389
f 392 390 391

o APARTMENT_01_W_E
v -3.29000000 2.35000000 0.00000000
v -3.29000000 2.35000000 3.10000000
v -3.41000000 2.35000000 0.00000000
v -3.41000000 2.35000000 3.10000000
v -3.29000000 8.45000000 0.00000000
v -3.29000000 8.45000000 3.10000000
v -3.41000000 8.45000000 0.00000000
v -3.41000000 8.45000000 3.10000000
f 394 396 393
f 397 394 393
f 393 396 395
f 395 397 393
f 394 400 396
f 398 394 397
f 398 400 394
f 396 400 395
f 399 397 395
f 395 400 399
f 399 398 397
f 400 398 399

o APARTMENT_01_PART_1
v 0.50000000 3.04600000 0.00000000
v 0.50000000 3.04600000 3.00000000
v 0.50000000 3.16600000 0.00000000
v 0.50000000 3.16600000 3.00000000
v 5.20000000 3.04600000 0.00000000
v 5.20000000 3.04600000 3.00000000
v 5.20000000 3.16600000 0.00000000
v 5.20000000 3.16600000 3.00000000
f 402 404 401
f 405 402 401
f 401 404 403
f 403 405 401
f 402 408 404
f 406 402 405
f 406 408 402
f 404 408 403
f 407 405 403
f 403 408 407
f 407 406 405
f 408 406 407

o APARTMENT_01_PART_2
v -1.74300000 0.78200000 0.00000000
v -1.74300000 0.78200000 3.00000000
v -1.86300000 0.78200000 0.00000000
v -1.86300000 0.78200000 3.00000000
v -1.74300000 3.38800000 0.00000000
v -1.74300000 3.38800000 3.00000000
v -1.86300000 3.38800000 0.00000000
v -1.86300000 3.38800000 3.00000000
f 410 412 409
f 413 410 409
f 409 412 411
f 411 413 409
f 410 416 412
f 414 410 413
f 414 416 410
f 412 416 411
f 415 413 411
f 411 416 415
f 415 414 413
f 416 414 415

o APARTMENT_01_WIN_S_2.85_FRAME
v 2.27500000 0.25000000 0.92500000
v 2.27500000 0.25000000 2.47500000
v 2.27500000 0.35000000 0.92500000
v 2.27500000 0.35000000 2.47500000
v 3.42500000 0.25000000 0.92500000
v 3.42500000 0.25000000 2.47500000
v 3.42500000 0.35000000 0.92500000
v 3.42500000 0.35000000 2.47500000
f 418 420 417
f 421 418 417
f 417 420 419
f 419 421 417
f 418 424 420
f 422 418 421
f 422 424 418
f 420 424 419
f 423 421 419
f 419 424 423
f 423 422 421
f 424 422 423

o APARTMENT_01_WIN_S_2.85_GLASS
v 2.33500000 0.25000000 0.98500000
v 2.33500000 0.25000000 2.41500000
v 2.33500000 0.29000000 0.98500000
v 2.33500000 0.29000000 2.41500000
v 3.36500000 0.25000000 0.98500000
v 3.36500000 0.25000000 2.41500000
v 3.36500000 0.29000000 0.98500000
v 3.36500000 0.29000000 2.41500000
f 426 428 425
f 429 426 425
f 425 428 427
f 427 429 425
f 426 432 428
f 430 426 429
f 430 432 426
f 428 432 427
f 431 429 427
f 427 432 431
f 431 430 429
f 432 430 431

o APARTMENT_01_WIN_S_2.85_TOP
v 2.18500000 0.23000000 2.49500000
v 2.18500000 0.23000000 2.59500000
v 2.18500000 0.37000000 2.49500000
v 2.18500000 0.37000000 2.59500000
v 3.51500000 0.23000000 2.49500000
v 3.51500000 0.23000000 2.59500000
v 3.51500000 0.37000000 2.49500000
v 3.51500000 0.37000000 2.59500000
f 434 436 433
f 437 434 433
f 433 436 435
f 435 437 433
f 434 440 436
f 438 434 437
f 438 440 434
f 436 440 435
f 439 437 435
f 435 440 439
f 439 438 437
f 440 438 439

o APARTMENT_01_WIN_N_2.85_FRAME
v 2.27500000 6.35000000 0.92500000
v 2.27500000 6.35000000 2.47500000
v 2.27500000 6.45000000 0.92500000
v 2.27500000 6.45000000 2.47500000
v 3.42500000 6.35000000 0.92500000
v 3.42500000 6.35000000 2.47500000
v 3.42500000 6.45000000 0.92500000
v 3.42500000 6.45000000 2.47500000
f 442 444 441
f 445 442 441
f 441 444 443
f 443 445 441
f 442 448 444
f 446 442 445
f 446 448 442
f 444 448 443
f 447 445 443
f 443 448 447
f 447 446 445
f 448 446 447

o APARTMENT_01_WIN_N_2.85_GLASS
v 2.33500000 6.41000000 0.98500000
v 2.33500000 6.41000000 2.41500000
v 2.33500000 6.45000000 0.98500000
v 2.33500000 6.45000000 2.41500000
v 3.36500000 6.41000000 0.98500000
v 3.36500000 6.41000000 2.41500000
v 3.36500000 6.45000000 0.98500000
v 3.36500000 6.45000000 2.41500000
f 450 452 449
f 453 450 449
f 449 452 451
f 451 453 449
f 450 456 452
f 454 450 453
f 454 456 450
f 452 456 451
f 455 453 451
f 451 456 455
f 455 454 453
f 456 454 455

o APARTMENT_01_WIN_N_2.85_TOP
v 2.18500000 6.33000000 2.49500000
v 2.18500000 6.33000000 2.59500000
v 2.18500000 6.47000000 2.49500000
v 2.18500000 6.47000000 2.59500000
v 3.51500000 6.33000000 2.49500000
v 3.51500000 6.33000000 2.59500000
v 3.51500000 6.47000000 2.49500000
v 3.51500000 6.47000000 2.59500000
f 458 460 457
f 461 458 457
f 457 460 459
f 459 461 457
f 458 464 460
f 462 458 461
f 462 464 458
f 460 464 459
f 463 461 459
f 459 464 463
f 463 462 461
f 464 462 463

o APARTMENT_01_WIN_S_1.20_FRAME
v 0.62500000 0.25000000 0.92500000
v 0.62500000 0.25000000 2.47500000
v 0.62500000 0.35000000 0.92500000
v 0.62500000 0.35000000 2.47500000
v 1.77500000 0.25000000 0.92500000
v 1.77500000 0.25000000 2.47500000
v 1.77500000 0.35000000 0.92500000
v 1.77500000 0.35000000 2.47500000
f 466 468 465
f 469 466 465
f 465 468 467
f 467 469 465
f 466 472 468
f 470 466 469
f 470 472 466
f 468 472 467
f 471 469 467
f 467 472 471
f 471 470 469
f 472 470 471

o APARTMENT_01_WIN_S_1.20_GLASS
v 0.68500000 0.25000000 0.98500000
v 0.68500000 0.25000000 2.41500000
v 0.68500000 0.29000000 0.98500000
v 0.68500000 0.29000000 2.41500000
v 1.71500000 0.25000000 0.98500000
v 1.71500000 0.25000000 2.41500000
v 1.71500000 0.29000000 0.98500000
v 1.71500000 0.29000000 2.41500000
f 474 476 473
f 477 474 473
f 473 476 475
f 475 477 473
f 474 480 476
f 478 474 477
f 478 480 474
f 476 480 475
f 479 477 475
f 475 480 479
f 479 478 477
f 480 478 479

o APARTMENT_01_WIN_S_1.20_TOP
v 0.53500000 0.23000000 2.49500000
v 0.53500000 0.23000000 2.59500000
v 0.53500000 0.37000000 2.49500000
v 0.53500000 0.37000000 2.59500000
v 1.86500000 0.23000000 2.49500000
v 1.86500000 0.23000000 2.59500000
v 1.86500000 0.37000000 2.49500000
v 1.86500000 0.37000000 2.59500000
f 482 484 481
f 485 482 481
f 481 484 483
f 483 485 481
f 482 488 484
f 486 482 485
f 486 488 482
f 484 488 483
f 487 485 483
f 483 488 487
f 487 486 485
f 488 486 487

o APARTMENT_01_WIN_N_1.20_FRAME
v 0.62500000 6.35000000 0.92500000
v 0.62500000 6.35000000 2.47500000
v 0.62500000 6.45000000 0.92500000
v 0.62500000 6.45000000 2.47500000
v 1.77500000 6.35000000 0.92500000
v 1.77500000 6.35000000 2.47500000
v 1.77500000 6.45000000 0.92500000
v 1.77500000 6.45000000 2.47500000
f 490 492 489
f 493 490 489
f 489 492 491
f 491 493 489
f 490 496 492
f 494 490 493
f 494 496 490
f 492 496 491
f 495 493 491
f 491 496 495
f 495 494 493
f 496 494 495

o APARTMENT_01_WIN_N_1.20_GLASS
v 0.68500000 6.41000000 0.98500000
v 0.68500000 6.41000000 2.41500000
v 0.68500000 6.45000000 0.98500000
v 0.68500000 6.45000000 2.41500000
v 1.71500000 6.41000000 0.98500000
v 1.71500000 6.41000000 2.41500000
v 1.71500000 6.45000000 0.98500000
v 1.71500000 6.45000000 2.41500000
f 498 500 497
f 501 498 497
f 497 500 499
f 499 501 497
f 498 504 500
f 502 498 501
f 502 504 498
f 500 504 499
f 503 501 499
f 499 504 503
f 503 502 501
f 504 502 503

o APARTMENT_01_WIN_N_1.20_TOP
v 0.53500000 6.33000000 2.49500000
v 0.53500000 6.33000000 2.59500000
v 0.53500000 6.47000000 2.49500000
v 0.53500000 6.47000000 2.59500000
v 1.86500000 6.33000000 2.49500000
v 1.86500000 6.33000000 2.59500000
v 1.86500000 6.47000000 2.49500000
v 1.86500000 6.47000000 2.59500000
f 506 508 505
f 509 506 505
f 505 508 507
f 507 509 505
f 506 512 508
f 510 506 509
f 510 512 506
f 508 512 507
f 511 509 507
f 507 512 511
f 511 510 509
f 512 510 511

o APARTMENT_01_KITCHEN
v 0.50000000 0.87500000 0.00500000
v 0.50000000 0.87500000 0.85500000
v 0.50000000 1.52500000 0.00500000
v 0.50000000 1.52500000 0.85500000
v 2.03000000 0.87500000 0.00500000
v 2.03000000 0.87500000 0.85500000
v 2.03000000 1.52500000 0.00500000
v 2.03000000 1.52500000 0.85500000
f 514 516 513
f 517 514 513
f 513 516 515
f 515 517 513
f 514 520 516
f 518 514 517
f 518 520 514
f 516 520 515
f 519 517 515
f 515 520 519
f 519 518 517
f 520 518 519

o APARTMENT_01_BATH
v 0.70000000 1.30300000 0.00500000
v 0.70000000 1.30300000 0.45500000
v 0.70000000 2.10300000 0.00500000
v 0.70000000 2.10300000 0.45500000
v 1.80000000 1.30300000 0.00500000
v 1.80000000 1.30300000 0.45500000
v 1.80000000 2.10300000 0.00500000
v 1.80000000 2.10300000 0.45500000
f 522 524 521
f 525 522 521
f 521 524 523
f 523 525 521
f 522 528 524
f 526 522 525
f 526 528 522
f 524 528 523
f 527 525 523
f 523 528 527
f 527 526 525
f 528 526 527

o APARTMENT_02_FLOOR
v 5.55000000 0.30000000 0.00000000
v 5.55000000 0.30000000 0.10000000
v 5.55000000 6.40000000 0.00000000
v 5.55000000 6.40000000 0.10000000
v 10.00000000 0.30000000 0.00000000
v 10.00000000 0.30000000 0.10000000
v 10.00000000 6.40000000 0.00000000
v 10.00000000 6.40000000 0.10000000
f 530 532 529
f 533 530 529
f 529 532 531
f 531 533 529
f 530 536 532
f 534 530 533
f 534 536 530
f 532 536 531
f 535 533 531
f 531 536 535
f 535 534 533
f 536 534 535

o APARTMENT_02_W_S
v 5.55000000 0.24000000 0.00000000
v 5.55000000 0.24000000 3.10000000
v 5.55000000 0.36000000 0.00000000
v 5.55000000 0.36000000 3.10000000
v 10.00000000 0.24000000 0.00000000
v 10.00000000 0.24000000 3.10000000
v 10.00000000 0.36000000 0.00000000
v 10.00000000 0.36000000 3.10000000
f 538 540 537
f 541 538 537
f 537 540 539
f 539 541 537
f 538 544 540
f 542 538 541
f 542 544 538
f 540 544 539
f 543 541 539
f 539 544 543
f 543 542 541
f 544 542 543

o APARTMENT_02_W_N
v 5.55000000 6.34000000 0.00000000
v 5.55000000 6.34000000 3.10000000
v 5.55000000 6.46000000 0.00000000
v 5.55000000 6.46000000 3.10000000
v 10.00000000 6.34000000 0.00000000
v 10.00000000 6.34000000 3.10000000
v 10.00000000 6.46000000 0.00000000
v 10.00000000 6.46000000 3.10000000
f 546 548 545
f 549 546 545
f 545 548 547
f 547 549 545
f 546 552 548
f 550 546 549
f 550 552 546
f 548 552 547
f 551 549 547
f 547 552 551
f 551 550 549
f 552 550 551

o APARTMENT_02_W_W
v -3.29000000 2.50000000 0.00000000
v -3.29000000 2.50000000 3.10000000
v -3.41000000 2.50000000 0.00000000
v -3.41000000 2.50000000 3.10000000
v -3.29000000 8.60000000 0.00000000
v -3.29000000 8.60000000 3.10000000
v -3.41000000 8.60000000 0.00000000
v -3.41000000 8.60000000 3.10000000
f 554 556 553
f 557 554 553
f 553 556 555
f 555 557 553
f 554 560 556
f 558 554 557
f 558 560 554
f 556 560 555
f 559 557 555
f 555 560 559
f 559 558 557
f 560 558 559

o APARTMENT_02_W_E
v -3.29000000 6.95000000 0.00000000
v -3.29000000 6.95000000 3.10000000
v -3.41000000 6.95000000 0.00000000
v -3.41000000 6.95000000 3.10000000
v -3.29000000 13.05000000 0.00000000
v -3.29000000 13.05000000 3.10000000
v -3.41000000 13.05000000 0.00000000
v -3.41000000 13.05000000 3.10000000
f 562 564 561
f 565 562 561
f 561 564 563
f 563 565 561
f 562 568 564
f 566 562 565
f 566 568 562
f 564 568 563
f 567 565 563
f 563 568 567
f 567 566 565
f 568 566 567

o APARTMENT_02_PART_1
v 5.75000000 3.04600000 0.00000000
v 5.75000000 3.04600000 3.00000000
v 5.75000000 3.16600000 0.00000000
v 5.75000000 3.16600000 3.00000000
v 9.80000000 3.04600000 0.00000000
v 9.80000000 3.04600000 3.00000000
v 9.80000000 3.16600000 0.00000000
v 9.80000000 3.16600000 3.00000000
f 570 572 569
f 573 570 569
f 569 572 571
f 571 573 569
f 570 576 572
f 574 570 573
f 574 576 570
f 572 576 571
f 575 573 571
f 571 576 575
f 575 574 573
f 576 574 575

o APARTMENT_02_PART_2
v -1.74300000 5.80450000 0.00000000
v -1.74300000 5.80450000 3.00000000
v -1.86300000 5.80450000 0.00000000
v -1.86300000 5.80450000 3.00000000
v -1.74300000 8.41050000 0.00000000
v -1.74300000 8.41050000 3.00000000
v -1.86300000 8.41050000 0.00000000
v -1.86300000 8.41050000 3.00000000
f 578 580 577
f 581 578 577
f 577 580 579
f 579 581 577
f 578 584 580
f 582 578 581
f 582 584 578
f 580 584 579
f 583 581 579
f 579 584 583
f 583 582 581
f 584 582 583

o APARTMENT_02_WIN_S_7.78_FRAME
v 7.20000000 0.25000000 0.92500000
v 7.20000000 0.25000000 2.47500000
v 7.20000000 0.35000000 0.92500000
v 7.20000000 0.35000000 2.47500000
v 8.35000000 0.25000000 0.92500000
v 8.35000000 0.25000000 2.47500000
v 8.35000000 0.35000000 0.92500000
v 8.35000000 0.35000000 2.47500000
f 586 588 585
f 589 586 585
f 585 588 587
f 587 589 585
f 586 592 588
f 590 586 589
f 590 592 586
f 588 592 587
f 591 589 587
f 587 592 591
f 591 590 589
f 592 590 591

o APARTMENT_02_WIN_S_7.78_GLASS
v 7.26000000 0.25000000 0.98500000
v 7.26000000 0.25000000 2.41500000
v 7.26000000 0.29000000 0.98500000
v 7.26000000 0.29000000 2.41500000
v 8.29000000 0.25000000 0.98500000
v 8.29000000 0.25000000 2.41500000
v 8.29000000 0.29000000 0.98500000
v 8.29000000 0.29000000 2.41500000
f 594 596 593
f 597 594 593
f 593 596 595
f 595 597 593
f 594 600 596
f 598 594 597
f 598 600 594
f 596 600 595
f 599 597 595
f 595 600 599
f 599 598 597
f 600 598 599

o APARTMENT_02_WIN_S_7.78_TOP
v 7.11000000 0.23000000 2.49500000
v 7.11000000 0.23000000 2.59500000
v 7.11000000 0.37000000 2.49500000
v 7.11000000 0.37000000 2.59500000
v 8.44000000 0.23000000 2.49500000
v 8.44000000 0.23000000 2.59500000
v 8.44000000 0.37000000 2.49500000
v 8.44000000 0.37000000 2.59500000
f 602 604 601
f 605 602 601
f 601 604 603
f 603 605 601
f 602 608 604
f 606 602 605
f 606 608 602
f 604 608 603
f 607 605 603
f 603 608 607
f 607 606 605
f 608 606 607

o APARTMENT_02_WIN_N_7.78_FRAME
v 7.20000000 6.35000000 0.92500000
v 7.20000000 6.35000000 2.47500000
v 7.20000000 6.45000000 0.92500000
v 7.20000000 6.45000000 2.47500000
v 8.35000000 6.35000000 0.92500000
v 8.35000000 6.35000000 2.47500000
v 8.35000000 6.45000000 0.92500000
v 8.35000000 6.45000000 2.47500000
f 610 612 609
f 613 610 609
f 609 612 611
f 611 613 609
f 610 616 612
f 614 610 613
f 614 616 610
f 612 616 611
f 615 613 611
f 611 616 615
f 615 614 613
f 616 614 615

o APARTMENT_02_WIN_N_7.78_GLASS
v 7.26000000 6.41000000 0.98500000
v 7.26000000 6.41000000 2.41500000
v 7.26000000 6.45000000 0.98500000
v 7.26000000 6.45000000 2.41500000
v 8.29000000 6.41000000 0.98500000
v 8.29000000 6.41000000 2.41500000
v 8.29000000 6.45000000 0.98500000
v 8.29000000 6.45000000 2.41500000
f 618 620 617
f 621 618 617
f 617 620 619
f 619 621 617
f 618 624 620
f 622 618 621
f 622 624 618
f 620 624 619
f 623 621 619
f 619 624 623
f 623 622 621
f 624 622 623

o APARTMENT_02_WIN_N_7.78_TOP
v 7.11000000 6.33000000 2.49500000
v 7.11000000 6.33000000 2.59500000
v 7.11000000 6.47000000 2.49500000
v 7.11000000 6.47000000 2.59500000
v 8.44000000 6.33000000 2.49500000
v 8.44000000 6.33000000 2.59500000
v 8.44000000 6.47000000 2.49500000
v 8.44000000 6.47000000 2.59500000
f 626 628 625
f 629 626 625
f 625 628 627
f 627 629 625
f 626 632 628
f 630 626 629
f 630 632 626
f 628 632 627
f 631 629 627
f 627 632 631
f 631 630 629
f 632 630 631

o APARTMENT_02_WIN_S_6.45_FRAME
v 5.87500000 0.25000000 0.92500000
v 5.87500000 0.25000000 2.47500000
v 5.87500000 0.35000000 0.92500000
v 5.87500000 0.35000000 2.47500000
v 7.02500000 0.25000000 0.92500000
v 7.02500000 0.25000000 2.47500000
v 7.02500000 0.35000000 0.92500000
v 7.02500000 0.35000000 2.47500000
f 634 636 633
f 637 634 633
f 633 636 635
f 635 637 633
f 634 640 636
f 638 634 637
f 638 640 634
f 636 640 635
f 639 637 635
f 635 640 639
f 639 638 637
f 640 638 639

o APARTMENT_02_WIN_S_6.45_GLASS
v 5.93500000 0.25000000 0.98500000
v 5.93500000 0.25000000 2.41500000
v 5.93500000 0.29000000 0.98500000
v 5.93500000 0.29000000 2.41500000
v 6.96500000 0.25000000 0.98500000
v 6.96500000 0.25000000 2.41500000
v 6.96500000 0.29000000 0.98500000
v 6.96500000 0.29000000 2.41500000
f 642 644 641
f 645 642 641
f 641 644 643
f 643 645 641
f 642 648 644
f 646 642 645
f 646 648 642
f 644 648 643
f 647 645 643
f 643 648 647
f 647 646 645
f 648 646 647

o APARTMENT_02_WIN_S_6.45_TOP
v 5.78500000 0.23000000 2.49500000
v 5.78500000 0.23000000 2.59500000
v 5.78500000 0.37000000 2.49500000
v 5.78500000 0.37000000 2.59500000
v 7.11500000 0.23000000 2.49500000
v 7.11500000 0.23000000 2.59500000
v 7.11500000 0.37000000 2.49500000
v 7.11500000 0.37000000 2.59500000
f 650 652 649
f 653 650 649
f 649 652 651
f 651 653 649
f 650 656 652
f 654 650 653
f 654 656 650
f 652 656 651
f 655 653 651
f 651 656 655
f 655 654 653
f 656 654 655

o APARTMENT_02_WIN_N_6.45_FRAME
v 5.87500000 6.35000000 0.92500000
v 5.87500000 6.35000000 2.47500000
v 5.87500000 6.45000000 0.92500000
v 5.87500000 6.45000000 2.47500000
v 7.02500000 6.35000000 0.92500000
v 7.02500000 6.35000000 2.47500000
v 7.02500000 6.45000000 0.92500000
v 7.02500000 6.45000000 2.47500000
f 658 660 657
f 661 658 657
f 657 660 659
f 659 661 657
f 658 664 660
f 662 658 661
f 662 664 658
f 660 664 659
f 663 661 659
f 659 664 663
f 663 662 661
f 664 662 663

o APARTMENT_02_WIN_N_6.45_GLASS
v 5.93500000 6.41000000 0.98500000
v 5.93500000 6.41000000 2.41500000
v 5.93500000 6.45000000 0.98500000
v 5.93500000 6.45000000 2.41500000
v 6.96500000 6.41000000 0.98500000
v 6.96500000 6.41000000 2.41500000
v 6.96500000 6.45000000 0.98500000
v 6.96500000 6.45000000 2.41500000
f 666 668 665
f 669 666 665
f 665 668 667
f 667 669 665
f 666 672 668
f 670 666 669
f 670 672 666
f 668 672 667
f 671 669 667
f 667 672 671
f 671 670 669
f 672 670 671

o APARTMENT_02_WIN_N_6.45_TOP
v 5.78500000 6.33000000 2.49500000
v 5.78500000 6.33000000 2.59500000
v 5.78500000 6.47000000 2.49500000
v 5.78500000 6.47000000 2.59500000
v 7.11500000 6.33000000 2.49500000
v 7.11500000 6.33000000 2.59500000
v 7.11500000 6.47000000 2.49500000
v 7.11500000 6.47000000 2.59500000
f 674 676 673
f 677 674 673
f 673 676 675
f 675 677 673
f 674 680 676
f 678 674 677
f 678 680 674
f 676 680 675
f 679 677 675
f 675 680 679
f 679 678 677
f 680 678 679

o APARTMENT_02_KITCHEN
v 5.75000000 0.87500000 0.00500000
v 5.75000000 0.87500000 0.85500000
v 5.75000000 1.52500000 0.00500000
v 5.75000000 1.52500000 0.85500000
v 7.08500000 0.87500000 0.00500000
v 7.08500000 0.87500000 0.85500000
v 7.08500000 1.52500000 0.00500000
v 7.08500000 1.52500000 0.85500000
f 682 684 681
f 685 682 681
f 681 684 683
f 683 685 681
f 682 688 684
f 686 682 685
f 686 688 682
f 684 688 683
f 687 685 683
f 683 688 687
f 687 686 685
f 688 686 687

o APARTMENT_02_BATH
v 5.95000000 1.30300000 0.00500000
v 5.95000000 1.30300000 0.45500000
v 5.95000000 2.10300000 0.00500000
v 5.95000000 2.10300000 0.45500000
v 7.05000000 1.30300000 0.00500000
v 7.05000000 1.30300000 0.45500000
v 7.05000000 2.10300000 0.00500000
v 7.05000000 2.10300000 0.45500000
f 690 692 689
f 693 690 689
f 689 692 691
f 691 693 689
f 690 696 692
f 694 690 693
f 694 696 690
f 692 696 691
f 695 693 691
f 691 696 695
f 695 694 693
f 696 694 695

o APARTMENT_03_FLOOR
v 10.15000000 0.30000000 0.00000000
v 10.15000000 0.30000000 0.10000000
v 10.15000000 13.40000000 0.00000000
v 10.15000000 13.40000000 0.10000000
v 13.50000000 0.30000000 0.00000000
v 13.50000000 0.30000000 0.10000000
v 13.50000000 13.40000000 0.00000000
v 13.50000000 13.40000000 0.10000000
f 698 700 697
f 701 698 697
f 697 700 699
f 699 701 697
f 698 704 700
f 702 698 701
f 702 704 698
f 700 704 699
f 703 701 699
f 699 704 703
f 703 702 701
f 704 702 703

o APARTMENT_03_W_S
v 10.15000000 0.24000000 0.00000000
v 10.15000000 0.24000000 3.10000000
v 10.15000000 0.36000000 0.00000000
v 10.15000000 0.36000000 3.10000000
v 13.50000000 0.24000000 0.00000000
v 13.50000000 0.24000000 3.10000000
v 13.50000000 0.36000000 0.00000000
v 13.50000000 0.36000000 3.10000000
f 706 708 705
f 709 706 705
f 705 708 707
f 707 709 705
f 706 712 708
f 710 706 709
f 710 712 706
f 708 712 707
f 711 709 707
f 707 712 711
f 711 710 709
f 712 710 711

o APARTMENT_03_W_N
v 10.15000000 13.34000000 0.00000000
v 10.15000000 13.34000000 3.10000000
v 10.15000000 13.46000000 0.00000000
v 10.15000000 13.46000000 3.10000000
v 13.50000000 13.34000000 0.00000000
v 13.50000000 13.34000000 3.10000000
v 13.50000000 13.46000000 0.00000000
v 13.50000000 13.46000000 3.10000000
f 714 716 713
f 717 714 713
f 713 716 715
f 715 717 713
f 714 720 716
f 718 714 717
f 718 720 714
f 716 720 715
f 719 717 715
f 715 720 719
f 719 718 717
f 720 718 719

o APARTMENT_03_W_W
v -6.79000000 3.60000000 0.00000000
v -6.79000000 3.60000000 3.10000000
v -6.91000000 3.60000000 0.00000000
v -6.91000000 3.60000000 3.10000000
v -6.79000000 16.70000000 0.00000000
v -6.79000000 16.70000000 3.10000000
v -6.91000000 16.70000000 0.00000000
v -6.91000000 16.70000000 3.10000000
f 722 724 721
f 725 722 721
f 721 724 723
f 723 725 721
f 722 728 724
f 726 722 725
f 726 728 722
f 724 728 723
f 727 725 723
f 723 728 727
f 727 726 725
f 728 726 727

o APARTMENT_03_W_E
v -6.79000000 6.95000000 0.00000000
v -6.79000000 6.95000000 3.10000000
v -6.91000000 6.95000000 0.00000000
v -6.91000000 6.95000000 3.10000000
v -6.79000000 20.05000000 0.00000000
v -6.79000000 20.05000000 3.10000000
v -6.91000000 20.05000000 0.00000000
v -6.91000000 20.05000000 3.10000000
f 730 732 729
f 733 730 729
f 729 732 731
f 731 733 729
f 730 736 732
f 734 730 733
f 734 736 730
f 732 736 731
f 735 733 731
f 731 736 735
f 735 734 733
f 736 734 735

o APARTMENT_03_PART_1
v 10.35000000 6.26600000 0.00000000
v 10.35000000 6.26600000 3.00000000
v 10.35000000 6.38600000 0.00000000
v 10.35000000 6.38600000 3.00000000
v 13.30000000 6.26600000 0.00000000
v 13.30000000 6.26600000 3.00000000
v 13.30000000 6.38600000 0.00000000
v 13.30000000 6.38600000 3.00000000
f 738 740 737
f 741 738 737
f 737 740 739
f 739 741 737
f 738 744 740
f 742 738 741
f 742 744 738
f 740 744 739
f 743 741 739
f 739 744 743
f 743 742 741
f 744 742 743

o APARTMENT_03_PART_2
v -3.35300000 8.40950000 0.00000000
v -3.35300000 8.40950000 3.00000000
v -3.47300000 8.40950000 0.00000000
v -3.47300000 8.40950000 3.00000000
v -3.35300000 14.23550000 0.00000000
v -3.35300000 14.23550000 3.00000000
v -3.47300000 14.23550000 0.00000000
v -3.47300000 14.23550000 3.00000000
f 746 748 745
f 749 746 745
f 745 748 747
f 747 749 745
f 746 752 748
f 750 746 749
f 750 752 746
f 748 752 747
f 751 749 747
f 747 752 751
f 751 750 749
f 752 750 751

o APARTMENT_03_WIN_S_11.82_FRAME
v 11.25000000 0.25000000 0.92500000
v 11.25000000 0.25000000 2.47500000
v 11.25000000 0.35000000 0.92500000
v 11.25000000 0.35000000 2.47500000
v 12.40000000 0.25000000 0.92500000
v 12.40000000 0.25000000 2.47500000
v 12.40000000 0.35000000 0.92500000
v 12.40000000 0.35000000 2.47500000
f 754 756 753
f 757 754 753
f 753 756 755
f 755 757 753
f 754 760 756
f 758 754 757
f 758 760 754
f 756 760 755
f 759 757 755
f 755 760 759
f 759 758 757
f 760 758 759

o APARTMENT_03_WIN_S_11.82_GLASS
v 11.31000000 0.25000000 0.98500000
v 11.31000000 0.25000000 2.41500000
v 11.31000000 0.29000000 0.98500000
v 11.31000000 0.29000000 2.41500000
v 12.34000000 0.25000000 0.98500000
v 12.34000000 0.25000000 2.41500000
v 12.34000000 0.29000000 0.98500000
v 12.34000000 0.29000000 2.41500000
f 762 764 761
f 765 762 761
f 761 764 763
f 763 765 761
f 762 768 764
f 766 762 765
f 766 768 762
f 764 768 763
f 767 765 763
f 763 768 767
f 767 766 765
f 768 766 767

o APARTMENT_03_WIN_S_11.82_TOP
v 11.16000000 0.23000000 2.49500000
v 11.16000000 0.23000000 2.59500000
v 11.16000000 0.37000000 2.49500000
v 11.16000000 0.37000000 2.59500000
v 12.49000000 0.23000000 2.49500000
v 12.49000000 0.23000000 2.59500000
v 12.49000000 0.37000000 2.49500000
v 12.49000000 0.37000000 2.59500000
f 770 772 769
f 773 770 769
f 769 772 771
f 771 773 769
f 770 776 772
f 774 770 773
f 774 776 770
f 772 776 771
f 775 773 771
f 771 776 775
f 775 774 773
f 776 774 775

o APARTMENT_03_WIN_N_11.82_FRAME
v 11.25000000 13.35000000 0.92500000
v 11.25000000 13.35000000 2.47500000
v 11.25000000 13.45000000 0.92500000
v 11.25000000 13.45000000 2.47500000
v 12.40000000 13.35000000 0.92500000
v 12.40000000 13.35000000 2.47500000
v 12.40000000 13.45000000 0.92500000
v 12.40000000 13.45000000 2.47500000
f 778 780 777
f 781 778 777
f 777 780 779
f 779 781 777
f 778 784 780
f 782 778 781
f 782 784 778
f 780 784 779
f 783 781 779
f 779 784 783
f 783 782 781
f 784 782 783

o APARTMENT_03_WIN_N_11.82_GLASS
v 11.31000000 13.41000000 0.98500000
v 11.31000000 13.41000000 2.41500000
v 11.31000000 13.45000000 0.98500000
v 11.31000000 13.45000000 2.41500000
v 12.34000000 13.41000000 0.98500000
v 12.34000000 13.41000000 2.41500000
v 12.34000000 13.45000000 0.98500000
v 12.34000000 13.45000000 2.41500000
f 786 788 785
f 789 786 785
f 785 788 787
f 787 789 785
f 786 792 788
f 790 786 789
f 790 792 786
f 788 792 787
f 791 789 787
f 787 792 791
f 791 790 789
f 792 790 791

o APARTMENT_03_WIN_N_11.82_TOP
v 11.16000000 13.33000000 2.49500000
v 11.16000000 13.33000000 2.59500000
v 11.16000000 13.47000000 2.49500000
v 11.16000000 13.47000000 2.59500000
v 12.49000000 13.33000000 2.49500000
v 12.49000000 13.33000000 2.59500000
v 12.49000000 13.47000000 2.49500000
v 12.49000000 13.47000000 2.59500000
f 794 796 793
f 797 794 793
f 793 796 795
f 795 797 793
f 794 800 796
f 798 794 797
f 798 800 794
f 796 800 795
f 799 797 795
f 795 800 799
f 799 798 797
f 800 798 799

o APARTMENT_03_WIN_S_11.05_FRAME
v 10.47500000 0.25000000 0.92500000
v 10.47500000 0.25000000 2.47500000
v 10.47500000 0.35000000 0.92500000
v 10.47500000 0.35000000 2.47500000
v 11.62500000 0.25000000 0.92500000
v 11.62500000 0.25000000 2.47500000
v 11.62500000 0.35000000 0.92500000
v 11.62500000 0.35000000 2.47500000
f 802 804 801
f 805 802 801
f 801 804 803
f 803 805 801
f 802 808 804
f 806 802 805
f 806 808 802
f 804 808 803
f 807 805 803
f 803 808 807
f 807 806 805
f 808 806 807

o APARTMENT_03_WIN_S_11.05_GLASS
v 10.53500000 0.25000000 0.98500000
v 10.53500000 0.25000000 2.41500000
v 10.53500000 0.29000000 0.98500000
v 10.53500000 0.29000000 2.41500000
v 11.56500000 0.25000000 0.98500000
v 11.56500000 0.25000000 2.41500000
v 11.56500000 0.29000000 0.98500000
v 11.56500000 0.29000000 2.41500000
f 810 812 809
f 813 810 809
f 809 812 811
f 811 813 809
f 810 816 812
f 814 810 813
f 814 816 810
f 812 816 811
f 815 813 811
f 811 816 815
f 815 814 813
f 816 814 815

o APARTMENT_03_WIN_S_11.05_TOP
v 10.38500000 0.23000000 2.49500000
v 10.38500000 0.23000000 2.59500000
v 10.38500000 0.37000000 2.49500000
v 10.38500000 0.37000000 2.59500000
v 11.71500000 0.23000000 2.49500000
v 11.71500000 0.23000000 2.59500000
v 11.71500000 0.37000000 2.49500000
v 11.71500000 0.37000000 2.59500000
f 818 820 817
f 821 818 817
f 817 820 819
f 819 821 817
f 818 824 820
f 822 818 821
f 822 824 818
f 820 824 819
f 823 821 819
f 819 824 823
f 823 822 821
f 824 822 823

o APARTMENT_03_WIN_N_11.05_FRAME
v 10.47500000 13.35000000 0.92500000
v 10.47500000 13.35000000 2.47500000
v 10.47500000 13.45000000 0.92500000
v 10.47500000 13.45000000 2.47500000
v 11.62500000 13.35000000 0.92500000
v 11.62500000 13.35000000 2.47500000
v 11.62500000 13.45000000 0.92500000
v 11.62500000 13.45000000 2.47500000
f 826 828 825
f 829 826 825
f 825 828 827
f 827 829 825
f 826 832 828
f 830 826 829
f 830 832 826
f 828 832 827
f 831 829 827
f 827 832 831
f 831 830 829
f 832 830 831

o APARTMENT_03_WIN_N_11.05_GLASS
v 10.53500000 13.41000000 0.98500000
v 10.53500000 13.41000000 2.41500000
v 10.53500000 13.45000000 0.98500000
v 10.53500000 13.45000000 2.41500000
v 11.56500000 13.41000000 0.98500000
v 11.56500000 13.41000000 2.41500000
v 11.56500000 13.45000000 0.98500000
v 11.56500000 13.45000000 2.41500000
f 834 836 833
f 837 834 833
f 833 836 835
f 835 837 833
f 834 840 836
f 838 834 837
f 838 840 834
f 836 840 835
f 839 837 835
f 835 840 839
f 839 838 837
f 840 838 839

o APARTMENT_03_WIN_N_11.05_TOP
v 10.38500000 13.33000000 2.49500000
v 10.38500000 13.33000000 2.59500000
v 10.38500000 13.47000000 2.49500000
v 10.38500000 13.47000000 2.59500000
v 11.71500000 13.33000000 2.49500000
v 11.71500000 13.33000000 2.59500000
v 11.71500000 13.47000000 2.49500000
v 11.71500000 13.47000000 2.59500000
f 842 844 841
f 845 842 841
f 841 844 843
f 843 845 841
f 842 848 844
f 846 842 845
f 846 848 842
f 844 848 843
f 847 845 843
f 843 848 847
f 847 846 845
f 848 846 847

o APARTMENT_03_BALCONY_SLAbove
v 10.98750000 13.40000000 0.46000000
v 10.98750000 13.40000000 0.64000000
v 10.98750000 14.50000000 0.46000000
v 10.98750000 14.50000000 0.64000000
v 12.66250000 13.40000000 0.46000000
v 12.66250000 13.40000000 0.64000000
v 12.66250000 14.50000000 0.46000000
v 12.66250000 14.50000000 0.64000000
f 850 852 849
f 853 850 849
f 849 852 851
f 851 853 849
f 850 856 852
f 854 850 853
f 854 856 850
f 852 856 851
f 855 853 851
f 851 856 855
f 855 854 853
f 856 854 855

o APARTMENT_03_BAL_RAIL_TOP
v 10.98750000 14.44000000 1.11000000
v 10.98750000 14.44000000 1.19000000
v 10.98750000 14.52000000 1.11000000
v 10.98750000 14.52000000 1.19000000
v 12.66250000 14.44000000 1.11000000
v 12.66250000 14.44000000 1.19000000
v 12.66250000 14.52000000 1.11000000
v 12.66250000 14.52000000 1.19000000
f 858 860 857
f 861 858 857
f 857 860 859
f 859 861 857
f 858 864 860
f 862 858 861
f 862 864 858
f 860 864 859
f 863 861 859
f 859 864 863
f 863 862 861
f 864 862 863

o APARTMENT_03_BAL_RAIL_11.0
v 10.96500000 14.45750000 0.42500000
v 10.96500000 14.45750000 1.17500000
v 10.96500000 14.50250000 0.42500000
v 10.96500000 14.50250000 1.17500000
v 11.01000000 14.45750000 0.42500000
v 11.01000000 14.45750000 1.17500000
v 11.01000000 14.50250000 0.42500000
v 11.01000000 14.50250000 1.17500000
f 866 868 865
f 869 866 865
f 865 868 867
f 867 869 865
f 866 872 868
f 870 866 869
f 870 872 866
f 868 872 867
f 871 869 867
f 867 872 871
f 871 870 869
f 872 870 871

o APARTMENT_03_BAL_RAIL_11.8
v 11.80250000 14.45750000 0.42500000
v 11.80250000 14.45750000 1.17500000
v 11.80250000 14.50250000 0.42500000
v 11.80250000 14.50250000 1.17500000
v 11.84750000 14.45750000 0.42500000
v 11.84750000 14.45750000 1.17500000
v 11.84750000 14.50250000 0.42500000
v 11.84750000 14.50250000 1.17500000
f 874 876 873
f 877 874 873
f 873 876 875
f 875 877 873
f 874 880 876
f 878 874 877
f 878 880 874
f 876 880 875
f 879 877 875
f 875 880 879
f 879 878 877
f 880 878 879

o APARTMENT_03_BAL_RAIL_12.7
v 12.64000000 14.45750000 0.42500000
v 12.64000000 14.45750000 1.17500000
v 12.64000000 14.50250000 0.42500000
v 12.64000000 14.50250000 1.17500000
v 12.68500000 14.45750000 0.42500000
v 12.68500000 14.45750000 1.17500000
v 12.68500000 14.50250000 0.42500000
v 12.68500000 14.50250000 1.17500000
f 882 884 881
f 885 882 881
f 881 884 883
f 883 885 881
f 882 888 884
f 886 882 885
f 886 888 882
f 884 888 883
f 887 885 883
f 883 888 887
f 887 886 885
f 888 886 887

o APARTMENT_03_KITCHEN
v 10.35000000 0.87500000 0.00500000
v 10.35000000 0.87500000 0.85500000
v 10.35000000 1.52500000 0.00500000
v 10.35000000 1.52500000 0.85500000
v 11.35500000 0.87500000 0.00500000
v 11.35500000 0.87500000 0.85500000
v 11.35500000 1.52500000 0.00500000
v 11.35500000 1.52500000 0.85500000
f 890 892 889
f 893 890 889
f 889 892 891
f 891 893 889
f 890 896 892
f 894 890 893
f 894 896 890
f 892 896 891
f 895 893 891
f 891 896 895
f 895 894 893
f 896 894 895

o APARTMENT_03_BATH
v 10.55000000 2.91300000 0.00500000
v 10.55000000 2.91300000 0.45500000
v 10.55000000 3.71300000 0.00500000
v 10.55000000 3.71300000 0.45500000
v 11.65000000 2.91300000 0.00500000
v 11.65000000 2.91300000 0.45500000
v 11.65000000 3.71300000 0.00500000
v 11.65000000 3.71300000 0.45500000
f 898 900 897
f 901 898 897
f 897 900 899
f 899 901 897
f 898 904 900
f 902 898 901
f 902 904 898
f 900 904 899
f 903 901 899
f 899 904 903
f 903 902 901
f 904 902 903

o GROUND_FLOOR_CORE
v 6.97500000 5.12500000 0.00000000
v 6.97500000 5.12500000 0.10000000
v 6.97500000 8.67500000 0.00000000
v 6.97500000 8.67500000 0.10000000
v 10.22500000 5.12500000 0.00000000
v 10.22500000 5.12500000 0.10000000
v 10.22500000 8.67500000 0.00000000
v 10.22500000 8.67500000 0.10000000
f 906 908 905
f 909 906 905
f 905 908 907
f 907 909 905
f 906 912 908
f 910 906 909
f 910 912 906
f 908 912 907
f 911 909 907
f 907 912 911
f 911 910 909
f 912 910 911

o FLOOR_1_SLAB
v 0.00000000 0.00000000 3.10000000
v 0.00000000 0.00000000 3.30000000
v 0.00000000 13.80000000 3.10000000
v 0.00000000 13.80000000 3.30000000
v 13.80000000 0.00000000 3.10000000
v 13.80000000 0.00000000 3.30000000
v 13.80000000 13.80000000 3.10000000
v 13.80000000 13.80000000 3.30000000
f 914 916 913
f 917 914 913
f 913 916 915
f 915 917 913
f 914 920 916
f 918 914 917
f 918 920 914
f 916 920 915
f 919 917 915
f 915 920 919
f 919 918 917
f 920 918 919

o FLOOR_1_OUT_S
v 0.00000000 -0.15000000 3.30000000
v 0.00000000 -0.15000000 6.40000000
v 0.00000000 0.15000000 3.30000000
v 0.00000000 0.15000000 6.40000000
v 13.80000000 -0.15000000 3.30000000
v 13.80000000 -0.15000000 6.40000000
v 13.80000000 0.15000000 3.30000000
v 13.80000000 0.15000000 6.40000000
f 922 924 921
f 925 922 921
f 921 924 923
f 923 925 921
f 922 928 924
f 926 922 925
f 926 928 922
f 924 928 923
f 927 925 923
f 923 928 927
f 927 926 925
f 928 926 927

o FLOOR_1_OUT_N
v 0.00000000 13.65000000 3.30000000
v 0.00000000 13.65000000 6.40000000
v 0.00000000 13.95000000 3.30000000
v 0.00000000 13.95000000 6.40000000
v 13.80000000 13.65000000 3.30000000
v 13.80000000 13.65000000 6.40000000
v 13.80000000 13.95000000 3.30000000
v 13.80000000 13.95000000 6.40000000
f 930 932 929
f 933 930 929
f 929 932 931
f 931 933 929
f 930 936 932
f 934 930 933
f 934 936 930
f 932 936 931
f 935 933 931
f 931 936 935
f 935 934 933
f 936 934 935

o FLOOR_1_OUT_W
v -6.75000000 -6.90000000 3.30000000
v -6.75000000 -6.90000000 6.40000000
v -7.05000000 -6.90000000 3.30000000
v -7.05000000 -6.90000000 6.40000000
v -6.75000000 6.90000000 3.30000000
v -6.75000000 6.90000000 6.40000000
v -7.05000000 6.90000000 3.30000000
v -7.05000000 6.90000000 6.40000000
f 938 940 937
f 941 938 937
f 937 940 939
f 939 941 937
f 938 944 940
f 942 938 941
f 942 944 938
f 940 944 939
f 943 941 939
f 939 944 943
f 943 942 941
f 944 942 943

o FLOOR_1_OUT_E
v -6.75000000 6.90000000 3.30000000
v -6.75000000 6.90000000 6.40000000
v -7.05000000 6.90000000 3.30000000
v -7.05000000 6.90000000 6.40000000
v -6.75000000 20.70000000 3.30000000
v -6.75000000 20.70000000 6.40000000
v -7.05000000 20.70000000 3.30000000
v -7.05000000 20.70000000 6.40000000
f 946 948 945
f 949 946 945
f 945 948 947
f 947 949 945
f 946 952 948
f 950 946 949
f 950 952 946
f 948 952 947
f 951 949 947
f 947 952 951
f 951 950 949
f 952 950 951

o APARTMENT_04_FLOOR
v 0.30000000 7.20000000 3.30000000
v 0.30000000 7.20000000 3.40000000
v 0.30000000 13.50000000 3.30000000
v 0.30000000 13.50000000 3.40000000
v 4.95000000 7.20000000 3.30000000
v 4.95000000 7.20000000 3.40000000
v 4.95000000 13.50000000 3.30000000
v 4.95000000 13.50000000 3.40000000
f 954 956 953
f 957 954 953
f 953 956 955
f 955 957 953
f 954 960 956
f 958 954 957
f 958 960 954
f 956 960 955
f 959 957 955
f 955 960 959
f 959 958 957
f 960 958 959

o APARTMENT_04_W_S
v 0.30000000 7.14000000 3.30000000
v 0.30000000 7.14000000 6.40000000
v 0.30000000 7.26000000 3.30000000
v 0.30000000 7.26000000 6.40000000
v 4.95000000 7.14000000 3.30000000
v 4.95000000 7.14000000 6.40000000
v 4.95000000 7.26000000 3.30000000
v 4.95000000 7.26000000 6.40000000
f 962 964 961
f 965 962 961
f 961 964 963
f 963 965 961
f 962 968 964
f 966 962 965
f 966 968 962
f 964 968 963
f 967 965 963
f 963 968 967
f 967 966 965
f 968 966 967

o APARTMENT_04_W_N
v 0.30000000 13.44000000 3.30000000
v 0.30000000 13.44000000 6.40000000
v 0.30000000 13.56000000 3.30000000
v 0.30000000 13.56000000 6.40000000
v 4.95000000 13.44000000 3.30000000
v 4.95000000 13.44000000 6.40000000
v 4.95000000 13.56000000 3.30000000
v 4.95000000 13.56000000 6.40000000
f 970 972 969
f 973 970 969
f 969 972 971
f 971 973 969
f 970 976 972
f 974 970 973
f 974 976 970
f 972 976 971
f 975 973 971
f 971 976 975
f 975 974 973
f 976 974 975

o APARTMENT_04_W_W
v -10.29000000 -2.85000000 3.30000000
v -10.29000000 -2.85000000 6.40000000
v -10.41000000 -2.85000000 3.30000000
v -10.41000000 -2.85000000 6.40000000
v -10.29000000 3.45000000 3.30000000
v -10.29000000 3.45000000 6.40000000
v -10.41000000 3.45000000 3.30000000
v -10.41000000 3.45000000 6.40000000
f 978 980 977
f 981 978 977
f 977 980 979
f 979 981 977
f 978 984 980
f 982 978 981
f 982 984 978
f 980 984 979
f 983 981 979
f 979 984 983
f 983 982 981
f 984 982 983

o APARTMENT_04_W_E
v -10.29000000 1.80000000 3.30000000
v -10.29000000 1.80000000 6.40000000
v -10.41000000 1.80000000 3.30000000
v -10.41000000 1.80000000 6.40000000
v -10.29000000 8.10000000 3.30000000
v -10.29000000 8.10000000 6.40000000
v -10.41000000 8.10000000 3.30000000
v -10.41000000 8.10000000 6.40000000
f 986 988 985
f 989 986 985
f 985 988 987
f 987 989 985
f 986 992 988
f 990 986 989
f 990 992 986
f 988 992 987
f 991 989 987
f 987 992 991
f 991 990 989
f 992 990 991

o APARTMENT_04_PART_1
v 0.50000000 10.03800000 3.30000000
v 0.50000000 10.03800000 6.30000000
v 0.50000000 10.15800000 3.30000000
v 0.50000000 10.15800000 6.30000000
v 4.75000000 10.03800000 3.30000000
v 4.75000000 10.03800000 6.30000000
v 4.75000000 10.15800000 3.30000000
v 4.75000000 10.15800000 6.30000000
f 994 996 993
f 997 994 993
f 993 996 995
f 995 997 993
f 994 1000 996
f 998 994 997
f 998 1000 994
f 996 1000 995
f 999 997 995
f 995 1000 999
f 999 998 997
f 1000 998 999

o APARTMENT_04_PART_2
v -8.68900000 0.57850000 3.30000000
v -8.68900000 0.57850000 6.30000000
v -8.80900000 0.57850000 3.30000000
v -8.80900000 0.57850000 6.30000000
v -8.68900000 3.27650000 3.30000000
v -8.68900000 3.27650000 6.30000000
v -8.80900000 3.27650000 3.30000000
v -8.80900000 3.27650000 6.30000000
f 1002 1004 1001
f 1005 1002 1001
f 1001 1004 1003
f 1003 1005 1001
f 1002 1008 1004
f 1006 1002 1005
f 1006 1008 1002
f 1004 1008 1003
f 1007 1005 1003
f 1003 1008 1007
f 1007 1006 1005
f 1008 1006 1007

o APARTMENT_04_WIN_S_2.62_FRAME
v 2.05000000 7.15000000 4.22500000
v 2.05000000 7.15000000 5.77500000
v 2.05000000 7.25000000 4.22500000
v 2.05000000 7.25000000 5.77500000
v 3.20000000 7.15000000 4.22500000
v 3.20000000 7.15000000 5.77500000
v 3.20000000 7.25000000 4.22500000
v 3.20000000 7.25000000 5.77500000
f 1010 1012 1009
f 1013 1010 1009
f 1009 1012 1011
f 1011 1013 1009
f 1010 1016 1012
f 1014 1010 1013
f 1014 1016 1010
f 1012 1016 1011
f 1015 1013 1011
f 1011 1016 1015
f 1015 1014 1013
f 1016 1014 1015

o APARTMENT_04_WIN_S_2.62_GLASS
v 2.11000000 7.15000000 4.28500000
v 2.11000000 7.15000000 5.71500000
v 2.11000000 7.19000000 4.28500000
v 2.11000000 7.19000000 5.71500000
v 3.14000000 7.15000000 4.28500000
v 3.14000000 7.15000000 5.71500000
v 3.14000000 7.19000000 4.28500000
v 3.14000000 7.19000000 5.71500000
f 1018 1020 1017
f 1021 1018 1017
f 1017 1020 1019
f 1019 1021 1017
f 1018 1024 1020
f 1022 1018 1021
f 1022 1024 1018
f 1020 1024 1019
f 1023 1021 1019
f 1019 1024 1023
f 1023 1022 1021
f 1024 1022 1023

o APARTMENT_04_WIN_S_2.62_TOP
v 1.96000000 7.13000000 5.79500000
v 1.96000000 7.13000000 5.89500000
v 1.96000000 7.27000000 5.79500000
v 1.96000000 7.27000000 5.89500000
v 3.29000000 7.13000000 5.79500000
v 3.29000000 7.13000000 5.89500000
v 3.29000000 7.27000000 5.79500000
v 3.29000000 7.27000000 5.89500000
f 1026 1028 1025
f 1029 1026 1025
f 1025 1028 1027
f 1027 1029 1025
f 1026 1032 1028
f 1030 1026 1029
f 1030 1032 1026
f 1028 1032 1027
f 1031 1029 1027
f 1027 1032 1031
f 1031 1030 1029
f 1032 1030 1031

o APARTMENT_04_WIN_N_2.62_FRAME
v 2.05000000 13.45000000 4.22500000
v 2.05000000 13.45000000 5.77500000
v 2.05000000 13.55000000 4.22500000
v 2.05000000 13.55000000 5.77500000
v 3.20000000 13.45000000 4.22500000
v 3.20000000 13.45000000 5.77500000
v 3.20000000 13.55000000 4.22500000
v 3.20000000 13.55000000 5.77500000
f 1034 1036 1033
f 1037 1034 1033
f 1033 1036 1035
f 1035 1037 1033
f 1034 1040 1036
f 1038 1034 1037
f 1038 1040 1034
f 1036 1040 1035
f 1039 1037 1035
f 1035 1040 1039
f 1039 1038 1037
f 1040 1038 1039

o APARTMENT_04_WIN_N_2.62_GLASS
v 2.11000000 13.51000000 4.28500000
v 2.11000000 13.51000000 5.71500000
v 2.11000000 13.55000000 4.28500000
v 2.11000000 13.55000000 5.71500000
v 3.14000000 13.51000000 4.28500000
v 3.14000000 13.51000000 5.71500000
v 3.14000000 13.55000000 4.28500000
v 3.14000000 13.55000000 5.71500000
f 1042 1044 1041
f 1045 1042 1041
f 1041 1044 1043
f 1043 1045 1041
f 1042 1048 1044
f 1046 1042 1045
f 1046 1048 1042
f 1044 1048 1043
f 1047 1045 1043
f 1043 1048 1047
f 1047 1046 1045
f 1048 1046 1047

o APARTMENT_04_WIN_N_2.62_TOP
v 1.96000000 13.43000000 5.79500000
v 1.96000000 13.43000000 5.89500000
v 1.96000000 13.57000000 5.79500000
v 1.96000000 13.57000000 5.89500000
v 3.29000000 13.43000000 5.79500000
v 3.29000000 13.43000000 5.89500000
v 3.29000000 13.57000000 5.79500000
v 3.29000000 13.57000000 5.89500000
f 1050 1052 1049
f 1053 1050 1049
f 1049 1052 1051
f 1051 1053 1049
f 1050 1056 1052
f 1054 1050 1053
f 1054 1056 1050
f 1052 1056 1051
f 1055 1053 1051
f 1051 1056 1055
f 1055 1054 1053
f 1056 1054 1055

o APARTMENT_04_WIN_S_1.20_FRAME
v 0.62500000 7.15000000 4.22500000
v 0.62500000 7.15000000 5.77500000
v 0.62500000 7.25000000 4.22500000
v 0.62500000 7.25000000 5.77500000
v 1.77500000 7.15000000 4.22500000
v 1.77500000 7.15000000 5.77500000
v 1.77500000 7.25000000 4.22500000
v 1.77500000 7.25000000 5.77500000
f 1058 1060 1057
f 1061 1058 1057
f 1057 1060 1059
f 1059 1061 1057
f 1058 1064 1060
f 1062 1058 1061
f 1062 1064 1058
f 1060 1064 1059
f 1063 1061 1059
f 1059 1064 1063
f 1063 1062 1061
f 1064 1062 1063

o APARTMENT_04_WIN_S_1.20_GLASS
v 0.68500000 7.15000000 4.28500000
v 0.68500000 7.15000000 5.71500000
v 0.68500000 7.19000000 4.28500000
v 0.68500000 7.19000000 5.71500000
v 1.71500000 7.15000000 4.28500000
v 1.71500000 7.15000000 5.71500000
v 1.71500000 7.19000000 4.28500000
v 1.71500000 7.19000000 5.71500000
f 1066 1068 1065
f 1069 1066 1065
f 1065 1068 1067
f 1067 1069 1065
f 1066 1072 1068
f 1070 1066 1069
f 1070 1072 1066
f 1068 1072 1067
f 1071 1069 1067
f 1067 1072 1071
f 1071 1070 1069
f 1072 1070 1071

o APARTMENT_04_WIN_S_1.20_TOP
v 0.53500000 7.13000000 5.79500000
v 0.53500000 7.13000000 5.89500000
v 0.53500000 7.27000000 5.79500000
v 0.53500000 7.27000000 5.89500000
v 1.86500000 7.13000000 5.79500000
v 1.86500000 7.13000000 5.89500000
v 1.86500000 7.27000000 5.79500000
v 1.86500000 7.27000000 5.89500000
f 1074 1076 1073
f 1077 1074 1073
f 1073 1076 1075
f 1075 1077 1073
f 1074 1080 1076
f 1078 1074 1077
f 1078 1080 1074
f 1076 1080 1075
f 1079 1077 1075
f 1075 1080 1079
f 1079 1078 1077
f 1080 1078 1079

o APARTMENT_04_WIN_N_1.20_FRAME
v 0.62500000 13.45000000 4.22500000
v 0.62500000 13.45000000 5.77500000
v 0.62500000 13.55000000 4.22500000
v 0.62500000 13.55000000 5.77500000
v 1.77500000 13.45000000 4.22500000
v 1.77500000 13.45000000 5.77500000
v 1.77500000 13.55000000 4.22500000
v 1.77500000 13.55000000 5.77500000
f 1082 1084 1081
f 1085 1082 1081
f 1081 1084 1083
f 1083 1085 1081
f 1082 1088 1084
f 1086 1082 1085
f 1086 1088 1082
f 1084 1088 1083
f 1087 1085 1083
f 1083 1088 1087
f 1087 1086 1085
f 1088 1086 1087

o APARTMENT_04_WIN_N_1.20_GLASS
v 0.68500000 13.51000000 4.28500000
v 0.68500000 13.51000000 5.71500000
v 0.68500000 13.55000000 4.28500000
v 0.68500000 13.55000000 5.71500000
v 1.71500000 13.51000000 4.28500000
v 1.71500000 13.51000000 5.71500000
v 1.71500000 13.55000000 4.28500000
v 1.71500000 13.55000000 5.71500000
f 1090 1092 1089
f 1093 1090 1089
f 1089 1092 1091
f 1091 1093 1089
f 1090 1096 1092
f 1094 1090 1093
f 1094 1096 1090
f 1092 1096 1091
f 1095 1093 1091
f 1091 1096 1095
f 1095 1094 1093
f 1096 1094 1095

o APARTMENT_04_WIN_N_1.20_TOP
v 0.53500000 13.43000000 5.79500000
v 0.53500000 13.43000000 5.89500000
v 0.53500000 13.57000000 5.79500000
v 0.53500000 13.57000000 5.89500000
v 1.86500000 13.43000000 5.79500000
v 1.86500000 13.43000000 5.89500000
v 1.86500000 13.57000000 5.79500000
v 1.86500000 13.57000000 5.89500000
f 1098 1100 1097
f 1101 1098 1097
f 1097 1100 1099
f 1099 1101 1097
f 1098 1104 1100
f 1102 1098 1101
f 1102 1104 1098
f 1100 1104 1099
f 1103 1101 1099
f 1099 1104 1103
f 1103 1102 1101
f 1104 1102 1103

o APARTMENT_04_BALCONY_SLAbove
v 1.46250000 13.50000000 3.76000000
v 1.46250000 13.50000000 3.94000000
v 1.46250000 14.60000000 3.76000000
v 1.46250000 14.60000000 3.94000000
v 3.78750000 13.50000000 3.76000000
v 3.78750000 13.50000000 3.94000000
v 3.78750000 14.60000000 3.76000000
v 3.78750000 14.60000000 3.94000000
f 1106 1108 1105
f 1109 1106 1105
f 1105 1108 1107
f 1107 1109 1105
f 1106 1112 1108
f 1110 1106 1109
f 1110 1112 1106
f 1108 1112 1107
f 1111 1109 1107
f 1107 1112 1111
f 1111 1110 1109
f 1112 1110 1111

o APARTMENT_04_BAL_RAIL_TOP
v 1.46250000 14.54000000 4.41000000
v 1.46250000 14.54000000 4.49000000
v 1.46250000 14.62000000 4.41000000
v 1.46250000 14.62000000 4.49000000
v 3.78750000 14.54000000 4.41000000
v 3.78750000 14.54000000 4.49000000
v 3.78750000 14.62000000 4.41000000
v 3.78750000 14.62000000 4.49000000
f 1114 1116 1113
f 1117 1114 1113
f 1113 1116 1115
f 1115 1117 1113
f 1114 1120 1116
f 1118 1114 1117
f 1118 1120 1114
f 1116 1120 1115
f 1119 1117 1115
f 1115 1120 1119
f 1119 1118 1117
f 1120 1118 1119

o APARTMENT_04_BAL_RAIL_1.5
v 1.44000000 14.55750000 3.72500000
v 1.44000000 14.55750000 4.47500000
v 1.44000000 14.60250000 3.72500000
v 1.44000000 14.60250000 4.47500000
v 1.48500000 14.55750000 3.72500000
v 1.48500000 14.55750000 4.47500000
v 1.48500000 14.60250000 3.72500000
v 1.48500000 14.60250000 4.47500000
f 1122 1124 1121
f 1125 1122 1121
f 1121 1124 1123
f 1123 1125 1121
f 1122 1128 1124
f 1126 1122 1125
f 1126 1128 1122
f 1124 1128 1123
f 1127 1125 1123
f 1123 1128 1127
f 1127 1126 1125
f 1128 1126 1127

o APARTMENT_04_BAL_RAIL_2.2
v 2.21500000 14.55750000 3.72500000
v 2.21500000 14.55750000 4.47500000
v 2.21500000 14.60250000 3.72500000
v 2.21500000 14.60250000 4.47500000
v 2.26000000 14.55750000 3.72500000
v 2.26000000 14.55750000 4.47500000
v 2.26000000 14.60250000 3.72500000
v 2.26000000 14.60250000 4.47500000
f 1130 1132 1129
f 1133 1130 1129
f 1129 1132 1131
f 1131 1133 1129
f 1130 1136 1132
f 1134 1130 1133
f 1134 1136 1130
f 1132 1136 1131
f 1135 1133 1131
f 1131 1136 1135
f 1135 1134 1133
f 1136 1134 1135

o APARTMENT_04_BAL_RAIL_3.0
v 2.99000000 14.55750000 3.72500000
v 2.99000000 14.55750000 4.47500000
v 2.99000000 14.60250000 3.72500000
v 2.99000000 14.60250000 4.47500000
v 3.03500000 14.55750000 3.72500000
v 3.03500000 14.55750000 4.47500000
v 3.03500000 14.60250000 3.72500000
v 3.03500000 14.60250000 4.47500000
f 1138 1140 1137
f 1141 1138 1137
f 1137 1140 1139
f 1139 1141 1137
f 1138 1144 1140
f 1142 1138 1141
f 1142 1144 1138
f 1140 1144 1139
f 1143 1141 1139
f 1139 1144 1143
f 1143 1142 1141
f 1144 1142 1143

o APARTMENT_04_BAL_RAIL_3.8
v 3.76500000 14.55750000 3.72500000
v 3.76500000 14.55750000 4.47500000
v 3.76500000 14.60250000 3.72500000
v 3.76500000 14.60250000 4.47500000
v 3.81000000 14.55750000 3.72500000
v 3.81000000 14.55750000 4.47500000
v 3.81000000 14.60250000 3.72500000
v 3.81000000 14.60250000 4.47500000
f 1146 1148 1145
f 1149 1146 1145
f 1145 1148 1147
f 1147 1149 1145
f 1146 1152 1148
f 1150 1146 1149
f 1150 1152 1146
f 1148 1152 1147
f 1151 1149 1147
f 1147 1152 1151
f 1151 1150 1149
f 1152 1150 1151

o APARTMENT_04_KITCHEN
v 0.50000000 7.77500000 3.30500000
v 0.50000000 7.77500000 4.15500000
v 0.50000000 8.42500000 3.30500000
v 0.50000000 8.42500000 4.15500000
v 1.89500000 7.77500000 3.30500000
v 1.89500000 7.77500000 4.15500000
v 1.89500000 8.42500000 3.30500000
v 1.89500000 8.42500000 4.15500000
f 1154 1156 1153
f 1157 1154 1153
f 1153 1156 1155
f 1155 1157 1153
f 1154 1160 1156
f 1158 1154 1157
f 1158 1160 1154
f 1156 1160 1155
f 1159 1157 1155
f 1155 1160 1159
f 1159 1158 1157
f 1160 1158 1159

o APARTMENT_04_BATH
v 0.70000000 8.24900000 3.30500000
v 0.70000000 8.24900000 3.75500000
v 0.70000000 9.04900000 3.30500000
v 0.70000000 9.04900000 3.75500000
v 1.80000000 8.24900000 3.30500000
v 1.80000000 8.24900000 3.75500000
v 1.80000000 9.04900000 3.30500000
v 1.80000000 9.04900000 3.75500000
f 1162 1164 1161
f 1165 1162 1161
f 1161 1164 1163
f 1163 1165 1161
f 1162 1168 1164
f 1166 1162 1165
f 1166 1168 1162
f 1164 1168 1163
f 1167 1165 1163
f 1163 1168 1167
f 1167 1166 1165
f 1168 1166 1167

o APARTMENT_05_FLOOR
v 5.15000000 7.20000000 3.30000000
v 5.15000000 7.20000000 3.40000000
v 5.15000000 13.50000000 3.30000000
v 5.15000000 13.50000000 3.40000000
v 9.05000000 7.20000000 3.30000000
v 9.05000000 7.20000000 3.40000000
v 9.05000000 13.50000000 3.30000000
v 9.05000000 13.50000000 3.40000000
f 1170 1172 1169
f 1173 1170 1169
f 1169 1172 1171
f 1171 1173 1169
f 1170 1176 1172
f 1174 1170 1173
f 1174 1176 1170
f 1172 1176 1171
f 1175 1173 1171
f 1171 1176 1175
f 1175 1174 1173
f 1176 1174 1175

o APARTMENT_05_W_S
v 5.15000000 7.14000000 3.30000000
v 5.15000000 7.14000000 6.40000000
v 5.15000000 7.26000000 3.30000000
v 5.15000000 7.26000000 6.40000000
v 9.05000000 7.14000000 3.30000000
v 9.05000000 7.14000000 6.40000000
v 9.05000000 7.26000000 3.30000000
v 9.05000000 7.26000000 6.40000000
f 1178 1180 1177
f 1181 1178 1177
f 1177 1180 1179
f 1179 1181 1177
f 1178 1184 1180
f 1182 1178 1181
f 1182 1184 1178
f 1180 1184 1179
f 1183 1181 1179
f 1179 1184 1183
f 1183 1182 1181
f 1184 1182 1183

o APARTMENT_05_W_N
v 5.15000000 13.44000000 3.30000000
v 5.15000000 13.44000000 6.40000000
v 5.15000000 13.56000000 3.30000000
v 5.15000000 13.56000000 6.40000000
v 9.05000000 13.44000000 3.30000000
v 9.05000000 13.44000000 6.40000000
v 9.05000000 13.56000000 3.30000000
v 9.05000000 13.56000000 6.40000000
f 1186 1188 1185
f 1189 1186 1185
f 1185 1188 1187
f 1187 1189 1185
f 1186 1192 1188
f 1190 1186 1189
f 1190 1192 1186
f 1188 1192 1187
f 1191 1189 1187
f 1187 1192 1191
f 1191 1190 1189
f 1192 1190 1191

o APARTMENT_05_W_W
v -10.29000000 2.00000000 3.30000000
v -10.29000000 2.00000000 6.40000000
v -10.41000000 2.00000000 3.30000000
v -10.41000000 2.00000000 6.40000000
v -10.29000000 8.30000000 3.30000000
v -10.29000000 8.30000000 6.40000000
v -10.41000000 8.30000000 3.30000000
v -10.41000000 8.30000000 6.40000000
f 1194 1196 1193
f 1197 1194 1193
f 1193 1196 1195
f 1195 1197 1193
f 1194 1200 1196
f 1198 1194 1197
f 1198 1200 1194
f 1196 1200 1195
f 1199 1197 1195
f 1195 1200 1199
f 1199 1198 1197
f 1200 1198 1199

o APARTMENT_05_W_E
v -10.29000000 5.90000000 3.30000000
v -10.29000000 5.90000000 6.40000000
v -10.41000000 5.90000000 3.30000000
v -10.41000000 5.90000000 6.40000000
v -10.29000000 12.20000000 3.30000000
v -10.29000000 12.20000000 6.40000000
v -10.41000000 12.20000000 3.30000000
v -10.41000000 12.20000000 6.40000000
f 1202 1204 1201
f 1205 1202 1201
f 1201 1204 1203
f 1203 1205 1201
f 1202 1208 1204
f 1206 1202 1205
f 1206 1208 1202
f 1204 1208 1203
f 1207 1205 1203
f 1203 1208 1207
f 1207 1206 1205
f 1208 1206 1207

o APARTMENT_05_PART_1
v 5.35000000 10.03800000 3.30000000
v 5.35000000 10.03800000 6.30000000
v 5.35000000 10.15800000 3.30000000
v 5.35000000 10.15800000 6.30000000
v 8.85000000 10.03800000 3.30000000
v 8.85000000 10.03800000 6.30000000
v 8.85000000 10.15800000 3.30000000
v 8.85000000 10.15800000 6.30000000
f 1210 1212 1209
f 1213 1210 1209
f 1209 1212 1211
f 1211 1213 1209
f 1210 1216 1212
f 1214 1210 1213
f 1214 1216 1210
f 1212 1216 1211
f 1215 1213 1211
f 1211 1216 1215
f 1215 1214 1213
f 1216 1214 1215

o APARTMENT_05_PART_2
v -8.68900000 5.16600000 3.30000000
v -8.68900000 5.16600000 6.30000000
v -8.80900000 5.16600000 3.30000000
v -8.80900000 5.16600000 6.30000000
v -8.68900000 7.86400000 3.30000000
v -8.68900000 7.86400000 6.30000000
v -8.80900000 7.86400000 3.30000000
v -8.80900000 7.86400000 6.30000000
f 1218 1220 1217
f 1221 1218 1217
f 1217 1220 1219
f 1219 1221 1217
f 1218 1224 1220
f 1222 1218 1221
f 1222 1224 1218
f 1220 1224 1219
f 1223 1221 1219
f 1219 1224 1223
f 1223 1222 1221
f 1224 1222 1223

o APARTMENT_05_WIN_S_7.10_FRAME
v 6.52500000 7.15000000 4.22500000
v 6.52500000 7.15000000 5.77500000
v 6.52500000 7.25000000 4.22500000
v 6.52500000 7.25000000 5.77500000
v 7.67500000 7.15000000 4.22500000
v 7.67500000 7.15000000 5.77500000
v 7.67500000 7.25000000 4.22500000
v 7.67500000 7.25000000 5.77500000
f 1226 1228 1225
f 1229 1226 1225
f 1225 1228 1227
f 1227 1229 1225
f 1226 1232 1228
f 1230 1226 1229
f 1230 1232 1226
f 1228 1232 1227
f 1231 1229 1227
f 1227 1232 1231
f 1231 1230 1229
f 1232 1230 1231

o APARTMENT_05_WIN_S_7.10_GLASS
v 6.58500000 7.15000000 4.28500000
v 6.58500000 7.15000000 5.71500000
v 6.58500000 7.19000000 4.28500000
v 6.58500000 7.19000000 5.71500000
v 7.61500000 7.15000000 4.28500000
v 7.61500000 7.15000000 5.71500000
v 7.61500000 7.19000000 4.28500000
v 7.61500000 7.19000000 5.71500000
f 1234 1236 1233
f 1237 1234 1233
f 1233 1236 1235
f 1235 1237 1233
f 1234 1240 1236
f 1238 1234 1237
f 1238 1240 1234
f 1236 1240 1235
f 1239 1237 1235
f 1235 1240 1239
f 1239 1238 1237
f 1240 1238 1239

o APARTMENT_05_WIN_S_7.10_TOP
v 6.43500000 7.13000000 5.79500000
v 6.43500000 7.13000000 5.89500000
v 6.43500000 7.27000000 5.79500000
v 6.43500000 7.27000000 5.89500000
v 7.76500000 7.13000000 5.79500000
v 7.76500000 7.13000000 5.89500000
v 7.76500000 7.27000000 5.79500000
v 7.76500000 7.27000000 5.89500000
f 1242 1244 1241
f 1245 1242 1241
f 1241 1244 1243
f 1243 1245 1241
f 1242 1248 1244
f 1246 1242 1245
f 1246 1248 1242
f 1244 1248 1243
f 1247 1245 1243
f 1243 1248 1247
f 1247 1246 1245
f 1248 1246 1247

o APARTMENT_05_WIN_N_7.10_FRAME
v 6.52500000 13.45000000 4.22500000
v 6.52500000 13.45000000 5.77500000
v 6.52500000 13.55000000 4.22500000
v 6.52500000 13.55000000 5.77500000
v 7.67500000 13.45000000 4.22500000
v 7.67500000 13.45000000 5.77500000
v 7.67500000 13.55000000 4.22500000
v 7.67500000 13.55000000 5.77500000
f 1250 1252 1249
f 1253 1250 1249
f 1249 1252 1251
f 1251 1253 1249
f 1250 1256 1252
f 1254 1250 1253
f 1254 1256 1250
f 1252 1256 1251
f 1255 1253 1251
f 1251 1256 1255
f 1255 1254 1253
f 1256 1254 1255

o APARTMENT_05_WIN_N_7.10_GLASS
v 6.58500000 13.51000000 4.28500000
v 6.58500000 13.51000000 5.71500000
v 6.58500000 13.55000000 4.28500000
v 6.58500000 13.55000000 5.71500000
v 7.61500000 13.51000000 4.28500000
v 7.61500000 13.51000000 5.71500000
v 7.61500000 13.55000000 4.28500000
v 7.61500000 13.55000000 5.71500000
f 1258 1260 1257
f 1261 1258 1257
f 1257 1260 1259
f 1259 1261 1257
f 1258 1264 1260
f 1262 1258 1261
f 1262 1264 1258
f 1260 1264 1259
f 1263 1261 1259
f 1259 1264 1263
f 1263 1262 1261
f 1264 1262 1263

o APARTMENT_05_WIN_N_7.10_TOP
v 6.43500000 13.43000000 5.79500000
v 6.43500000 13.43000000 5.89500000
v 6.43500000 13.57000000 5.79500000
v 6.43500000 13.57000000 5.89500000
v 7.76500000 13.43000000 5.79500000
v 7.76500000 13.43000000 5.89500000
v 7.76500000 13.57000000 5.79500000
v 7.76500000 13.57000000 5.89500000
f 1266 1268 1265
f 1269 1266 1265
f 1265 1268 1267
f 1267 1269 1265
f 1266 1272 1268
f 1270 1266 1269
f 1270 1272 1266
f 1268 1272 1267
f 1271 1269 1267
f 1267 1272 1271
f 1271 1270 1269
f 1272 1270 1271

o APARTMENT_05_WIN_S_6.05_FRAME
v 5.47500000 7.15000000 4.22500000
v 5.47500000 7.15000000 5.77500000
v 5.47500000 7.25000000 4.22500000
v 5.47500000 7.25000000 5.77500000
v 6.62500000 7.15000000 4.22500000
v 6.62500000 7.15000000 5.77500000
v 6.62500000 7.25000000 4.22500000
v 6.62500000 7.25000000 5.77500000
f 1274 1276 1273
f 1277 1274 1273
f 1273 1276 1275
f 1275 1277 1273
f 1274 1280 1276
f 1278 1274 1277
f 1278 1280 1274
f 1276 1280 1275
f 1279 1277 1275
f 1275 1280 1279
f 1279 1278 1277
f 1280 1278 1279

o APARTMENT_05_WIN_S_6.05_GLASS
v 5.53500000 7.15000000 4.28500000
v 5.53500000 7.15000000 5.71500000
v 5.53500000 7.19000000 4.28500000
v 5.53500000 7.19000000 5.71500000
v 6.56500000 7.15000000 4.28500000
v 6.56500000 7.15000000 5.71500000
v 6.56500000 7.19000000 4.28500000
v 6.56500000 7.19000000 5.71500000
f 1282 1284 1281
f 1285 1282 1281
f 1281 1284 1283
f 1283 1285 1281
f 1282 1288 1284
f 1286 1282 1285
f 1286 1288 1282
f 1284 1288 1283
f 1287 1285 1283
f 1283 1288 1287
f 1287 1286 1285
f 1288 1286 1287

o APARTMENT_05_WIN_S_6.05_TOP
v 5.38500000 7.13000000 5.79500000
v 5.38500000 7.13000000 5.89500000
v 5.38500000 7.27000000 5.79500000
v 5.38500000 7.27000000 5.89500000
v 6.71500000 7.13000000 5.79500000
v 6.71500000 7.13000000 5.89500000
v 6.71500000 7.27000000 5.79500000
v 6.71500000 7.27000000 5.89500000
f 1290 1292 1289
f 1293 1290 1289
f 1289 1292 1291
f 1291 1293 1289
f 1290 1296 1292
f 1294 1290 1293
f 1294 1296 1290
f 1292 1296 1291
f 1295 1293 1291
f 1291 1296 1295
f 1295 1294 1293
f 1296 1294 1295

o APARTMENT_05_WIN_N_6.05_FRAME
v 5.47500000 13.45000000 4.22500000
v 5.47500000 13.45000000 5.77500000
v 5.47500000 13.55000000 4.22500000
v 5.47500000 13.55000000 5.77500000
v 6.62500000 13.45000000 4.22500000
v 6.62500000 13.45000000 5.77500000
v 6.62500000 13.55000000 4.22500000
v 6.62500000 13.55000000 5.77500000
f 1298 1300 1297
f 1301 1298 1297
f 1297 1300 1299
f 1299 1301 1297
f 1298 1304 1300
f 1302 1298 1301
f 1302 1304 1298
f 1300 1304 1299
f 1303 1301 1299
f 1299 1304 1303
f 1303 1302 1301
f 1304 1302 1303

o APARTMENT_05_WIN_N_6.05_GLASS
v 5.53500000 13.51000000 4.28500000
v 5.53500000 13.51000000 5.71500000
v 5.53500000 13.55000000 4.28500000
v 5.53500000 13.55000000 5.71500000
v 6.56500000 13.51000000 4.28500000
v 6.56500000 13.51000000 5.71500000
v 6.56500000 13.55000000 4.28500000
v 6.56500000 13.55000000 5.71500000
f 1306 1308 1305
f 1309 1306 1305
f 1305 1308 1307
f 1307 1309 1305
f 1306 1312 1308
f 1310 1306 1309
f 1310 1312 1306
f 1308 1312 1307
f 1311 1309 1307
f 1307 1312 1311
f 1311 1310 1309
f 1312 1310 1311

o APARTMENT_05_WIN_N_6.05_TOP
v 5.38500000 13.43000000 5.79500000
v 5.38500000 13.43000000 5.89500000
v 5.38500000 13.57000000 5.79500000
v 5.38500000 13.57000000 5.89500000
v 6.71500000 13.43000000 5.79500000
v 6.71500000 13.43000000 5.89500000
v 6.71500000 13.57000000 5.79500000
v 6.71500000 13.57000000 5.89500000
f 1314 1316 1313
f 1317 1314 1313
f 1313 1316 1315
f 1315 1317 1313
f 1314 1320 1316
f 1318 1314 1317
f 1318 1320 1314
f 1316 1320 1315
f 1319 1317 1315
f 1315 1320 1319
f 1319 1318 1317
f 1320 1318 1319

o APARTMENT_05_BALCONY_SLAbove
v 6.12500000 13.50000000 3.76000000
v 6.12500000 13.50000000 3.94000000
v 6.12500000 14.60000000 3.76000000
v 6.12500000 14.60000000 3.94000000
v 8.07500000 13.50000000 3.76000000
v 8.07500000 13.50000000 3.94000000
v 8.07500000 14.60000000 3.76000000
v 8.07500000 14.60000000 3.94000000
f 1322 1324 1321
f 1325 1322 1321
f 1321 1324 1323
f 1323 1325 1321
f 1322 1328 1324
f 1326 1322 1325
f 1326 1328 1322
f 1324 1328 1323
f 1327 1325 1323
f 1323 1328 1327
f 1327 1326 1325
f 1328 1326 1327

o APARTMENT_05_BAL_RAIL_TOP
v 6.12500000 14.54000000 4.41000000
v 6.12500000 14.54000000 4.49000000
v 6.12500000 14.62000000 4.41000000
v 6.12500000 14.62000000 4.49000000
v 8.07500000 14.54000000 4.41000000
v 8.07500000 14.54000000 4.49000000
v 8.07500000 14.62000000 4.41000000
v 8.07500000 14.62000000 4.49000000
f 1330 1332 1329
f 1333 1330 1329
f 1329 1332 1331
f 1331 1333 1329
f 1330 1336 1332
f 1334 1330 1333
f 1334 1336 1330
f 1332 1336 1331
f 1335 1333 1331
f 1331 1336 1335
f 1335 1334 1333
f 1336 1334 1335

o APARTMENT_05_BAL_RAIL_6.1
v 6.10250000 14.55750000 3.72500000
v 6.10250000 14.55750000 4.47500000
v 6.10250000 14.60250000 3.72500000
v 6.10250000 14.60250000 4.47500000
v 6.14750000 14.55750000 3.72500000
v 6.14750000 14.55750000 4.47500000
v 6.14750000 14.60250000 3.72500000
v 6.14750000 14.60250000 4.47500000
f 1338 1340 1337
f 1341 1338 1337
f 1337 1340 1339
f 1339 1341 1337
f 1338 1344 1340
f 1342 1338 1341
f 1342 1344 1338
f 1340 1344 1339
f 1343 1341 1339
f 1339 1344 1343
f 1343 1342 1341
f 1344 1342 1343

o APARTMENT_05_BAL_RAIL_7.1
v 7.07750000 14.55750000 3.72500000
v 7.07750000 14.55750000 4.47500000
v 7.07750000 14.60250000 3.72500000
v 7.07750000 14.60250000 4.47500000
v 7.12250000 14.55750000 3.72500000
v 7.12250000 14.55750000 4.47500000
v 7.12250000 14.60250000 3.72500000
v 7.12250000 14.60250000 4.47500000
f 1346 1348 1345
f 1349 1346 1345
f 1345 1348 1347
f 1347 1349 1345
f 1346 1352 1348
f 1350 1346 1349
f 1350 1352 1346
f 1348 1352 1347
f 1351 1349 1347
f 1347 1352 1351
f 1351 1350 1349
f 1352 1350 1351

o APARTMENT_05_BAL_RAIL_8.1
v 8.05250000 14.55750000 3.72500000
v 8.05250000 14.55750000 4.47500000
v 8.05250000 14.60250000 3.72500000
v 8.05250000 14.60250000 4.47500000
v 8.09750000 14.55750000 3.72500000
v 8.09750000 14.55750000 4.47500000
v 8.09750000 14.60250000 3.72500000
v 8.09750000 14.60250000 4.47500000
f 1354 1356 1353
f 1357 1354 1353
f 1353 1356 1355
f 1355 1357 1353
f 1354 1360 1356
f 1358 1354 1357
f 1358 1360 1354
f 1356 1360 1355
f 1359 1357 1355
f 1355 1360 1359
f 1359 1358 1357
f 1360 1358 1359

o APARTMENT_05_KITCHEN
v 5.35000000 7.77500000 3.30500000
v 5.35000000 7.77500000 4.15500000
v 5.35000000 8.42500000 3.30500000
v 5.35000000 8.42500000 4.15500000
v 6.52000000 7.77500000 3.30500000
v 6.52000000 7.77500000 4.15500000
v 6.52000000 8.42500000 3.30500000
v 6.52000000 8.42500000 4.15500000
f 1362 1364 1361
f 1365 1362 1361
f 1361 1364 1363
f 1363 1365 1361
f 1362 1368 1364
f 1366 1362 1365
f 1366 1368 1362
f 1364 1368 1363
f 1367 1365 1363
f 1363 1368 1367
f 1367 1366 1365
f 1368 1366 1367

o APARTMENT_05_BATH
v 5.55000000 8.24900000 3.30500000
v 5.55000000 8.24900000 3.75500000
v 5.55000000 9.04900000 3.30500000
v 5.55000000 9.04900000 3.75500000
v 6.65000000 8.24900000 3.30500000
v 6.65000000 8.24900000 3.75500000
v 6.65000000 9.04900000 3.30500000
v 6.65000000 9.04900000 3.75500000
f 1370 1372 1369
f 1373 1370 1369
f 1369 1372 1371
f 1371 1373 1369
f 1370 1376 1372
f 1374 1370 1373
f 1374 1376 1370
f 1372 1376 1371
f 1375 1373 1371
f 1371 1376 1375
f 1375 1374 1373
f 1376 1374 1375

o APARTMENT_06_FLOOR
v 9.25000000 7.20000000 3.30000000
v 9.25000000 7.20000000 3.40000000
v 9.25000000 13.50000000 3.30000000
v 9.25000000 13.50000000 3.40000000
v 13.50000000 7.20000000 3.30000000
v 13.50000000 7.20000000 3.40000000
v 13.50000000 13.50000000 3.30000000
v 13.50000000 13.50000000 3.40000000
f 1378 1380 1377
f 1381 1378 1377
f 1377 1380 1379
f 1379 1381 1377
f 1378 1384 1380
f 1382 1378 1381
f 1382 1384 1378
f 1380 1384 1379
f 1383 1381 1379
f 1379 1384 1383
f 1383 1382 1381
f 1384 1382 1383

o APARTMENT_06_W_S
v 9.25000000 7.14000000 3.30000000
v 9.25000000 7.14000000 6.40000000
v 9.25000000 7.26000000 3.30000000
v 9.25000000 7.26000000 6.40000000
v 13.50000000 7.14000000 3.30000000
v 13.50000000 7.14000000 6.40000000
v 13.50000000 7.26000000 3.30000000
v 13.50000000 7.26000000 6.40000000
f 1386 1388 1385
f 1389 1386 1385
f 1385 1388 1387
f 1387 1389 1385
f 1386 1392 1388
f 1390 1386 1389
f 1390 1392 1386
f 1388 1392 1387
f 1391 1389 1387
f 1387 1392 1391
f 1391 1390 1389
f 1392 1390 1391

o APARTMENT_06_W_N
v 9.25000000 13.44000000 3.30000000
v 9.25000000 13.44000000 6.40000000
v 9.25000000 13.56000000 3.30000000
v 9.25000000 13.56000000 6.40000000
v 13.50000000 13.44000000 3.30000000
v 13.50000000 13.44000000 6.40000000
v 13.50000000 13.56000000 3.30000000
v 13.50000000 13.56000000 6.40000000
f 1394 1396 1393
f 1397 1394 1393
f 1393 1396 1395
f 1395 1397 1393
f 1394 1400 1396
f 1398 1394 1397
f 1398 1400 1394
f 1396 1400 1395
f 1399 1397 1395
f 1395 1400 1399
f 1399 1398 1397
f 1400 1398 1399

o APARTMENT_06_W_W
v -10.29000000 6.10000000 3.30000000
v -10.29000000 6.10000000 6.40000000
v -10.41000000 6.10000000 3.30000000
v -10.41000000 6.10000000 6.40000000
v -10.29000000 12.40000000 3.30000000
v -10.29000000 12.40000000 6.40000000
v -10.41000000 12.40000000 3.30000000
v -10.41000000 12.40000000 6.40000000
f 1402 1404 1401
f 1405 1402 1401
f 1401 1404 1403
f 1403 1405 1401
f 1402 1408 1404
f 1406 1402 1405
f 1406 1408 1402
f 1404 1408 1403
f 1407 1405 1403
f 1403 1408 1407
f 1407 1406 1405
f 1408 1406 1407

o APARTMENT_06_W_E
v -10.29000000 10.35000000 3.30000000
v -10.29000000 10.35000000 6.40000000
v -10.41000000 10.35000000 3.30000000
v -10.41000000 10.35000000 6.40000000
v -10.29000000 16.65000000 3.30000000
v -10.29000000 16.65000000 6.40000000
v -10.41000000 16.65000000 3.30000000
v -10.41000000 16.65000000 6.40000000
f 1410 1412 1409
f 1413 1410 1409
f 1409 1412 1411
f 1411 1413 1409
f 1410 1416 1412
f 1414 1410 1413
f 1414 1416 1410
f 1412 1416 1411
f 1415 1413 1411
f 1411 1416 1415
f 1415 1414 1413
f 1416 1414 1415

o APARTMENT_06_PART_1
v 9.45000000 10.03800000 3.30000000
v 9.45000000 10.03800000 6.30000000
v 9.45000000 10.15800000 3.30000000
v 9.45000000 10.15800000 6.30000000
v 13.30000000 10.03800000 3.30000000
v 13.30000000 10.03800000 6.30000000
v 13.30000000 10.15800000 3.30000000
v 13.30000000 10.15800000 6.30000000
f 1418 1420 1417
f 1421 1418 1417
f 1417 1420 1419
f 1419 1421 1417
f 1418 1424 1420
f 1422 1418 1421
f 1422 1424 1418
f 1420 1424 1419
f 1423 1421 1419
f 1419 1424 1423
f 1423 1422 1421
f 1424 1422 1423

o APARTMENT_06_PART_2
v -8.68900000 9.38850000 3.30000000
v -8.68900000 9.38850000 6.30000000
v -8.80900000 9.38850000 3.30000000
v -8.80900000 9.38850000 6.30000000
v -8.68900000 12.08650000 3.30000000
v -8.68900000 12.08650000 6.30000000
v -8.80900000 12.08650000 3.30000000
v -8.80900000 12.08650000 6.30000000
f 1426 1428 1425
f 1429 1426 1425
f 1425 1428 1427
f 1427 1429 1425
f 1426 1432 1428
f 1430 1426 1429
f 1430 1432 1426
f 1428 1432 1427
f 1431 1429 1427
f 1427 1432 1431
f 1431 1430 1429
f 1432 1430 1431

o APARTMENT_06_WIN_S_11.38_FRAME
v 10.80000000 7.15000000 4.22500000
v 10.80000000 7.15000000 5.77500000
v 10.80000000 7.25000000 4.22500000
v 10.80000000 7.25000000 5.77500000
v 11.95000000 7.15000000 4.22500000
v 11.95000000 7.15000000 5.77500000
v 11.95000000 7.25000000 4.22500000
v 11.95000000 7.25000000 5.77500000
f 1434 1436 1433
f 1437 1434 1433
f 1433 1436 1435
f 1435 1437 1433
f 1434 1440 1436
f 1438 1434 1437
f 1438 1440 1434
f 1436 1440 1435
f 1439 1437 1435
f 1435 1440 1439
f 1439 1438 1437
f 1440 1438 1439

o APARTMENT_06_WIN_S_11.38_GLASS
v 10.86000000 7.15000000 4.28500000
v 10.86000000 7.15000000 5.71500000
v 10.86000000 7.19000000 4.28500000
v 10.86000000 7.19000000 5.71500000
v 11.89000000 7.15000000 4.28500000
v 11.89000000 7.15000000 5.71500000
v 11.89000000 7.19000000 4.28500000
v 11.89000000 7.19000000 5.71500000
f 1442 1444 1441
f 1445 1442 1441
f 1441 1444 1443
f 1443 1445 1441
f 1442 1448 1444
f 1446 1442 1445
f 1446 1448 1442
f 1444 1448 1443
f 1447 1445 1443
f 1443 1448 1447
f 1447 1446 1445
f 1448 1446 1447

o APARTMENT_06_WIN_S_11.38_TOP
v 10.71000000 7.13000000 5.79500000
v 10.71000000 7.13000000 5.89500000
v 10.71000000 7.27000000 5.79500000
v 10.71000000 7.27000000 5.89500000
v 12.04000000 7.13000000 5.79500000
v 12.04000000 7.13000000 5.89500000
v 12.04000000 7.27000000 5.79500000
v 12.04000000 7.27000000 5.89500000
f 1450 1452 1449
f 1453 1450 1449
f 1449 1452 1451
f 1451 1453 1449
f 1450 1456 1452
f 1454 1450 1453
f 1454 1456 1450
f 1452 1456 1451
f 1455 1453 1451
f 1451 1456 1455
f 1455 1454 1453
f 1456 1454 1455

o APARTMENT_06_WIN_N_11.38_FRAME
v 10.80000000 13.45000000 4.22500000
v 10.80000000 13.45000000 5.77500000
v 10.80000000 13.55000000 4.22500000
v 10.80000000 13.55000000 5.77500000
v 11.95000000 13.45000000 4.22500000
v 11.95000000 13.45000000 5.77500000
v 11.95000000 13.55000000 4.22500000
v 11.95000000 13.55000000 5.77500000
f 1458 1460 1457
f 1461 1458 1457
f 1457 1460 1459
f 1459 1461 1457
f 1458 1464 1460
f 1462 1458 1461
f 1462 1464 1458
f 1460 1464 1459
f 1463 1461 1459
f 1459 1464 1463
f 1463 1462 1461
f 1464 1462 1463

o APARTMENT_06_WIN_N_11.38_GLASS
v 10.86000000 13.51000000 4.28500000
v 10.86000000 13.51000000 5.71500000
v 10.86000000 13.55000000 4.28500000
v 10.86000000 13.55000000 5.71500000
v 11.89000000 13.51000000 4.28500000
v 11.89000000 13.51000000 5.71500000
v 11.89000000 13.55000000 4.28500000
v 11.89000000 13.55000000 5.71500000
f 1466 1468 1465
f 1469 1466 1465
f 1465 1468 1467
f 1467 1469 1465
f 1466 1472 1468
f 1470 1466 1469
f 1470 1472 1466
f 1468 1472 1467
f 1471 1469 1467
f 1467 1472 1471
f 1471 1470 1469
f 1472 1470 1471

o APARTMENT_06_WIN_N_11.38_TOP
v 10.71000000 13.43000000 5.79500000
v 10.71000000 13.43000000 5.89500000
v 10.71000000 13.57000000 5.79500000
v 10.71000000 13.57000000 5.89500000
v 12.04000000 13.43000000 5.79500000
v 12.04000000 13.43000000 5.89500000
v 12.04000000 13.57000000 5.79500000
v 12.04000000 13.57000000 5.89500000
f 1474 1476 1473
f 1477 1474 1473
f 1473 1476 1475
f 1475 1477 1473
f 1474 1480 1476
f 1478 1474 1477
f 1478 1480 1474
f 1476 1480 1475
f 1479 1477 1475
f 1475 1480 1479
f 1479 1478 1477
f 1480 1478 1479

o APARTMENT_06_WIN_S_10.15_FRAME
v 9.57500000 7.15000000 4.22500000
v 9.57500000 7.15000000 5.77500000
v 9.57500000 7.25000000 4.22500000
v 9.57500000 7.25000000 5.77500000
v 10.72500000 7.15000000 4.22500000
v 10.72500000 7.15000000 5.77500000
v 10.72500000 7.25000000 4.22500000
v 10.72500000 7.25000000 5.77500000
f 1482 1484 1481
f 1485 1482 1481
f 1481 1484 1483
f 1483 1485 1481
f 1482 1488 1484
f 1486 1482 1485
f 1486 1488 1482
f 1484 1488 1483
f 1487 1485 1483
f 1483 1488 1487
f 1487 1486 1485
f 1488 1486 1487

o APARTMENT_06_WIN_S_10.15_GLASS
v 9.63500000 7.15000000 4.28500000
v 9.63500000 7.15000000 5.71500000
v 9.63500000 7.19000000 4.28500000
v 9.63500000 7.19000000 5.71500000
v 10.66500000 7.15000000 4.28500000
v 10.66500000 7.15000000 5.71500000
v 10.66500000 7.19000000 4.28500000
v 10.66500000 7.19000000 5.71500000
f 1490 1492 1489
f 1493 1490 1489
f 1489 1492 1491
f 1491 1493 1489
f 1490 1496 1492
f 1494 1490 1493
f 1494 1496 1490
f 1492 1496 1491
f 1495 1493 1491
f 1491 1496 1495
f 1495 1494 1493
f 1496 1494 1495

o APARTMENT_06_WIN_S_10.15_TOP
v 9.48500000 7.13000000 5.79500000
v 9.48500000 7.13000000 5.89500000
v 9.48500000 7.27000000 5.79500000
v 9.48500000 7.27000000 5.89500000
v 10.81500000 7.13000000 5.79500000
v 10.81500000 7.13000000 5.89500000
v 10.81500000 7.27000000 5.79500000
v 10.81500000 7.27000000 5.89500000
f 1498 1500 1497
f 1501 1498 1497
f 1497 1500 1499
f 1499 1501 1497
f 1498 1504 1500
f 1502 1498 1501
f 1502 1504 1498
f 1500 1504 1499
f 1503 1501 1499
f 1499 1504 1503
f 1503 1502 1501
f 1504 1502 1503

o APARTMENT_06_WIN_N_10.15_FRAME
v 9.57500000 13.45000000 4.22500000
v 9.57500000 13.45000000 5.77500000
v 9.57500000 13.55000000 4.22500000
v 9.57500000 13.55000000 5.77500000
v 10.72500000 13.45000000 4.22500000
v 10.72500000 13.45000000 5.77500000
v 10.72500000 13.55000000 4.22500000
v 10.72500000 13.55000000 5.77500000
f 1506 1508 1505
f 1509 1506 1505
f 1505 1508 1507
f 1507 1509 1505
f 1506 1512 1508
f 1510 1506 1509
f 1510 1512 1506
f 1508 1512 1507
f 1511 1509 1507
f 1507 1512 1511
f 1511 1510 1509
f 1512 1510 1511

o APARTMENT_06_WIN_N_10.15_GLASS
v 9.63500000 13.51000000 4.28500000
v 9.63500000 13.51000000 5.71500000
v 9.63500000 13.55000000 4.28500000
v 9.63500000 13.55000000 5.71500000
v 10.66500000 13.51000000 4.28500000
v 10.66500000 13.51000000 5.71500000
v 10.66500000 13.55000000 4.28500000
v 10.66500000 13.55000000 5.71500000
f 1514 1516 1513
f 1517 1514 1513
f 1513 1516 1515
f 1515 1517 1513
f 1514 1520 1516
f 1518 1514 1517
f 1518 1520 1514
f 1516 1520 1515
f 1519 1517 1515
f 1515 1520 1519
f 1519 1518 1517
f 1520 1518 1519

o APARTMENT_06_WIN_N_10.15_TOP
v 9.48500000 13.43000000 5.79500000
v 9.48500000 13.43000000 5.89500000
v 9.48500000 13.57000000 5.79500000
v 9.48500000 13.57000000 5.89500000
v 10.81500000 13.43000000 5.79500000
v 10.81500000 13.43000000 5.89500000
v 10.81500000 13.57000000 5.79500000
v 10.81500000 13.57000000 5.89500000
f 1522 1524 1521
f 1525 1522 1521
f 1521 1524 1523
f 1523 1525 1521
f 1522 1528 1524
f 1526 1522 1525
f 1526 1528 1522
f 1524 1528 1523
f 1527 1525 1523
f 1523 1528 1527
f 1527 1526 1525
f 1528 1526 1527

o APARTMENT_06_BALCONY_SLAbove
v 10.31250000 13.50000000 3.76000000
v 10.31250000 13.50000000 3.94000000
v 10.31250000 14.60000000 3.76000000
v 10.31250000 14.60000000 3.94000000
v 12.43750000 13.50000000 3.76000000
v 12.43750000 13.50000000 3.94000000
v 12.43750000 14.60000000 3.76000000
v 12.43750000 14.60000000 3.94000000
f 1530 1532 1529
f 1533 1530 1529
f 1529 1532 1531
f 1531 1533 1529
f 1530 1536 1532
f 1534 1530 1533
f 1534 1536 1530
f 1532 1536 1531
f 1535 1533 1531
f 1531 1536 1535
f 1535 1534 1533
f 1536 1534 1535

o APARTMENT_06_BAL_RAIL_TOP
v 10.31250000 14.54000000 4.41000000
v 10.31250000 14.54000000 4.49000000
v 10.31250000 14.62000000 4.41000000
v 10.31250000 14.62000000 4.49000000
v 12.43750000 14.54000000 4.41000000
v 12.43750000 14.54000000 4.49000000
v 12.43750000 14.62000000 4.41000000
v 12.43750000 14.62000000 4.49000000
f 1538 1540 1537
f 1541 1538 1537
f 1537 1540 1539
f 1539 1541 1537
f 1538 1544 1540
f 1542 1538 1541
f 1542 1544 1538
f 1540 1544 1539
f 1543 1541 1539
f 1539 1544 1543
f 1543 1542 1541
f 1544 1542 1543

o APARTMENT_06_BAL_RAIL_10.3
v 10.29000000 14.55750000 3.72500000
v 10.29000000 14.55750000 4.47500000
v 10.29000000 14.60250000 3.72500000
v 10.29000000 14.60250000 4.47500000
v 10.33500000 14.55750000 3.72500000
v 10.33500000 14.55750000 4.47500000
v 10.33500000 14.60250000 3.72500000
v 10.33500000 14.60250000 4.47500000
f 1546 1548 1545
f 1549 1546 1545
f 1545 1548 1547
f 1547 1549 1545
f 1546 1552 1548
f 1550 1546 1549
f 1550 1552 1546
f 1548 1552 1547
f 1551 1549 1547
f 1547 1552 1551
f 1551 1550 1549
f 1552 1550 1551

o APARTMENT_06_BAL_RAIL_11.0
v 10.99833333 14.55750000 3.72500000
v 10.99833333 14.55750000 4.47500000
v 10.99833333 14.60250000 3.72500000
v 10.99833333 14.60250000 4.47500000
v 11.04333333 14.55750000 3.72500000
v 11.04333333 14.55750000 4.47500000
v 11.04333333 14.60250000 3.72500000
v 11.04333333 14.60250000 4.47500000
f 1554 1556 1553
f 1557 1554 1553
f 1553 1556 1555
f 1555 1557 1553
f 1554 1560 1556
f 1558 1554 1557
f 1558 1560 1554
f 1556 1560 1555
f 1559 1557 1555
f 1555 1560 1559
f 1559 1558 1557
f 1560 1558 1559

o APARTMENT_06_BAL_RAIL_11.7
v 11.70666667 14.55750000 3.72500000
v 11.70666667 14.55750000 4.47500000
v 11.70666667 14.60250000 3.72500000
v 11.70666667 14.60250000 4.47500000
v 11.75166667 14.55750000 3.72500000
v 11.75166667 14.55750000 4.47500000
v 11.75166667 14.60250000 3.72500000
v 11.75166667 14.60250000 4.47500000
f 1562 1564 1561
f 1565 1562 1561
f 1561 1564 1563
f 1563 1565 1561
f 1562 1568 1564
f 1566 1562 1565
f 1566 1568 1562
f 1564 1568 1563
f 1567 1565 1563
f 1563 1568 1567
f 1567 1566 1565
f 1568 1566 1567

o APARTMENT_06_BAL_RAIL_12.4
v 12.41500000 14.55750000 3.72500000
v 12.41500000 14.55750000 4.47500000
v 12.41500000 14.60250000 3.72500000
v 12.41500000 14.60250000 4.47500000
v 12.46000000 14.55750000 3.72500000
v 12.46000000 14.55750000 4.47500000
v 12.46000000 14.60250000 3.72500000
v 12.46000000 14.60250000 4.47500000
f 1570 1572 1569
f 1573 1570 1569
f 1569 1572 1571
f 1571 1573 1569
f 1570 1576 1572
f 1574 1570 1573
f 1574 1576 1570
f 1572 1576 1571
f 1575 1573 1571
f 1571 1576 1575
f 1575 1574 1573
f 1576 1574 1575

o APARTMENT_06_KITCHEN
v 9.45000000 7.77500000 3.30500000
v 9.45000000 7.77500000 4.15500000
v 9.45000000 8.42500000 3.30500000
v 9.45000000 8.42500000 4.15500000
v 10.72500000 7.77500000 3.30500000
v 10.72500000 7.77500000 4.15500000
v 10.72500000 8.42500000 3.30500000
v 10.72500000 8.42500000 4.15500000
f 1578 1580 1577
f 1581 1578 1577
f 1577 1580 1579
f 1579 1581 1577
f 1578 1584 1580
f 1582 1578 1581
f 1582 1584 1578
f 1580 1584 1579
f 1583 1581 1579
f 1579 1584 1583
f 1583 1582 1581
f 1584 1582 1583

o APARTMENT_06_BATH
v 9.65000000 8.24900000 3.30500000
v 9.65000000 8.24900000 3.75500000
v 9.65000000 9.04900000 3.30500000
v 9.65000000 9.04900000 3.75500000
v 10.75000000 8.24900000 3.30500000
v 10.75000000 8.24900000 3.75500000
v 10.75000000 9.04900000 3.30500000
v 10.75000000 9.04900000 3.75500000
f 1586 1588 1585
f 1589 1586 1585
f 1585 1588 1587
f 1587 1589 1585
f 1586 1592 1588
f 1590 1586 1589
f 1590 1592 1586
f 1588 1592 1587
f 1591 1589 1587
f 1587 1592 1591
f 1591 1590 1589
f 1592 1590 1591

o APARTMENT_07_FLOOR
v 0.30000000 0.30000000 3.30000000
v 0.30000000 0.30000000 3.40000000
v 0.30000000 6.70000000 3.30000000
v 0.30000000 6.70000000 3.40000000
v 5.40000000 0.30000000 3.30000000
v 5.40000000 0.30000000 3.40000000
v 5.40000000 6.70000000 3.30000000
v 5.40000000 6.70000000 3.40000000
f 1594 1596 1593
f 1597 1594 1593
f 1593 1596 1595
f 1595 1597 1593
f 1594 1600 1596
f 1598 1594 1597
f 1598 1600 1594
f 1596 1600 1595
f 1599 1597 1595
f 1595 1600 1599
f 1599 1598 1597
f 1600 1598 1599

o APARTMENT_07_W_S
v 0.30000000 0.24000000 3.30000000
v 0.30000000 0.24000000 6.40000000
v 0.30000000 0.36000000 3.30000000
v 0.30000000 0.36000000 6.40000000
v 5.40000000 0.24000000 3.30000000
v 5.40000000 0.24000000 6.40000000
v 5.40000000 0.36000000 3.30000000
v 5.40000000 0.36000000 6.40000000
f 1602 1604 1601
f 1605 1602 1601
f 1601 1604 1603
f 1603 1605 1601
f 1602 1608 1604
f 1606 1602 1605
f 1606 1608 1602
f 1604 1608 1603
f 1607 1605 1603
f 1603 1608 1607
f 1607 1606 1605
f 1608 1606 1607

o APARTMENT_07_W_N
v 0.30000000 6.64000000 3.30000000
v 0.30000000 6.64000000 6.40000000
v 0.30000000 6.76000000 3.30000000
v 0.30000000 6.76000000 6.40000000
v 5.40000000 6.64000000 3.30000000
v 5.40000000 6.64000000 6.40000000
v 5.40000000 6.76000000 3.30000000
v 5.40000000 6.76000000 6.40000000
f 1610 1612 1609
f 1613 1610 1609
f 1609 1612 1611
f 1611 1613 1609
f 1610 1616 1612
f 1614 1610 1613
f 1614 1616 1610
f 1612 1616 1611
f 1615 1613 1611
f 1611 1616 1615
f 1615 1614 1613
f 1616 1614 1615

o APARTMENT_07_W_W
v -3.44000000 -2.90000000 3.30000000
v -3.44000000 -2.90000000 6.40000000
v -3.56000000 -2.90000000 3.30000000
v -3.56000000 -2.90000000 6.40000000
v -3.44000000 3.50000000 3.30000000
v -3.44000000 3.50000000 6.40000000
v -3.56000000 3.50000000 3.30000000
v -3.56000000 3.50000000 6.40000000
f 1618 1620 1617
f 1621 1618 1617
f 1617 1620 1619
f 1619 1621 1617
f 1618 1624 1620
f 1622 1618 1621
f 1622 1624 1618
f 1620 1624 1619
f 1623 1621 1619
f 1619 1624 1623
f 1623 1622 1621
f 1624 1622 1623

o APARTMENT_07_W_E
v -3.44000000 2.20000000 3.30000000
v -3.44000000 2.20000000 6.40000000
v -3.56000000 2.20000000 3.30000000
v -3.56000000 2.20000000 6.40000000
v -3.44000000 8.60000000 3.30000000
v -3.44000000 8.60000000 6.40000000
v -3.56000000 8.60000000 3.30000000
v -3.56000000 8.60000000 6.40000000
f 1626 1628 1625
f 1629 1626 1625
f 1625 1628 1627
f 1627 1629 1625
f 1626 1632 1628
f 1630 1626 1629
f 1630 1632 1626
f 1628 1632 1627
f 1631 1629 1627
f 1627 1632 1631
f 1631 1630 1629
f 1632 1630 1631

o APARTMENT_07_PART_1
v 0.50000000 3.18400000 3.30000000
v 0.50000000 3.18400000 6.30000000
v 0.50000000 3.30400000 3.30000000
v 0.50000000 3.30400000 6.30000000
v 5.20000000 3.18400000 3.30000000
v 5.20000000 3.18400000 6.30000000
v 5.20000000 3.30400000 3.30000000
v 5.20000000 3.30400000 6.30000000
f 1634 1636 1633
f 1637 1634 1633
f 1633 1636 1635
f 1635 1637 1633
f 1634 1640 1636
f 1638 1634 1637
f 1638 1640 1634
f 1636 1640 1635
f 1639 1637 1635
f 1635 1640 1639
f 1639 1638 1637
f 1640 1638 1639

o APARTMENT_07_PART_2
v -1.81200000 0.71300000 3.30000000
v -1.81200000 0.71300000 6.30000000
v -1.93200000 0.71300000 3.30000000
v -1.93200000 0.71300000 6.30000000
v -1.81200000 3.45700000 3.30000000
v -1.81200000 3.45700000 6.30000000
v -1.93200000 3.45700000 3.30000000
v -1.93200000 3.45700000 6.30000000
f 1642 1644 1641
f 1645 1642 1641
f 1641 1644 1643
f 1643 1645 1641
f 1642 1648 1644
f 1646 1642 1645
f 1646 1648 1642
f 1644 1648 1643
f 1647 1645 1643
f 1643 1648 1647
f 1647 1646 1645
f 1648 1646 1647

o APARTMENT_07_WIN_S_2.85_FRAME
v 2.27500000 0.25000000 4.22500000
v 2.27500000 0.25000000 5.77500000
v 2.27500000 0.35000000 4.22500000
v 2.27500000 0.35000000 5.77500000
v 3.42500000 0.25000000 4.22500000
v 3.42500000 0.25000000 5.77500000
v 3.42500000 0.35000000 4.22500000
v 3.42500000 0.35000000 5.77500000
f 1650 1652 1649
f 1653 1650 1649
f 1649 1652 1651
f 1651 1653 1649
f 1650 1656 1652
f 1654 1650 1653
f 1654 1656 1650
f 1652 1656 1651
f 1655 1653 1651
f 1651 1656 1655
f 1655 1654 1653
f 1656 1654 1655

o APARTMENT_07_WIN_S_2.85_GLASS
v 2.33500000 0.25000000 4.28500000
v 2.33500000 0.25000000 5.71500000
v 2.33500000 0.29000000 4.28500000
v 2.33500000 0.29000000 5.71500000
v 3.36500000 0.25000000 4.28500000
v 3.36500000 0.25000000 5.71500000
v 3.36500000 0.29000000 4.28500000
v 3.36500000 0.29000000 5.71500000
f 1658 1660 1657
f 1661 1658 1657
f 1657 1660 1659
f 1659 1661 1657
f 1658 1664 1660
f 1662 1658 1661
f 1662 1664 1658
f 1660 1664 1659
f 1663 1661 1659
f 1659 1664 1663
f 1663 1662 1661
f 1664 1662 1663

o APARTMENT_07_WIN_S_2.85_TOP
v 2.18500000 0.23000000 5.79500000
v 2.18500000 0.23000000 5.89500000
v 2.18500000 0.37000000 5.79500000
v 2.18500000 0.37000000 5.89500000
v 3.51500000 0.23000000 5.79500000
v 3.51500000 0.23000000 5.89500000
v 3.51500000 0.37000000 5.79500000
v 3.51500000 0.37000000 5.89500000
f 1666 1668 1665
f 1669 1666 1665
f 1665 1668 1667
f 1667 1669 1665
f 1666 1672 1668
f 1670 1666 1669
f 1670 1672 1666
f 1668 1672 1667
f 1671 1669 1667
f 1667 1672 1671
f 1671 1670 1669
f 1672 1670 1671

o APARTMENT_07_WIN_N_2.85_FRAME
v 2.27500000 6.65000000 4.22500000
v 2.27500000 6.65000000 5.77500000
v 2.27500000 6.75000000 4.22500000
v 2.27500000 6.75000000 5.77500000
v 3.42500000 6.65000000 4.22500000
v 3.42500000 6.65000000 5.77500000
v 3.42500000 6.75000000 4.22500000
v 3.42500000 6.75000000 5.77500000
f 1674 1676 1673
f 1677 1674 1673
f 1673 1676 1675
f 1675 1677 1673
f 1674 1680 1676
f 1678 1674 1677
f 1678 1680 1674
f 1676 1680 1675
f 1679 1677 1675
f 1675 1680 1679
f 1679 1678 1677
f 1680 1678 1679

o APARTMENT_07_WIN_N_2.85_GLASS
v 2.33500000 6.71000000 4.28500000
v 2.33500000 6.71000000 5.71500000
v 2.33500000 6.75000000 4.28500000
v 2.33500000 6.75000000 5.71500000
v 3.36500000 6.71000000 4.28500000
v 3.36500000 6.71000000 5.71500000
v 3.36500000 6.75000000 4.28500000
v 3.36500000 6.75000000 5.71500000
f 1682 1684 1681
f 1685 1682 1681
f 1681 1684 1683
f 1683 1685 1681
f 1682 1688 1684
f 1686 1682 1685
f 1686 1688 1682
f 1684 1688 1683
f 1687 1685 1683
f 1683 1688 1687
f 1687 1686 1685
f 1688 1686 1687

o APARTMENT_07_WIN_N_2.85_TOP
v 2.18500000 6.63000000 5.79500000
v 2.18500000 6.63000000 5.89500000
v 2.18500000 6.77000000 5.79500000
v 2.18500000 6.77000000 5.89500000
v 3.51500000 6.63000000 5.79500000
v 3.51500000 6.63000000 5.89500000
v 3.51500000 6.77000000 5.79500000
v 3.51500000 6.77000000 5.89500000
f 1690 1692 1689
f 1693 1690 1689
f 1689 1692 1691
f 1691 1693 1689
f 1690 1696 1692
f 1694 1690 1693
f 1694 1696 1690
f 1692 1696 1691
f 1695 1693 1691
f 1691 1696 1695
f 1695 1694 1693
f 1696 1694 1695

o APARTMENT_07_WIN_S_1.20_FRAME
v 0.62500000 0.25000000 4.22500000
v 0.62500000 0.25000000 5.77500000
v 0.62500000 0.35000000 4.22500000
v 0.62500000 0.35000000 5.77500000
v 1.77500000 0.25000000 4.22500000
v 1.77500000 0.25000000 5.77500000
v 1.77500000 0.35000000 4.22500000
v 1.77500000 0.35000000 5.77500000
f 1698 1700 1697
f 1701 1698 1697
f 1697 1700 1699
f 1699 1701 1697
f 1698 1704 1700
f 1702 1698 1701
f 1702 1704 1698
f 1700 1704 1699
f 1703 1701 1699
f 1699 1704 1703
f 1703 1702 1701
f 1704 1702 1703

o APARTMENT_07_WIN_S_1.20_GLASS
v 0.68500000 0.25000000 4.28500000
v 0.68500000 0.25000000 5.71500000
v 0.68500000 0.29000000 4.28500000
v 0.68500000 0.29000000 5.71500000
v 1.71500000 0.25000000 4.28500000
v 1.71500000 0.25000000 5.71500000
v 1.71500000 0.29000000 4.28500000
v 1.71500000 0.29000000 5.71500000
f 1706 1708 1705
f 1709 1706 1705
f 1705 1708 1707
f 1707 1709 1705
f 1706 1712 1708
f 1710 1706 1709
f 1710 1712 1706
f 1708 1712 1707
f 1711 1709 1707
f 1707 1712 1711
f 1711 1710 1709
f 1712 1710 1711

o APARTMENT_07_WIN_S_1.20_TOP
v 0.53500000 0.23000000 5.79500000
v 0.53500000 0.23000000 5.89500000
v 0.53500000 0.37000000 5.79500000
v 0.53500000 0.37000000 5.89500000
v 1.86500000 0.23000000 5.79500000
v 1.86500000 0.23000000 5.89500000
v 1.86500000 0.37000000 5.79500000
v 1.86500000 0.37000000 5.89500000
f 1714 1716 1713
f 1717 1714 1713
f 1713 1716 1715
f 1715 1717 1713
f 1714 1720 1716
f 1718 1714 1717
f 1718 1720 1714
f 1716 1720 1715
f 1719 1717 1715
f 1715 1720 1719
f 1719 1718 1717
f 1720 1718 1719

o APARTMENT_07_WIN_N_1.20_FRAME
v 0.62500000 6.65000000 4.22500000
v 0.62500000 6.65000000 5.77500000
v 0.62500000 6.75000000 4.22500000
v 0.62500000 6.75000000 5.77500000
v 1.77500000 6.65000000 4.22500000
v 1.77500000 6.65000000 5.77500000
v 1.77500000 6.75000000 4.22500000
v 1.77500000 6.75000000 5.77500000
f 1722 1724 1721
f 1725 1722 1721
f 1721 1724 1723
f 1723 1725 1721
f 1722 1728 1724
f 1726 1722 1725
f 1726 1728 1722
f 1724 1728 1723
f 1727 1725 1723
f 1723 1728 1727
f 1727 1726 1725
f 1728 1726 1727

o APARTMENT_07_WIN_N_1.20_GLASS
v 0.68500000 6.71000000 4.28500000
v 0.68500000 6.71000000 5.71500000
v 0.68500000 6.75000000 4.28500000
v 0.68500000 6.75000000 5.71500000
v 1.71500000 6.71000000 4.28500000
v 1.71500000 6.71000000 5.71500000
v 1.71500000 6.75000000 4.28500000
v 1.71500000 6.75000000 5.71500000
f 1730 1732 1729
f 1733 1730 1729
f 1729 1732 1731
f 1731 1733 1729
f 1730 1736 1732
f 1734 1730 1733
f 1734 1736 1730
f 1732 1736 1731
f 1735 1733 1731
f 1731 1736 1735
f 1735 1734 1733
f 1736 1734 1735

o APARTMENT_07_WIN_N_1.20_TOP
v 0.53500000 6.63000000 5.79500000
v 0.53500000 6.63000000 5.89500000
v 0.53500000 6.77000000 5.79500000
v 0.53500000 6.77000000 5.89500000
v 1.86500000 6.63000000 5.79500000
v 1.86500000 6.63000000 5.89500000
v 1.86500000 6.77000000 5.79500000
v 1.86500000 6.77000000 5.89500000
f 1738 1740 1737
f 1741 1738 1737
f 1737 1740 1739
f 1739 1741 1737
f 1738 1744 1740
f 1742 1738 1741
f 1742 1744 1738
f 1740 1744 1739
f 1743 1741 1739
f 1739 1744 1743
f 1743 1742 1741
f 1744 1742 1743

o APARTMENT_07_KITCHEN
v 0.50000000 0.87500000 3.30500000
v 0.50000000 0.87500000 4.15500000
v 0.50000000 1.52500000 3.30500000
v 0.50000000 1.52500000 4.15500000
v 2.03000000 0.87500000 3.30500000
v 2.03000000 0.87500000 4.15500000
v 2.03000000 1.52500000 3.30500000
v 2.03000000 1.52500000 4.15500000
f 1746 1748 1745
f 1749 1746 1745
f 1745 1748 1747
f 1747 1749 1745
f 1746 1752 1748
f 1750 1746 1749
f 1750 1752 1746
f 1748 1752 1747
f 1751 1749 1747
f 1747 1752 1751
f 1751 1750 1749
f 1752 1750 1751

o APARTMENT_07_BATH
v 0.70000000 1.37200000 3.30500000
v 0.70000000 1.37200000 3.75500000
v 0.70000000 2.17200000 3.30500000
v 0.70000000 2.17200000 3.75500000
v 1.80000000 1.37200000 3.30500000
v 1.80000000 1.37200000 3.75500000
v 1.80000000 2.17200000 3.30500000
v 1.80000000 2.17200000 3.75500000
f 1754 1756 1753
f 1757 1754 1753
f 1753 1756 1755
f 1755 1757 1753
f 1754 1760 1756
f 1758 1754 1757
f 1758 1760 1754
f 1756 1760 1755
f 1759 1757 1755
f 1755 1760 1759
f 1759 1758 1757
f 1760 1758 1759

o FLOOR_1_CORE
v 6.97500000 5.12500000 3.30000000
v 6.97500000 5.12500000 3.40000000
v 6.97500000 8.67500000 3.30000000
v 6.97500000 8.67500000 3.40000000
v 10.22500000 5.12500000 3.30000000
v 10.22500000 5.12500000 3.40000000
v 10.22500000 8.67500000 3.30000000
v 10.22500000 8.67500000 3.40000000
f 1762 1764 1761
f 1765 1762 1761
f 1761 1764 1763
f 1763 1765 1761
f 1762 1768 1764
f 1766 1762 1765
f 1766 1768 1762
f 1764 1768 1763
f 1767 1765 1763
f 1763 1768 1767
f 1767 1766 1765
f 1768 1766 1767

o FLOOR_2_SLAB
v 0.00000000 0.00000000 6.40000000
v 0.00000000 0.00000000 6.60000000
v 0.00000000 13.80000000 6.40000000
v 0.00000000 13.80000000 6.60000000
v 13.80000000 0.00000000 6.40000000
v 13.80000000 0.00000000 6.60000000
v 13.80000000 13.80000000 6.40000000
v 13.80000000 13.80000000 6.60000000
f 1770 1772 1769
f 1773 1770 1769
f 1769 1772 1771
f 1771 1773 1769
f 1770 1776 1772
f 1774 1770 1773
f 1774 1776 1770
f 1772 1776 1771
f 1775 1773 1771
f 1771 1776 1775
f 1775 1774 1773
f 1776 1774 1775

o FLOOR_2_OUT_S
v 0.00000000 -0.15000000 6.60000000
v 0.00000000 -0.15000000 9.70000000
v 0.00000000 0.15000000 6.60000000
v 0.00000000 0.15000000 9.70000000
v 13.80000000 -0.15000000 6.60000000
v 13.80000000 -0.15000000 9.70000000
v 13.80000000 0.15000000 6.60000000
v 13.80000000 0.15000000 9.70000000
f 1778 1780 1777
f 1781 1778 1777
f 1777 1780 1779
f 1779 1781 1777
f 1778 1784 1780
f 1782 1778 1781
f 1782 1784 1778
f 1780 1784 1779
f 1783 1781 1779
f 1779 1784 1783
f 1783 1782 1781
f 1784 1782 1783

o FLOOR_2_OUT_N
v 0.00000000 13.65000000 6.60000000
v 0.00000000 13.65000000 9.70000000
v 0.00000000 13.95000000 6.60000000
v 0.00000000 13.95000000 9.70000000
v 13.80000000 13.65000000 6.60000000
v 13.80000000 13.65000000 9.70000000
v 13.80000000 13.95000000 6.60000000
v 13.80000000 13.95000000 9.70000000
f 1786 1788 1785
f 1789 1786 1785
f 1785 1788 1787
f 1787 1789 1785
f 1786 1792 1788
f 1790 1786 1789
f 1790 1792 1786
f 1788 1792 1787
f 1791 1789 1787
f 1787 1792 1791
f 1791 1790 1789
f 1792 1790 1791

o FLOOR_2_OUT_W
v -6.75000000 -6.90000000 6.60000000
v -6.75000000 -6.90000000 9.70000000
v -7.05000000 -6.90000000 6.60000000
v -7.05000000 -6.90000000 9.70000000
v -6.75000000 6.90000000 6.60000000
v -6.75000000 6.90000000 9.70000000
v -7.05000000 6.90000000 6.60000000
v -7.05000000 6.90000000 9.70000000
f 1794 1796 1793
f 1797 1794 1793
f 1793 1796 1795
f 1795 1797 1793
f 1794 1800 1796
f 1798 1794 1797
f 1798 1800 1794
f 1796 1800 1795
f 1799 1797 1795
f 1795 1800 1799
f 1799 1798 1797
f 1800 1798 1799

o FLOOR_2_OUT_E
v -6.75000000 6.90000000 6.60000000
v -6.75000000 6.90000000 9.70000000
v -7.05000000 6.90000000 6.60000000
v -7.05000000 6.90000000 9.70000000
v -6.75000000 20.70000000 6.60000000
v -6.75000000 20.70000000 9.70000000
v -7.05000000 20.70000000 6.60000000
v -7.05000000 20.70000000 9.70000000
f 1802 1804 1801
f 1805 1802 1801
f 1801 1804 1803
f 1803 1805 1801
f 1802 1808 1804
f 1806 1802 1805
f 1806 1808 1802
f 1804 1808 1803
f 1807 1805 1803
f 1803 1808 1807
f 1807 1806 1805
f 1808 1806 1807

o APARTMENT_08_FLOOR
v 0.30000000 7.20000000 6.60000000
v 0.30000000 7.20000000 6.70000000
v 0.30000000 13.50000000 6.60000000
v 0.30000000 13.50000000 6.70000000
v 4.95000000 7.20000000 6.60000000
v 4.95000000 7.20000000 6.70000000
v 4.95000000 13.50000000 6.60000000
v 4.95000000 13.50000000 6.70000000
f 1810 1812 1809
f 1813 1810 1809
f 1809 1812 1811
f 1811 1813 1809
f 1810 1816 1812
f 1814 1810 1813
f 1814 1816 1810
f 1812 1816 1811
f 1815 1813 1811
f 1811 1816 1815
f 1815 1814 1813
f 1816 1814 1815

o APARTMENT_08_W_S
v 0.30000000 7.14000000 6.60000000
v 0.30000000 7.14000000 9.70000000
v 0.30000000 7.26000000 6.60000000
v 0.30000000 7.26000000 9.70000000
v 4.95000000 7.14000000 6.60000000
v 4.95000000 7.14000000 9.70000000
v 4.95000000 7.26000000 6.60000000
v 4.95000000 7.26000000 9.70000000
f 1818 1820 1817
f 1821 1818 1817
f 1817 1820 1819
f 1819 1821 1817
f 1818 1824 1820
f 1822 1818 1821
f 1822 1824 1818
f 1820 1824 1819
f 1823 1821 1819
f 1819 1824 1823
f 1823 1822 1821
f 1824 1822 1823

o APARTMENT_08_W_N
v 0.30000000 13.44000000 6.60000000
v 0.30000000 13.44000000 9.70000000
v 0.30000000 13.56000000 6.60000000
v 0.30000000 13.56000000 9.70000000
v 4.95000000 13.44000000 6.60000000
v 4.95000000 13.44000000 9.70000000
v 4.95000000 13.56000000 6.60000000
v 4.95000000 13.56000000 9.70000000
f 1826 1828 1825
f 1829 1826 1825
f 1825 1828 1827
f 1827 1829 1825
f 1826 1832 1828
f 1830 1826 1829
f 1830 1832 1826
f 1828 1832 1827
f 1831 1829 1827
f 1827 1832 1831
f 1831 1830 1829
f 1832 1830 1831

o APARTMENT_08_W_W
v -10.29000000 -2.85000000 6.60000000
v -10.29000000 -2.85000000 9.70000000
v -10.41000000 -2.85000000 6.60000000
v -10.41000000 -2.85000000 9.70000000
v -10.29000000 3.45000000 6.60000000
v -10.29000000 3.45000000 9.70000000
v -10.41000000 3.45000000 6.60000000
v -10.41000000 3.45000000 9.70000000
f 1834 1836 1833
f 1837 1834 1833
f 1833 1836 1835
f 1835 1837 1833
f 1834 1840 1836
f 1838 1834 1837
f 1838 1840 1834
f 1836 1840 1835
f 1839 1837 1835
f 1835 1840 1839
f 1839 1838 1837
f 1840 1838 1839

o APARTMENT_08_W_E
v -10.29000000 1.80000000 6.60000000
v -10.29000000 1.80000000 9.70000000
v -10.41000000 1.80000000 6.60000000
v -10.41000000 1.80000000 9.70000000
v -10.29000000 8.10000000 6.60000000
v -10.29000000 8.10000000 9.70000000
v -10.41000000 8.10000000 6.60000000
v -10.41000000 8.10000000 9.70000000
f 1842 1844 1841
f 1845 1842 1841
f 1841 1844 1843
f 1843 1845 1841
f 1842 1848 1844
f 1846 1842 1845
f 1846 1848 1842
f 1844 1848 1843
f 1847 1845 1843
f 1843 1848 1847
f 1847 1846 1845
f 1848 1846 1847

o APARTMENT_08_PART_1
v 0.50000000 10.03800000 6.60000000
v 0.50000000 10.03800000 9.60000000
v 0.50000000 10.15800000 6.60000000
v 0.50000000 10.15800000 9.60000000
v 4.75000000 10.03800000 6.60000000
v 4.75000000 10.03800000 9.60000000
v 4.75000000 10.15800000 6.60000000
v 4.75000000 10.15800000 9.60000000
f 1850 1852 1849
f 1853 1850 1849
f 1849 1852 1851
f 1851 1853 1849
f 1850 1856 1852
f 1854 1850 1853
f 1854 1856 1850
f 1852 1856 1851
f 1855 1853 1851
f 1851 1856 1855
f 1855 1854 1853
f 1856 1854 1855

o APARTMENT_08_PART_2
v -8.68900000 0.57850000 6.60000000
v -8.68900000 0.57850000 9.60000000
v -8.80900000 0.57850000 6.60000000
v -8.80900000 0.57850000 9.60000000
v -8.68900000 3.27650000 6.60000000
v -8.68900000 3.27650000 9.60000000
v -8.80900000 3.27650000 6.60000000
v -8.80900000 3.27650000 9.60000000
f 1858 1860 1857
f 1861 1858 1857
f 1857 1860 1859
f 1859 1861 1857
f 1858 1864 1860
f 1862 1858 1861
f 1862 1864 1858
f 1860 1864 1859
f 1863 1861 1859
f 1859 1864 1863
f 1863 1862 1861
f 1864 1862 1863

o APARTMENT_08_WIN_S_2.62_FRAME
v 2.05000000 7.15000000 7.52500000
v 2.05000000 7.15000000 9.07500000
v 2.05000000 7.25000000 7.52500000
v 2.05000000 7.25000000 9.07500000
v 3.20000000 7.15000000 7.52500000
v 3.20000000 7.15000000 9.07500000
v 3.20000000 7.25000000 7.52500000
v 3.20000000 7.25000000 9.07500000
f 1866 1868 1865
f 1869 1866 1865
f 1865 1868 1867
f 1867 1869 1865
f 1866 1872 1868
f 1870 1866 1869
f 1870 1872 1866
f 1868 1872 1867
f 1871 1869 1867
f 1867 1872 1871
f 1871 1870 1869
f 1872 1870 1871

o APARTMENT_08_WIN_S_2.62_GLASS
v 2.11000000 7.15000000 7.58500000
v 2.11000000 7.15000000 9.01500000
v 2.11000000 7.19000000 7.58500000
v 2.11000000 7.19000000 9.01500000
v 3.14000000 7.15000000 7.58500000
v 3.14000000 7.15000000 9.01500000
v 3.14000000 7.19000000 7.58500000
v 3.14000000 7.19000000 9.01500000
f 1874 1876 1873
f 1877 1874 1873
f 1873 1876 1875
f 1875 1877 1873
f 1874 1880 1876
f 1878 1874 1877
f 1878 1880 1874
f 1876 1880 1875
f 1879 1877 1875
f 1875 1880 1879
f 1879 1878 1877
f 1880 1878 1879

o APARTMENT_08_WIN_S_2.62_TOP
v 1.96000000 7.13000000 9.09500000
v 1.96000000 7.13000000 9.19500000
v 1.96000000 7.27000000 9.09500000
v 1.96000000 7.27000000 9.19500000
v 3.29000000 7.13000000 9.09500000
v 3.29000000 7.13000000 9.19500000
v 3.29000000 7.27000000 9.09500000
v 3.29000000 7.27000000 9.19500000
f 1882 1884 1881
f 1885 1882 1881
f 1881 1884 1883
f 1883 1885 1881
f 1882 1888 1884
f 1886 1882 1885
f 1886 1888 1882
f 1884 1888 1883
f 1887 1885 1883
f 1883 1888 1887
f 1887 1886 1885
f 1888 1886 1887

o APARTMENT_08_WIN_N_2.62_FRAME
v 2.05000000 13.45000000 7.52500000
v 2.05000000 13.45000000 9.07500000
v 2.05000000 13.55000000 7.52500000
v 2.05000000 13.55000000 9.07500000
v 3.20000000 13.45000000 7.52500000
v 3.20000000 13.45000000 9.07500000
v 3.20000000 13.55000000 7.52500000
v 3.20000000 13.55000000 9.07500000
f 1890 1892 1889
f 1893 1890 1889
f 1889 1892 1891
f 1891 1893 1889
f 1890 1896 1892
f 1894 1890 1893
f 1894 1896 1890
f 1892 1896 1891
f 1895 1893 1891
f 1891 1896 1895
f 1895 1894 1893
f 1896 1894 1895

o APARTMENT_08_WIN_N_2.62_GLASS
v 2.11000000 13.51000000 7.58500000
v 2.11000000 13.51000000 9.01500000
v 2.11000000 13.55000000 7.58500000
v 2.11000000 13.55000000 9.01500000
v 3.14000000 13.51000000 7.58500000
v 3.14000000 13.51000000 9.01500000
v 3.14000000 13.55000000 7.58500000
v 3.14000000 13.55000000 9.01500000
f 1898 1900 1897
f 1901 1898 1897
f 1897 1900 1899
f 1899 1901 1897
f 1898 1904 1900
f 1902 1898 1901
f 1902 1904 1898
f 1900 1904 1899
f 1903 1901 1899
f 1899 1904 1903
f 1903 1902 1901
f 1904 1902 1903

o APARTMENT_08_WIN_N_2.62_TOP
v 1.96000000 13.43000000 9.09500000
v 1.96000000 13.43000000 9.19500000
v 1.96000000 13.57000000 9.09500000
v 1.96000000 13.57000000 9.19500000
v 3.29000000 13.43000000 9.09500000
v 3.29000000 13.43000000 9.19500000
v 3.29000000 13.57000000 9.09500000
v 3.29000000 13.57000000 9.19500000
f 1906 1908 1905
f 1909 1906 1905
f 1905 1908 1907
f 1907 1909 1905
f 1906 1912 1908
f 1910 1906 1909
f 1910 1912 1906
f 1908 1912 1907
f 1911 1909 1907
f 1907 1912 1911
f 1911 1910 1909
f 1912 1910 1911

o APARTMENT_08_WIN_S_1.20_FRAME
v 0.62500000 7.15000000 7.52500000
v 0.62500000 7.15000000 9.07500000
v 0.62500000 7.25000000 7.52500000
v 0.62500000 7.25000000 9.07500000
v 1.77500000 7.15000000 7.52500000
v 1.77500000 7.15000000 9.07500000
v 1.77500000 7.25000000 7.52500000
v 1.77500000 7.25000000 9.07500000
f 1914 1916 1913
f 1917 1914 1913
f 1913 1916 1915
f 1915 1917 1913
f 1914 1920 1916
f 1918 1914 1917
f 1918 1920 1914
f 1916 1920 1915
f 1919 1917 1915
f 1915 1920 1919
f 1919 1918 1917
f 1920 1918 1919

o APARTMENT_08_WIN_S_1.20_GLASS
v 0.68500000 7.15000000 7.58500000
v 0.68500000 7.15000000 9.01500000
v 0.68500000 7.19000000 7.58500000
v 0.68500000 7.19000000 9.01500000
v 1.71500000 7.15000000 7.58500000
v 1.71500000 7.15000000 9.01500000
v 1.71500000 7.19000000 7.58500000
v 1.71500000 7.19000000 9.01500000
f 1922 1924 1921
f 1925 1922 1921
f 1921 1924 1923
f 1923 1925 1921
f 1922 1928 1924
f 1926 1922 1925
f 1926 1928 1922
f 1924 1928 1923
f 1927 1925 1923
f 1923 1928 1927
f 1927 1926 1925
f 1928 1926 1927

o APARTMENT_08_WIN_S_1.20_TOP
v 0.53500000 7.13000000 9.09500000
v 0.53500000 7.13000000 9.19500000
v 0.53500000 7.27000000 9.09500000
v 0.53500000 7.27000000 9.19500000
v 1.86500000 7.13000000 9.09500000
v 1.86500000 7.13000000 9.19500000
v 1.86500000 7.27000000 9.09500000
v 1.86500000 7.27000000 9.19500000
f 1930 1932 1929
f 1933 1930 1929
f 1929 1932 1931
f 1931 1933 1929
f 1930 1936 1932
f 1934 1930 1933
f 1934 1936 1930
f 1932 1936 1931
f 1935 1933 1931
f 1931 1936 1935
f 1935 1934 1933
f 1936 1934 1935

o APARTMENT_08_WIN_N_1.20_FRAME
v 0.62500000 13.45000000 7.52500000
v 0.62500000 13.45000000 9.07500000
v 0.62500000 13.55000000 7.52500000
v 0.62500000 13.55000000 9.07500000
v 1.77500000 13.45000000 7.52500000
v 1.77500000 13.45000000 9.07500000
v 1.77500000 13.55000000 7.52500000
v 1.77500000 13.55000000 9.07500000
f 1938 1940 1937
f 1941 1938 1937
f 1937 1940 1939
f 1939 1941 1937
f 1938 1944 1940
f 1942 1938 1941
f 1942 1944 1938
f 1940 1944 1939
f 1943 1941 1939
f 1939 1944 1943
f 1943 1942 1941
f 1944 1942 1943

o APARTMENT_08_WIN_N_1.20_GLASS
v 0.68500000 13.51000000 7.58500000
v 0.68500000 13.51000000 9.01500000
v 0.68500000 13.55000000 7.58500000
v 0.68500000 13.55000000 9.01500000
v 1.71500000 13.51000000 7.58500000
v 1.71500000 13.51000000 9.01500000
v 1.71500000 13.55000000 7.58500000
v 1.71500000 13.55000000 9.01500000
f 1946 1948 1945
f 1949 1946 1945
f 1945 1948 1947
f 1947 1949 1945
f 1946 1952 1948
f 1950 1946 1949
f 1950 1952 1946
f 1948 1952 1947
f 1951 1949 1947
f 1947 1952 1951
f 1951 1950 1949
f 1952 1950 1951

o APARTMENT_08_WIN_N_1.20_TOP
v 0.53500000 13.43000000 9.09500000
v 0.53500000 13.43000000 9.19500000
v 0.53500000 13.57000000 9.09500000
v 0.53500000 13.57000000 9.19500000
v 1.86500000 13.43000000 9.09500000
v 1.86500000 13.43000000 9.19500000
v 1.86500000 13.57000000 9.09500000
v 1.86500000 13.57000000 9.19500000
f 1954 1956 1953
f 1957 1954 1953
f 1953 1956 1955
f 1955 1957 1953
f 1954 1960 1956
f 1958 1954 1957
f 1958 1960 1954
f 1956 1960 1955
f 1959 1957 1955
f 1955 1960 1959
f 1959 1958 1957
f 1960 1958 1959

o APARTMENT_08_BALCONY_SLAbove
v 1.46250000 13.50000000 7.06000000
v 1.46250000 13.50000000 7.24000000
v 1.46250000 14.60000000 7.06000000
v 1.46250000 14.60000000 7.24000000
v 3.78750000 13.50000000 7.06000000
v 3.78750000 13.50000000 7.24000000
v 3.78750000 14.60000000 7.06000000
v 3.78750000 14.60000000 7.24000000
f 1962 1964 1961
f 1965 1962 1961
f 1961 1964 1963
f 1963 1965 1961
f 1962 1968 1964
f 1966 1962 1965
f 1966 1968 1962
f 1964 1968 1963
f 1967 1965 1963
f 1963 1968 1967
f 1967 1966 1965
f 1968 1966 1967

o APARTMENT_08_BAL_RAIL_TOP
v 1.46250000 14.54000000 7.71000000
v 1.46250000 14.54000000 7.79000000
v 1.46250000 14.62000000 7.71000000
v 1.46250000 14.62000000 7.79000000
v 3.78750000 14.54000000 7.71000000
v 3.78750000 14.54000000 7.79000000
v 3.78750000 14.62000000 7.71000000
v 3.78750000 14.62000000 7.79000000
f 1970 1972 1969
f 1973 1970 1969
f 1969 1972 1971
f 1971 1973 1969
f 1970 1976 1972
f 1974 1970 1973
f 1974 1976 1970
f 1972 1976 1971
f 1975 1973 1971
f 1971 1976 1975
f 1975 1974 1973
f 1976 1974 1975

o APARTMENT_08_BAL_RAIL_1.5
v 1.44000000 14.55750000 7.02500000
v 1.44000000 14.55750000 7.77500000
v 1.44000000 14.60250000 7.02500000
v 1.44000000 14.60250000 7.77500000
v 1.48500000 14.55750000 7.02500000
v 1.48500000 14.55750000 7.77500000
v 1.48500000 14.60250000 7.02500000
v 1.48500000 14.60250000 7.77500000
f 1978 1980 1977
f 1981 1978 1977
f 1977 1980 1979
f 1979 1981 1977
f 1978 1984 1980
f 1982 1978 1981
f 1982 1984 1978
f 1980 1984 1979
f 1983 1981 1979
f 1979 1984 1983
f 1983 1982 1981
f 1984 1982 1983

o APARTMENT_08_BAL_RAIL_2.2
v 2.21500000 14.55750000 7.02500000
v 2.21500000 14.55750000 7.77500000
v 2.21500000 14.60250000 7.02500000
v 2.21500000 14.60250000 7.77500000
v 2.26000000 14.55750000 7.02500000
v 2.26000000 14.55750000 7.77500000
v 2.26000000 14.60250000 7.02500000
v 2.26000000 14.60250000 7.77500000
f 1986 1988 1985
f 1989 1986 1985
f 1985 1988 1987
f 1987 1989 1985
f 1986 1992 1988
f 1990 1986 1989
f 1990 1992 1986
f 1988 1992 1987
f 1991 1989 1987
f 1987 1992 1991
f 1991 1990 1989
f 1992 1990 1991

o APARTMENT_08_BAL_RAIL_3.0
v 2.99000000 14.55750000 7.02500000
v 2.99000000 14.55750000 7.77500000
v 2.99000000 14.60250000 7.02500000
v 2.99000000 14.60250000 7.77500000
v 3.03500000 14.55750000 7.02500000
v 3.03500000 14.55750000 7.77500000
v 3.03500000 14.60250000 7.02500000
v 3.03500000 14.60250000 7.77500000
f 1994 1996 1993
f 1997 1994 1993
f 1993 1996 1995
f 1995 1997 1993
f 1994 2000 1996
f 1998 1994 1997
f 1998 2000 1994
f 1996 2000 1995
f 1999 1997 1995
f 1995 2000 1999
f 1999 1998 1997
f 2000 1998 1999

o APARTMENT_08_BAL_RAIL_3.8
v 3.76500000 14.55750000 7.02500000
v 3.76500000 14.55750000 7.77500000
v 3.76500000 14.60250000 7.02500000
v 3.76500000 14.60250000 7.77500000
v 3.81000000 14.55750000 7.02500000
v 3.81000000 14.55750000 7.77500000
v 3.81000000 14.60250000 7.02500000
v 3.81000000 14.60250000 7.77500000
f 2002 2004 2001
f 2005 2002 2001
f 2001 2004 2003
f 2003 2005 2001
f 2002 2008 2004
f 2006 2002 2005
f 2006 2008 2002
f 2004 2008 2003
f 2007 2005 2003
f 2003 2008 2007
f 2007 2006 2005
f 2008 2006 2007

o APARTMENT_08_KITCHEN
v 0.50000000 7.77500000 6.60500000
v 0.50000000 7.77500000 7.45500000
v 0.50000000 8.42500000 6.60500000
v 0.50000000 8.42500000 7.45500000
v 1.89500000 7.77500000 6.60500000
v 1.89500000 7.77500000 7.45500000
v 1.89500000 8.42500000 6.60500000
v 1.89500000 8.42500000 7.45500000
f 2010 2012 2009
f 2013 2010 2009
f 2009 2012 2011
f 2011 2013 2009
f 2010 2016 2012
f 2014 2010 2013
f 2014 2016 2010
f 2012 2016 2011
f 2015 2013 2011
f 2011 2016 2015
f 2015 2014 2013
f 2016 2014 2015

o APARTMENT_08_BATH
v 0.70000000 8.24900000 6.60500000
v 0.70000000 8.24900000 7.05500000
v 0.70000000 9.04900000 6.60500000
v 0.70000000 9.04900000 7.05500000
v 1.80000000 8.24900000 6.60500000
v 1.80000000 8.24900000 7.05500000
v 1.80000000 9.04900000 6.60500000
v 1.80000000 9.04900000 7.05500000
f 2018 2020 2017
f 2021 2018 2017
f 2017 2020 2019
f 2019 2021 2017
f 2018 2024 2020
f 2022 2018 2021
f 2022 2024 2018
f 2020 2024 2019
f 2023 2021 2019
f 2019 2024 2023
f 2023 2022 2021
f 2024 2022 2023

o APARTMENT_09_FLOOR
v 5.15000000 7.20000000 6.60000000
v 5.15000000 7.20000000 6.70000000
v 5.15000000 13.50000000 6.60000000
v 5.15000000 13.50000000 6.70000000
v 9.05000000 7.20000000 6.60000000
v 9.05000000 7.20000000 6.70000000
v 9.05000000 13.50000000 6.60000000
v 9.05000000 13.50000000 6.70000000
f 2026 2028 2025
f 2029 2026 2025
f 2025 2028 2027
f 2027 2029 2025
f 2026 2032 2028
f 2030 2026 2029
f 2030 2032 2026
f 2028 2032 2027
f 2031 2029 2027
f 2027 2032 2031
f 2031 2030 2029
f 2032 2030 2031

o APARTMENT_09_W_S
v 5.15000000 7.14000000 6.60000000
v 5.15000000 7.14000000 9.70000000
v 5.15000000 7.26000000 6.60000000
v 5.15000000 7.26000000 9.70000000
v 9.05000000 7.14000000 6.60000000
v 9.05000000 7.14000000 9.70000000
v 9.05000000 7.26000000 6.60000000
v 9.05000000 7.26000000 9.70000000
f 2034 2036 2033
f 2037 2034 2033
f 2033 2036 2035
f 2035 2037 2033
f 2034 2040 2036
f 2038 2034 2037
f 2038 2040 2034
f 2036 2040 2035
f 2039 2037 2035
f 2035 2040 2039
f 2039 2038 2037
f 2040 2038 2039

o APARTMENT_09_W_N
v 5.15000000 13.44000000 6.60000000
v 5.15000000 13.44000000 9.70000000
v 5.15000000 13.56000000 6.60000000
v 5.15000000 13.56000000 9.70000000
v 9.05000000 13.44000000 6.60000000
v 9.05000000 13.44000000 9.70000000
v 9.05000000 13.56000000 6.60000000
v 9.05000000 13.56000000 9.70000000
f 2042 2044 2041
f 2045 2042 2041
f 2041 2044 2043
f 2043 2045 2041
f 2042 2048 2044
f 2046 2042 2045
f 2046 2048 2042
f 2044 2048 2043
f 2047 2045 2043
f 2043 2048 2047
f 2047 2046 2045
f 2048 2046 2047

o APARTMENT_09_W_W
v -10.29000000 2.00000000 6.60000000
v -10.29000000 2.00000000 9.70000000
v -10.41000000 2.00000000 6.60000000
v -10.41000000 2.00000000 9.70000000
v -10.29000000 8.30000000 6.60000000
v -10.29000000 8.30000000 9.70000000
v -10.41000000 8.30000000 6.60000000
v -10.41000000 8.30000000 9.70000000
f 2050 2052 2049
f 2053 2050 2049
f 2049 2052 2051
f 2051 2053 2049
f 2050 2056 2052
f 2054 2050 2053
f 2054 2056 2050
f 2052 2056 2051
f 2055 2053 2051
f 2051 2056 2055
f 2055 2054 2053
f 2056 2054 2055

o APARTMENT_09_W_E
v -10.29000000 5.90000000 6.60000000
v -10.29000000 5.90000000 9.70000000
v -10.41000000 5.90000000 6.60000000
v -10.41000000 5.90000000 9.70000000
v -10.29000000 12.20000000 6.60000000
v -10.29000000 12.20000000 9.70000000
v -10.41000000 12.20000000 6.60000000
v -10.41000000 12.20000000 9.70000000
f 2058 2060 2057
f 2061 2058 2057
f 2057 2060 2059
f 2059 2061 2057
f 2058 2064 2060
f 2062 2058 2061
f 2062 2064 2058
f 2060 2064 2059
f 2063 2061 2059
f 2059 2064 2063
f 2063 2062 2061
f 2064 2062 2063

o APARTMENT_09_PART_1
v 5.35000000 10.03800000 6.60000000
v 5.35000000 10.03800000 9.60000000
v 5.35000000 10.15800000 6.60000000
v 5.35000000 10.15800000 9.60000000
v 8.85000000 10.03800000 6.60000000
v 8.85000000 10.03800000 9.60000000
v 8.85000000 10.15800000 6.60000000
v 8.85000000 10.15800000 9.60000000
f 2066 2068 2065
f 2069 2066 2065
f 2065 2068 2067
f 2067 2069 2065
f 2066 2072 2068
f 2070 2066 2069
f 2070 2072 2066
f 2068 2072 2067
f 2071 2069 2067
f 2067 2072 2071
f 2071 2070 2069
f 2072 2070 2071

o APARTMENT_09_PART_2
v -8.68900000 5.16600000 6.60000000
v -8.68900000 5.16600000 9.60000000
v -8.80900000 5.16600000 6.60000000
v -8.80900000 5.16600000 9.60000000
v -8.68900000 7.86400000 6.60000000
v -8.68900000 7.86400000 9.60000000
v -8.80900000 7.86400000 6.60000000
v -8.80900000 7.86400000 9.60000000
f 2074 2076 2073
f 2077 2074 2073
f 2073 2076 2075
f 2075 2077 2073
f 2074 2080 2076
f 2078 2074 2077
f 2078 2080 2074
f 2076 2080 2075
f 2079 2077 2075
f 2075 2080 2079
f 2079 2078 2077
f 2080 2078 2079

o APARTMENT_09_WIN_S_7.10_FRAME
v 6.52500000 7.15000000 7.52500000
v 6.52500000 7.15000000 9.07500000
v 6.52500000 7.25000000 7.52500000
v 6.52500000 7.25000000 9.07500000
v 7.67500000 7.15000000 7.52500000
v 7.67500000 7.15000000 9.07500000
v 7.67500000 7.25000000 7.52500000
v 7.67500000 7.25000000 9.07500000
f 2082 2084 2081
f 2085 2082 2081
f 2081 2084 2083
f 2083 2085 2081
f 2082 2088 2084
f 2086 2082 2085
f 2086 2088 2082
f 2084 2088 2083
f 2087 2085 2083
f 2083 2088 2087
f 2087 2086 2085
f 2088 2086 2087

o APARTMENT_09_WIN_S_7.10_GLASS
v 6.58500000 7.15000000 7.58500000
v 6.58500000 7.15000000 9.01500000
v 6.58500000 7.19000000 7.58500000
v 6.58500000 7.19000000 9.01500000
v 7.61500000 7.15000000 7.58500000
v 7.61500000 7.15000000 9.01500000
v 7.61500000 7.19000000 7.58500000
v 7.61500000 7.19000000 9.01500000
f 2090 2092 2089
f 2093 2090 2089
f 2089 2092 2091
f 2091 2093 2089
f 2090 2096 2092
f 2094 2090 2093
f 2094 2096 2090
f 2092 2096 2091
f 2095 2093 2091
f 2091 2096 2095
f 2095 2094 2093
f 2096 2094 2095

o APARTMENT_09_WIN_S_7.10_TOP
v 6.43500000 7.13000000 9.09500000
v 6.43500000 7.13000000 9.19500000
v 6.43500000 7.27000000 9.09500000
v 6.43500000 7.27000000 9.19500000
v 7.76500000 7.13000000 9.09500000
v 7.76500000 7.13000000 9.19500000
v 7.76500000 7.27000000 9.09500000
v 7.76500000 7.27000000 9.19500000
f 2098 2100 2097
f 2101 2098 2097
f 2097 2100 2099
f 2099 2101 2097
f 2098 2104 2100
f 2102 2098 2101
f 2102 2104 2098
f 2100 2104 2099
f 2103 2101 2099
f 2099 2104 2103
f 2103 2102 2101
f 2104 2102 2103

o APARTMENT_09_WIN_N_7.10_FRAME
v 6.52500000 13.45000000 7.52500000
v 6.52500000 13.45000000 9.07500000
v 6.52500000 13.55000000 7.52500000
v 6.52500000 13.55000000 9.07500000
v 7.67500000 13.45000000 7.52500000
v 7.67500000 13.45000000 9.07500000
v 7.67500000 13.55000000 7.52500000
v 7.67500000 13.55000000 9.07500000
f 2106 2108 2105
f 2109 2106 2105
f 2105 2108 2107
f 2107 2109 2105
f 2106 2112 2108
f 2110 2106 2109
f 2110 2112 2106
f 2108 2112 2107
f 2111 2109 2107
f 2107 2112 2111
f 2111 2110 2109
f 2112 2110 2111

o APARTMENT_09_WIN_N_7.10_GLASS
v 6.58500000 13.51000000 7.58500000
v 6.58500000 13.51000000 9.01500000
v 6.58500000 13.55000000 7.58500000
v 6.58500000 13.55000000 9.01500000
v 7.61500000 13.51000000 7.58500000
v 7.61500000 13.51000000 9.01500000
v 7.61500000 13.55000000 7.58500000
v 7.61500000 13.55000000 9.01500000
f 2114 2116 2113
f 2117 2114 2113
f 2113 2116 2115
f 2115 2117 2113
f 2114 2120 2116
f 2118 2114 2117
f 2118 2120 2114
f 2116 2120 2115
f 2119 2117 2115
f 2115 2120 2119
f 2119 2118 2117
f 2120 2118 2119

o APARTMENT_09_WIN_N_7.10_TOP
v 6.43500000 13.43000000 9.09500000
v 6.43500000 13.43000000 9.19500000
v 6.43500000 13.57000000 9.09500000
v 6.43500000 13.57000000 9.19500000
v 7.76500000 13.43000000 9.09500000
v 7.76500000 13.43000000 9.19500000
v 7.76500000 13.57000000 9.09500000
v 7.76500000 13.57000000 9.19500000
f 2122 2124 2121
f 2125 2122 2121
f 2121 2124 2123
f 2123 2125 2121
f 2122 2128 2124
f 2126 2122 2125
f 2126 2128 2122
f 2124 2128 2123
f 2127 2125 2123
f 2123 2128 2127
f 2127 2126 2125
f 2128 2126 2127

o APARTMENT_09_WIN_S_6.05_FRAME
v 5.47500000 7.15000000 7.52500000
v 5.47500000 7.15000000 9.07500000
v 5.47500000 7.25000000 7.52500000
v 5.47500000 7.25000000 9.07500000
v 6.62500000 7.15000000 7.52500000
v 6.62500000 7.15000000 9.07500000
v 6.62500000 7.25000000 7.52500000
v 6.62500000 7.25000000 9.07500000
f 2130 2132 2129
f 2133 2130 2129
f 2129 2132 2131
f 2131 2133 2129
f 2130 2136 2132
f 2134 2130 2133
f 2134 2136 2130
f 2132 2136 2131
f 2135 2133 2131
f 2131 2136 2135
f 2135 2134 2133
f 2136 2134 2135

o APARTMENT_09_WIN_S_6.05_GLASS
v 5.53500000 7.15000000 7.58500000
v 5.53500000 7.15000000 9.01500000
v 5.53500000 7.19000000 7.58500000
v 5.53500000 7.19000000 9.01500000
v 6.56500000 7.15000000 7.58500000
v 6.56500000 7.15000000 9.01500000
v 6.56500000 7.19000000 7.58500000
v 6.56500000 7.19000000 9.01500000
f 2138 2140 2137
f 2141 2138 2137
f 2137 2140 2139
f 2139 2141 2137
f 2138 2144 2140
f 2142 2138 2141
f 2142 2144 2138
f 2140 2144 2139
f 2143 2141 2139
f 2139 2144 2143
f 2143 2142 2141
f 2144 2142 2143

o APARTMENT_09_WIN_S_6.05_TOP
v 5.38500000 7.13000000 9.09500000
v 5.38500000 7.13000000 9.19500000
v 5.38500000 7.27000000 9.09500000
v 5.38500000 7.27000000 9.19500000
v 6.71500000 7.13000000 9.09500000
v 6.71500000 7.13000000 9.19500000
v 6.71500000 7.27000000 9.09500000
v 6.71500000 7.27000000 9.19500000
f 2146 2148 2145
f 2149 2146 2145
f 2145 2148 2147
f 2147 2149 2145
f 2146 2152 2148
f 2150 2146 2149
f 2150 2152 2146
f 2148 2152 2147
f 2151 2149 2147
f 2147 2152 2151
f 2151 2150 2149
f 2152 2150 2151

o APARTMENT_09_WIN_N_6.05_FRAME
v 5.47500000 13.45000000 7.52500000
v 5.47500000 13.45000000 9.07500000
v 5.47500000 13.55000000 7.52500000
v 5.47500000 13.55000000 9.07500000
v 6.62500000 13.45000000 7.52500000
v 6.62500000 13.45000000 9.07500000
v 6.62500000 13.55000000 7.52500000
v 6.62500000 13.55000000 9.07500000
f 2154 2156 2153
f 2157 2154 2153
f 2153 2156 2155
f 2155 2157 2153
f 2154 2160 2156
f 2158 2154 2157
f 2158 2160 2154
f 2156 2160 2155
f 2159 2157 2155
f 2155 2160 2159
f 2159 2158 2157
f 2160 2158 2159

o APARTMENT_09_WIN_N_6.05_GLASS
v 5.53500000 13.51000000 7.58500000
v 5.53500000 13.51000000 9.01500000
v 5.53500000 13.55000000 7.58500000
v 5.53500000 13.55000000 9.01500000
v 6.56500000 13.51000000 7.58500000
v 6.56500000 13.51000000 9.01500000
v 6.56500000 13.55000000 7.58500000
v 6.56500000 13.55000000 9.01500000
f 2162 2164 2161
f 2165 2162 2161
f 2161 2164 2163
f 2163 2165 2161
f 2162 2168 2164
f 2166 2162 2165
f 2166 2168 2162
f 2164 2168 2163
f 2167 2165 2163
f 2163 2168 2167
f 2167 2166 2165
f 2168 2166 2167

o APARTMENT_09_WIN_N_6.05_TOP
v 5.38500000 13.43000000 9.09500000
v 5.38500000 13.43000000 9.19500000
v 5.38500000 13.57000000 9.09500000
v 5.38500000 13.57000000 9.19500000
v 6.71500000 13.43000000 9.09500000
v 6.71500000 13.43000000 9.19500000
v 6.71500000 13.57000000 9.09500000
v 6.71500000 13.57000000 9.19500000
f 2170 2172 2169
f 2173 2170 2169
f 2169 2172 2171
f 2171 2173 2169
f 2170 2176 2172
f 2174 2170 2173
f 2174 2176 2170
f 2172 2176 2171
f 2175 2173 2171
f 2171 2176 2175
f 2175 2174 2173
f 2176 2174 2175

o APARTMENT_09_BALCONY_SLAbove
v 6.12500000 13.50000000 7.06000000
v 6.12500000 13.50000000 7.24000000
v 6.12500000 14.60000000 7.06000000
v 6.12500000 14.60000000 7.24000000
v 8.07500000 13.50000000 7.06000000
v 8.07500000 13.50000000 7.24000000
v 8.07500000 14.60000000 7.06000000
v 8.07500000 14.60000000 7.24000000
f 2178 2180 2177
f 2181 2178 2177
f 2177 2180 2179
f 2179 2181 2177
f 2178 2184 2180
f 2182 2178 2181
f 2182 2184 2178
f 2180 2184 2179
f 2183 2181 2179
f 2179 2184 2183
f 2183 2182 2181
f 2184 2182 2183

o APARTMENT_09_BAL_RAIL_TOP
v 6.12500000 14.54000000 7.71000000
v 6.12500000 14.54000000 7.79000000
v 6.12500000 14.62000000 7.71000000
v 6.12500000 14.62000000 7.79000000
v 8.07500000 14.54000000 7.71000000
v 8.07500000 14.54000000 7.79000000
v 8.07500000 14.62000000 7.71000000
v 8.07500000 14.62000000 7.79000000
f 2186 2188 2185
f 2189 2186 2185
f 2185 2188 2187
f 2187 2189 2185
f 2186 2192 2188
f 2190 2186 2189
f 2190 2192 2186
f 2188 2192 2187
f 2191 2189 2187
f 2187 2192 2191
f 2191 2190 2189
f 2192 2190 2191

o APARTMENT_09_BAL_RAIL_6.1
v 6.10250000 14.55750000 7.02500000
v 6.10250000 14.55750000 7.77500000
v 6.10250000 14.60250000 7.02500000
v 6.10250000 14.60250000 7.77500000
v 6.14750000 14.55750000 7.02500000
v 6.14750000 14.55750000 7.77500000
v 6.14750000 14.60250000 7.02500000
v 6.14750000 14.60250000 7.77500000
f 2194 2196 2193
f 2197 2194 2193
f 2193 2196 2195
f 2195 2197 2193
f 2194 2200 2196
f 2198 2194 2197
f 2198 2200 2194
f 2196 2200 2195
f 2199 2197 2195
f 2195 2200 2199
f 2199 2198 2197
f 2200 2198 2199

o APARTMENT_09_BAL_RAIL_7.1
v 7.07750000 14.55750000 7.02500000
v 7.07750000 14.55750000 7.77500000
v 7.07750000 14.60250000 7.02500000
v 7.07750000 14.60250000 7.77500000
v 7.12250000 14.55750000 7.02500000
v 7.12250000 14.55750000 7.77500000
v 7.12250000 14.60250000 7.02500000
v 7.12250000 14.60250000 7.77500000
f 2202 2204 2201
f 2205 2202 2201
f 2201 2204 2203
f 2203 2205 2201
f 2202 2208 2204
f 2206 2202 2205
f 2206 2208 2202
f 2204 2208 2203
f 2207 2205 2203
f 2203 2208 2207
f 2207 2206 2205
f 2208 2206 2207

o APARTMENT_09_BAL_RAIL_8.1
v 8.05250000 14.55750000 7.02500000
v 8.05250000 14.55750000 7.77500000
v 8.05250000 14.60250000 7.02500000
v 8.05250000 14.60250000 7.77500000
v 8.09750000 14.55750000 7.02500000
v 8.09750000 14.55750000 7.77500000
v 8.09750000 14.60250000 7.02500000
v 8.09750000 14.60250000 7.77500000
f 2210 2212 2209
f 2213 2210 2209
f 2209 2212 2211
f 2211 2213 2209
f 2210 2216 2212
f 2214 2210 2213
f 2214 2216 2210
f 2212 2216 2211
f 2215 2213 2211
f 2211 2216 2215
f 2215 2214 2213
f 2216 2214 2215

o APARTMENT_09_KITCHEN
v 5.35000000 7.77500000 6.60500000
v 5.35000000 7.77500000 7.45500000
v 5.35000000 8.42500000 6.60500000
v 5.35000000 8.42500000 7.45500000
v 6.52000000 7.77500000 6.60500000
v 6.52000000 7.77500000 7.45500000
v 6.52000000 8.42500000 6.60500000
v 6.52000000 8.42500000 7.45500000
f 2218 2220 2217
f 2221 2218 2217
f 2217 2220 2219
f 2219 2221 2217
f 2218 2224 2220
f 2222 2218 2221
f 2222 2224 2218
f 2220 2224 2219
f 2223 2221 2219
f 2219 2224 2223
f 2223 2222 2221
f 2224 2222 2223

o APARTMENT_09_BATH
v 5.55000000 8.24900000 6.60500000
v 5.55000000 8.24900000 7.05500000
v 5.55000000 9.04900000 6.60500000
v 5.55000000 9.04900000 7.05500000
v 6.65000000 8.24900000 6.60500000
v 6.65000000 8.24900000 7.05500000
v 6.65000000 9.04900000 6.60500000
v 6.65000000 9.04900000 7.05500000
f 2226 2228 2225
f 2229 2226 2225
f 2225 2228 2227
f 2227 2229 2225
f 2226 2232 2228
f 2230 2226 2229
f 2230 2232 2226
f 2228 2232 2227
f 2231 2229 2227
f 2227 2232 2231
f 2231 2230 2229
f 2232 2230 2231

o APARTMENT_10_FLOOR
v 9.25000000 7.20000000 6.60000000
v 9.25000000 7.20000000 6.70000000
v 9.25000000 13.50000000 6.60000000
v 9.25000000 13.50000000 6.70000000
v 13.50000000 7.20000000 6.60000000
v 13.50000000 7.20000000 6.70000000
v 13.50000000 13.50000000 6.60000000
v 13.50000000 13.50000000 6.70000000
f 2234 2236 2233
f 2237 2234 2233
f 2233 2236 2235
f 2235 2237 2233
f 2234 2240 2236
f 2238 2234 2237
f 2238 2240 2234
f 2236 2240 2235
f 2239 2237 2235
f 2235 2240 2239
f 2239 2238 2237
f 2240 2238 2239

o APARTMENT_10_W_S
v 9.25000000 7.14000000 6.60000000
v 9.25000000 7.14000000 9.70000000
v 9.25000000 7.26000000 6.60000000
v 9.25000000 7.26000000 9.70000000
v 13.50000000 7.14000000 6.60000000
v 13.50000000 7.14000000 9.70000000
v 13.50000000 7.26000000 6.60000000
v 13.50000000 7.26000000 9.70000000
f 2242 2244 2241
f 2245 2242 2241
f 2241 2244 2243
f 2243 2245 2241
f 2242 2248 2244
f 2246 2242 2245
f 2246 2248 2242
f 2244 2248 2243
f 2247 2245 2243
f 2243 2248 2247
f 2247 2246 2245
f 2248 2246 2247

o APARTMENT_10_W_N
v 9.25000000 13.44000000 6.60000000
v 9.25000000 13.44000000 9.70000000
v 9.25000000 13.56000000 6.60000000
v 9.25000000 13.56000000 9.70000000
v 13.50000000 13.44000000 6.60000000
v 13.50000000 13.44000000 9.70000000
v 13.50000000 13.56000000 6.60000000
v 13.50000000 13.56000000 9.70000000
f 2250 2252 2249
f 2253 2250 2249
f 2249 2252 2251
f 2251 2253 2249
f 2250 2256 2252
f 2254 2250 2253
f 2254 2256 2250
f 2252 2256 2251
f 2255 2253 2251
f 2251 2256 2255
f 2255 2254 2253
f 2256 2254 2255

o APARTMENT_10_W_W
v -10.29000000 6.10000000 6.60000000
v -10.29000000 6.10000000 9.70000000
v -10.41000000 6.10000000 6.60000000
v -10.41000000 6.10000000 9.70000000
v -10.29000000 12.40000000 6.60000000
v -10.29000000 12.40000000 9.70000000
v -10.41000000 12.40000000 6.60000000
v -10.41000000 12.40000000 9.70000000
f 2258 2260 2257
f 2261 2258 2257
f 2257 2260 2259
f 2259 2261 2257
f 2258 2264 2260
f 2262 2258 2261
f 2262 2264 2258
f 2260 2264 2259
f 2263 2261 2259
f 2259 2264 2263
f 2263 2262 2261
f 2264 2262 2263

o APARTMENT_10_W_E
v -10.29000000 10.35000000 6.60000000
v -10.29000000 10.35000000 9.70000000
v -10.41000000 10.35000000 6.60000000
v -10.41000000 10.35000000 9.70000000
v -10.29000000 16.65000000 6.60000000
v -10.29000000 16.65000000 9.70000000
v -10.41000000 16.65000000 6.60000000
v -10.41000000 16.65000000 9.70000000
f 2266 2268 2265
f 2269 2266 2265
f 2265 2268 2267
f 2267 2269 2265
f 2266 2272 2268
f 2270 2266 2269
f 2270 2272 2266
f 2268 2272 2267
f 2271 2269 2267
f 2267 2272 2271
f 2271 2270 2269
f 2272 2270 2271

o APARTMENT_10_PART_1
v 9.45000000 10.03800000 6.60000000
v 9.45000000 10.03800000 9.60000000
v 9.45000000 10.15800000 6.60000000
v 9.45000000 10.15800000 9.60000000
v 13.30000000 10.03800000 6.60000000
v 13.30000000 10.03800000 9.60000000
v 13.30000000 10.15800000 6.60000000
v 13.30000000 10.15800000 9.60000000
f 2274 2276 2273
f 2277 2274 2273
f 2273 2276 2275
f 2275 2277 2273
f 2274 2280 2276
f 2278 2274 2277
f 2278 2280 2274
f 2276 2280 2275
f 2279 2277 2275
f 2275 2280 2279
f 2279 2278 2277
f 2280 2278 2279

o APARTMENT_10_PART_2
v -8.68900000 9.38850000 6.60000000
v -8.68900000 9.38850000 9.60000000
v -8.80900000 9.38850000 6.60000000
v -8.80900000 9.38850000 9.60000000
v -8.68900000 12.08650000 6.60000000
v -8.68900000 12.08650000 9.60000000
v -8.80900000 12.08650000 6.60000000
v -8.80900000 12.08650000 9.60000000
f 2282 2284 2281
f 2285 2282 2281
f 2281 2284 2283
f 2283 2285 2281
f 2282 2288 2284
f 2286 2282 2285
f 2286 2288 2282
f 2284 2288 2283
f 2287 2285 2283
f 2283 2288 2287
f 2287 2286 2285
f 2288 2286 2287

o APARTMENT_10_WIN_S_11.38_FRAME
v 10.80000000 7.15000000 7.52500000
v 10.80000000 7.15000000 9.07500000
v 10.80000000 7.25000000 7.52500000
v 10.80000000 7.25000000 9.07500000
v 11.95000000 7.15000000 7.52500000
v 11.95000000 7.15000000 9.07500000
v 11.95000000 7.25000000 7.52500000
v 11.95000000 7.25000000 9.07500000
f 2290 2292 2289
f 2293 2290 2289
f 2289 2292 2291
f 2291 2293 2289
f 2290 2296 2292
f 2294 2290 2293
f 2294 2296 2290
f 2292 2296 2291
f 2295 2293 2291
f 2291 2296 2295
f 2295 2294 2293
f 2296 2294 2295

o APARTMENT_10_WIN_S_11.38_GLASS
v 10.86000000 7.15000000 7.58500000
v 10.86000000 7.15000000 9.01500000
v 10.86000000 7.19000000 7.58500000
v 10.86000000 7.19000000 9.01500000
v 11.89000000 7.15000000 7.58500000
v 11.89000000 7.15000000 9.01500000
v 11.89000000 7.19000000 7.58500000
v 11.89000000 7.19000000 9.01500000
f 2298 2300 2297
f 2301 2298 2297
f 2297 2300 2299
f 2299 2301 2297
f 2298 2304 2300
f 2302 2298 2301
f 2302 2304 2298
f 2300 2304 2299
f 2303 2301 2299
f 2299 2304 2303
f 2303 2302 2301
f 2304 2302 2303

o APARTMENT_10_WIN_S_11.38_TOP
v 10.71000000 7.13000000 9.09500000
v 10.71000000 7.13000000 9.19500000
v 10.71000000 7.27000000 9.09500000
v 10.71000000 7.27000000 9.19500000
v 12.04000000 7.13000000 9.09500000
v 12.04000000 7.13000000 9.19500000
v 12.04000000 7.27000000 9.09500000
v 12.04000000 7.27000000 9.19500000
f 2306 2308 2305
f 2309 2306 2305
f 2305 2308 2307
f 2307 2309 2305
f 2306 2312 2308
f 2310 2306 2309
f 2310 2312 2306
f 2308 2312 2307
f 2311 2309 2307
f 2307 2312 2311
f 2311 2310 2309
f 2312 2310 2311

o APARTMENT_10_WIN_N_11.38_FRAME
v 10.80000000 13.45000000 7.52500000
v 10.80000000 13.45000000 9.07500000
v 10.80000000 13.55000000 7.52500000
v 10.80000000 13.55000000 9.07500000
v 11.95000000 13.45000000 7.52500000
v 11.95000000 13.45000000 9.07500000
v 11.95000000 13.55000000 7.52500000
v 11.95000000 13.55000000 9.07500000
f 2314 2316 2313
f 2317 2314 2313
f 2313 2316 2315
f 2315 2317 2313
f 2314 2320 2316
f 2318 2314 2317
f 2318 2320 2314
f 2316 2320 2315
f 2319 2317 2315
f 2315 2320 2319
f 2319 2318 2317
f 2320 2318 2319

o APARTMENT_10_WIN_N_11.38_GLASS
v 10.86000000 13.51000000 7.58500000
v 10.86000000 13.51000000 9.01500000
v 10.86000000 13.55000000 7.58500000
v 10.86000000 13.55000000 9.01500000
v 11.89000000 13.51000000 7.58500000
v 11.89000000 13.51000000 9.01500000
v 11.89000000 13.55000000 7.58500000
v 11.89000000 13.55000000 9.01500000
f 2322 2324 2321
f 2325 2322 2321
f 2321 2324 2323
f 2323 2325 2321
f 2322 2328 2324
f 2326 2322 2325
f 2326 2328 2322
f 2324 2328 2323
f 2327 2325 2323
f 2323 2328 2327
f 2327 2326 2325
f 2328 2326 2327

o APARTMENT_10_WIN_N_11.38_TOP
v 10.71000000 13.43000000 9.09500000
v 10.71000000 13.43000000 9.19500000
v 10.71000000 13.57000000 9.09500000
v 10.71000000 13.57000000 9.19500000
v 12.04000000 13.43000000 9.09500000
v 12.04000000 13.43000000 9.19500000
v 12.04000000 13.57000000 9.09500000
v 12.04000000 13.57000000 9.19500000
f 2330 2332 2329
f 2333 2330 2329
f 2329 2332 2331
f 2331 2333 2329
f 2330 2336 2332
f 2334 2330 2333
f 2334 2336 2330
f 2332 2336 2331
f 2335 2333 2331
f 2331 2336 2335
f 2335 2334 2333
f 2336 2334 2335

o APARTMENT_10_WIN_S_10.15_FRAME
v 9.57500000 7.15000000 7.52500000
v 9.57500000 7.15000000 9.07500000
v 9.57500000 7.25000000 7.52500000
v 9.57500000 7.25000000 9.07500000
v 10.72500000 7.15000000 7.52500000
v 10.72500000 7.15000000 9.07500000
v 10.72500000 7.25000000 7.52500000
v 10.72500000 7.25000000 9.07500000
f 2338 2340 2337
f 2341 2338 2337
f 2337 2340 2339
f 2339 2341 2337
f 2338 2344 2340
f 2342 2338 2341
f 2342 2344 2338
f 2340 2344 2339
f 2343 2341 2339
f 2339 2344 2343
f 2343 2342 2341
f 2344 2342 2343

o APARTMENT_10_WIN_S_10.15_GLASS
v 9.63500000 7.15000000 7.58500000
v 9.63500000 7.15000000 9.01500000
v 9.63500000 7.19000000 7.58500000
v 9.63500000 7.19000000 9.01500000
v 10.66500000 7.15000000 7.58500000
v 10.66500000 7.15000000 9.01500000
v 10.66500000 7.19000000 7.58500000
v 10.66500000 7.19000000 9.01500000
f 2346 2348 2345
f 2349 2346 2345
f 2345 2348 2347
f 2347 2349 2345
f 2346 2352 2348
f 2350 2346 2349
f 2350 2352 2346
f 2348 2352 2347
f 2351 2349 2347
f 2347 2352 2351
f 2351 2350 2349
f 2352 2350 2351

o APARTMENT_10_WIN_S_10.15_TOP
v 9.48500000 7.13000000 9.09500000
v 9.48500000 7.13000000 9.19500000
v 9.48500000 7.27000000 9.09500000
v 9.48500000 7.27000000 9.19500000
v 10.81500000 7.13000000 9.09500000
v 10.81500000 7.13000000 9.19500000
v 10.81500000 7.27000000 9.09500000
v 10.81500000 7.27000000 9.19500000
f 2354 2356 2353
f 2357 2354 2353
f 2353 2356 2355
f 2355 2357 2353
f 2354 2360 2356
f 2358 2354 2357
f 2358 2360 2354
f 2356 2360 2355
f 2359 2357 2355
f 2355 2360 2359
f 2359 2358 2357
f 2360 2358 2359

o APARTMENT_10_WIN_N_10.15_FRAME
v 9.57500000 13.45000000 7.52500000
v 9.57500000 13.45000000 9.07500000
v 9.57500000 13.55000000 7.52500000
v 9.57500000 13.55000000 9.07500000
v 10.72500000 13.45000000 7.52500000
v 10.72500000 13.45000000 9.07500000
v 10.72500000 13.55000000 7.52500000
v 10.72500000 13.55000000 9.07500000
f 2362 2364 2361
f 2365 2362 2361
f 2361 2364 2363
f 2363 2365 2361
f 2362 2368 2364
f 2366 2362 2365
f 2366 2368 2362
f 2364 2368 2363
f 2367 2365 2363
f 2363 2368 2367
f 2367 2366 2365
f 2368 2366 2367

o APARTMENT_10_WIN_N_10.15_GLASS
v 9.63500000 13.51000000 7.58500000
v 9.63500000 13.51000000 9.01500000
v 9.63500000 13.55000000 7.58500000
v 9.63500000 13.55000000 9.01500000
v 10.66500000 13.51000000 7.58500000
v 10.66500000 13.51000000 9.01500000
v 10.66500000 13.55000000 7.58500000
v 10.66500000 13.55000000 9.01500000
f 2370 2372 2369
f 2373 2370 2369
f 2369 2372 2371
f 2371 2373 2369
f 2370 2376 2372
f 2374 2370 2373
f 2374 2376 2370
f 2372 2376 2371
f 2375 2373 2371
f 2371 2376 2375
f 2375 2374 2373
f 2376 2374 2375

o APARTMENT_10_WIN_N_10.15_TOP
v 9.48500000 13.43000000 9.09500000
v 9.48500000 13.43000000 9.19500000
v 9.48500000 13.57000000 9.09500000
v 9.48500000 13.57000000 9.19500000
v 10.81500000 13.43000000 9.09500000
v 10.81500000 13.43000000 9.19500000
v 10.81500000 13.57000000 9.09500000
v 10.81500000 13.57000000 9.19500000
f 2378 2380 2377
f 2381 2378 2377
f 2377 2380 2379
f 2379 2381 2377
f 2378 2384 2380
f 2382 2378 2381
f 2382 2384 2378
f 2380 2384 2379
f 2383 2381 2379
f 2379 2384 2383
f 2383 2382 2381
f 2384 2382 2383

o APARTMENT_10_BALCONY_SLAbove
v 10.31250000 13.50000000 7.06000000
v 10.31250000 13.50000000 7.24000000
v 10.31250000 14.60000000 7.06000000
v 10.31250000 14.60000000 7.24000000
v 12.43750000 13.50000000 7.06000000
v 12.43750000 13.50000000 7.24000000
v 12.43750000 14.60000000 7.06000000
v 12.43750000 14.60000000 7.24000000
f 2386 2388 2385
f 2389 2386 2385
f 2385 2388 2387
f 2387 2389 2385
f 2386 2392 2388
f 2390 2386 2389
f 2390 2392 2386
f 2388 2392 2387
f 2391 2389 2387
f 2387 2392 2391
f 2391 2390 2389
f 2392 2390 2391

o APARTMENT_10_BAL_RAIL_TOP
v 10.31250000 14.54000000 7.71000000
v 10.31250000 14.54000000 7.79000000
v 10.31250000 14.62000000 7.71000000
v 10.31250000 14.62000000 7.79000000
v 12.43750000 14.54000000 7.71000000
v 12.43750000 14.54000000 7.79000000
v 12.43750000 14.62000000 7.71000000
v 12.43750000 14.62000000 7.79000000
f 2394 2396 2393
f 2397 2394 2393
f 2393 2396 2395
f 2395 2397 2393
f 2394 2400 2396
f 2398 2394 2397
f 2398 2400 2394
f 2396 2400 2395
f 2399 2397 2395
f 2395 2400 2399
f 2399 2398 2397
f 2400 2398 2399

o APARTMENT_10_BAL_RAIL_10.3
v 10.29000000 14.55750000 7.02500000
v 10.29000000 14.55750000 7.77500000
v 10.29000000 14.60250000 7.02500000
v 10.29000000 14.60250000 7.77500000
v 10.33500000 14.55750000 7.02500000
v 10.33500000 14.55750000 7.77500000
v 10.33500000 14.60250000 7.02500000
v 10.33500000 14.60250000 7.77500000
f 2402 2404 2401
f 2405 2402 2401
f 2401 2404 2403
f 2403 2405 2401
f 2402 2408 2404
f 2406 2402 2405
f 2406 2408 2402
f 2404 2408 2403
f 2407 2405 2403
f 2403 2408 2407
f 2407 2406 2405
f 2408 2406 2407

o APARTMENT_10_BAL_RAIL_11.0
v 10.99833333 14.55750000 7.02500000
v 10.99833333 14.55750000 7.77500000
v 10.99833333 14.60250000 7.02500000
v 10.99833333 14.60250000 7.77500000
v 11.04333333 14.55750000 7.02500000
v 11.04333333 14.55750000 7.77500000
v 11.04333333 14.60250000 7.02500000
v 11.04333333 14.60250000 7.77500000
f 2410 2412 2409
f 2413 2410 2409
f 2409 2412 2411
f 2411 2413 2409
f 2410 2416 2412
f 2414 2410 2413
f 2414 2416 2410
f 2412 2416 2411
f 2415 2413 2411
f 2411 2416 2415
f 2415 2414 2413
f 2416 2414 2415

o APARTMENT_10_BAL_RAIL_11.7
v 11.70666667 14.55750000 7.02500000
v 11.70666667 14.55750000 7.77500000
v 11.70666667 14.60250000 7.02500000
v 11.70666667 14.60250000 7.77500000
v 11.75166667 14.55750000 7.02500000
v 11.75166667 14.55750000 7.77500000
v 11.75166667 14.60250000 7.02500000
v 11.75166667 14.60250000 7.77500000
f 2418 2420 2417
f 2421 2418 2417
f 2417 2420 2419
f 2419 2421 2417
f 2418 2424 2420
f 2422 2418 2421
f 2422 2424 2418
f 2420 2424 2419
f 2423 2421 2419
f 2419 2424 2423
f 2423 2422 2421
f 2424 2422 2423

o APARTMENT_10_BAL_RAIL_12.4
v 12.41500000 14.55750000 7.02500000
v 12.41500000 14.55750000 7.77500000
v 12.41500000 14.60250000 7.02500000
v 12.41500000 14.60250000 7.77500000
v 12.46000000 14.55750000 7.02500000
v 12.46000000 14.55750000 7.77500000
v 12.46000000 14.60250000 7.02500000
v 12.46000000 14.60250000 7.77500000
f 2426 2428 2425
f 2429 2426 2425
f 2425 2428 2427
f 2427 2429 2425
f 2426 2432 2428
f 2430 2426 2429
f 2430 2432 2426
f 2428 2432 2427
f 2431 2429 2427
f 2427 2432 2431
f 2431 2430 2429
f 2432 2430 2431

o APARTMENT_10_KITCHEN
v 9.45000000 7.77500000 6.60500000
v 9.45000000 7.77500000 7.45500000
v 9.45000000 8.42500000 6.60500000
v 9.45000000 8.42500000 7.45500000
v 10.72500000 7.77500000 6.60500000
v 10.72500000 7.77500000 7.45500000
v 10.72500000 8.42500000 6.60500000
v 10.72500000 8.42500000 7.45500000
f 2434 2436 2433
f 2437 2434 2433
f 2433 2436 2435
f 2435 2437 2433
f 2434 2440 2436
f 2438 2434 2437
f 2438 2440 2434
f 2436 2440 2435
f 2439 2437 2435
f 2435 2440 2439
f 2439 2438 2437
f 2440 2438 2439

o APARTMENT_10_BATH
v 9.65000000 8.24900000 6.60500000
v 9.65000000 8.24900000 7.05500000
v 9.65000000 9.04900000 6.60500000
v 9.65000000 9.04900000 7.05500000
v 10.75000000 8.24900000 6.60500000
v 10.75000000 8.24900000 7.05500000
v 10.75000000 9.04900000 6.60500000
v 10.75000000 9.04900000 7.05500000
f 2442 2444 2441
f 2445 2442 2441
f 2441 2444 2443
f 2443 2445 2441
f 2442 2448 2444
f 2446 2442 2445
f 2446 2448 2442
f 2444 2448 2443
f 2447 2445 2443
f 2443 2448 2447
f 2447 2446 2445
f 2448 2446 2447

o APARTMENT_11_FLOOR
v 0.30000000 0.30000000 6.60000000
v 0.30000000 0.30000000 6.70000000
v 0.30000000 6.70000000 6.60000000
v 0.30000000 6.70000000 6.70000000
v 5.40000000 0.30000000 6.60000000
v 5.40000000 0.30000000 6.70000000
v 5.40000000 6.70000000 6.60000000
v 5.40000000 6.70000000 6.70000000
f 2450 2452 2449
f 2453 2450 2449
f 2449 2452 2451
f 2451 2453 2449
f 2450 2456 2452
f 2454 2450 2453
f 2454 2456 2450
f 2452 2456 2451
f 2455 2453 2451
f 2451 2456 2455
f 2455 2454 2453
f 2456 2454 2455

o APARTMENT_11_W_S
v 0.30000000 0.24000000 6.60000000
v 0.30000000 0.24000000 9.70000000
v 0.30000000 0.36000000 6.60000000
v 0.30000000 0.36000000 9.70000000
v 5.40000000 0.24000000 6.60000000
v 5.40000000 0.24000000 9.70000000
v 5.40000000 0.36000000 6.60000000
v 5.40000000 0.36000000 9.70000000
f 2458 2460 2457
f 2461 2458 2457
f 2457 2460 2459
f 2459 2461 2457
f 2458 2464 2460
f 2462 2458 2461
f 2462 2464 2458
f 2460 2464 2459
f 2463 2461 2459
f 2459 2464 2463
f 2463 2462 2461
f 2464 2462 2463

o APARTMENT_11_W_N
v 0.30000000 6.64000000 6.60000000
v 0.30000000 6.64000000 9.70000000
v 0.30000000 6.76000000 6.60000000
v 0.30000000 6.76000000 9.70000000
v 5.40000000 6.64000000 6.60000000
v 5.40000000 6.64000000 9.70000000
v 5.40000000 6.76000000 6.60000000
v 5.40000000 6.76000000 9.70000000
f 2466 2468 2465
f 2469 2466 2465
f 2465 2468 2467
f 2467 2469 2465
f 2466 2472 2468
f 2470 2466 2469
f 2470 2472 2466
f 2468 2472 2467
f 2471 2469 2467
f 2467 2472 2471
f 2471 2470 2469
f 2472 2470 2471

o APARTMENT_11_W_W
v -3.44000000 -2.90000000 6.60000000
v -3.44000000 -2.90000000 9.70000000
v -3.56000000 -2.90000000 6.60000000
v -3.56000000 -2.90000000 9.70000000
v -3.44000000 3.50000000 6.60000000
v -3.44000000 3.50000000 9.70000000
v -3.56000000 3.50000000 6.60000000
v -3.56000000 3.50000000 9.70000000
f 2474 2476 2473
f 2477 2474 2473
f 2473 2476 2475
f 2475 2477 2473
f 2474 2480 2476
f 2478 2474 2477
f 2478 2480 2474
f 2476 2480 2475
f 2479 2477 2475
f 2475 2480 2479
f 2479 2478 2477
f 2480 2478 2479

o APARTMENT_11_W_E
v -3.44000000 2.20000000 6.60000000
v -3.44000000 2.20000000 9.70000000
v -3.56000000 2.20000000 6.60000000
v -3.56000000 2.20000000 9.70000000
v -3.44000000 8.60000000 6.60000000
v -3.44000000 8.60000000 9.70000000
v -3.56000000 8.60000000 6.60000000
v -3.56000000 8.60000000 9.70000000
f 2482 2484 2481
f 2485 2482 2481
f 2481 2484 2483
f 2483 2485 2481
f 2482 2488 2484
f 2486 2482 2485
f 2486 2488 2482
f 2484 2488 2483
f 2487 2485 2483
f 2483 2488 2487
f 2487 2486 2485
f 2488 2486 2487

o APARTMENT_11_PART_1
v 0.50000000 3.18400000 6.60000000
v 0.50000000 3.18400000 9.60000000
v 0.50000000 3.30400000 6.60000000
v 0.50000000 3.30400000 9.60000000
v 5.20000000 3.18400000 6.60000000
v 5.20000000 3.18400000 9.60000000
v 5.20000000 3.30400000 6.60000000
v 5.20000000 3.30400000 9.60000000
f 2490 2492 2489
f 2493 2490 2489
f 2489 2492 2491
f 2491 2493 2489
f 2490 2496 2492
f 2494 2490 2493
f 2494 2496 2490
f 2492 2496 2491
f 2495 2493 2491
f 2491 2496 2495
f 2495 2494 2493
f 2496 2494 2495

o APARTMENT_11_PART_2
v -1.81200000 0.71300000 6.60000000
v -1.81200000 0.71300000 9.60000000
v -1.93200000 0.71300000 6.60000000
v -1.93200000 0.71300000 9.60000000
v -1.81200000 3.45700000 6.60000000
v -1.81200000 3.45700000 9.60000000
v -1.93200000 3.45700000 6.60000000
v -1.93200000 3.45700000 9.60000000
f 2498 2500 2497
f 2501 2498 2497
f 2497 2500 2499
f 2499 2501 2497
f 2498 2504 2500
f 2502 2498 2501
f 2502 2504 2498
f 2500 2504 2499
f 2503 2501 2499
f 2499 2504 2503
f 2503 2502 2501
f 2504 2502 2503

o APARTMENT_11_WIN_S_2.85_FRAME
v 2.27500000 0.25000000 7.52500000
v 2.27500000 0.25000000 9.07500000
v 2.27500000 0.35000000 7.52500000
v 2.27500000 0.35000000 9.07500000
v 3.42500000 0.25000000 7.52500000
v 3.42500000 0.25000000 9.07500000
v 3.42500000 0.35000000 7.52500000
v 3.42500000 0.35000000 9.07500000
f 2506 2508 2505
f 2509 2506 2505
f 2505 2508 2507
f 2507 2509 2505
f 2506 2512 2508
f 2510 2506 2509
f 2510 2512 2506
f 2508 2512 2507
f 2511 2509 2507
f 2507 2512 2511
f 2511 2510 2509
f 2512 2510 2511

o APARTMENT_11_WIN_S_2.85_GLASS
v 2.33500000 0.25000000 7.58500000
v 2.33500000 0.25000000 9.01500000
v 2.33500000 0.29000000 7.58500000
v 2.33500000 0.29000000 9.01500000
v 3.36500000 0.25000000 7.58500000
v 3.36500000 0.25000000 9.01500000
v 3.36500000 0.29000000 7.58500000
v 3.36500000 0.29000000 9.01500000
f 2514 2516 2513
f 2517 2514 2513
f 2513 2516 2515
f 2515 2517 2513
f 2514 2520 2516
f 2518 2514 2517
f 2518 2520 2514
f 2516 2520 2515
f 2519 2517 2515
f 2515 2520 2519
f 2519 2518 2517
f 2520 2518 2519

o APARTMENT_11_WIN_S_2.85_TOP
v 2.18500000 0.23000000 9.09500000
v 2.18500000 0.23000000 9.19500000
v 2.18500000 0.37000000 9.09500000
v 2.18500000 0.37000000 9.19500000
v 3.51500000 0.23000000 9.09500000
v 3.51500000 0.23000000 9.19500000
v 3.51500000 0.37000000 9.09500000
v 3.51500000 0.37000000 9.19500000
f 2522 2524 2521
f 2525 2522 2521
f 2521 2524 2523
f 2523 2525 2521
f 2522 2528 2524
f 2526 2522 2525
f 2526 2528 2522
f 2524 2528 2523
f 2527 2525 2523
f 2523 2528 2527
f 2527 2526 2525
f 2528 2526 2527

o APARTMENT_11_WIN_N_2.85_FRAME
v 2.27500000 6.65000000 7.52500000
v 2.27500000 6.65000000 9.07500000
v 2.27500000 6.75000000 7.52500000
v 2.27500000 6.75000000 9.07500000
v 3.42500000 6.65000000 7.52500000
v 3.42500000 6.65000000 9.07500000
v 3.42500000 6.75000000 7.52500000
v 3.42500000 6.75000000 9.07500000
f 2530 2532 2529
f 2533 2530 2529
f 2529 2532 2531
f 2531 2533 2529
f 2530 2536 2532
f 2534 2530 2533
f 2534 2536 2530
f 2532 2536 2531
f 2535 2533 2531
f 2531 2536 2535
f 2535 2534 2533
f 2536 2534 2535

o APARTMENT_11_WIN_N_2.85_GLASS
v 2.33500000 6.71000000 7.58500000
v 2.33500000 6.71000000 9.01500000
v 2.33500000 6.75000000 7.58500000
v 2.33500000 6.75000000 9.01500000
v 3.36500000 6.71000000 7.58500000
v 3.36500000 6.71000000 9.01500000
v 3.36500000 6.75000000 7.58500000
v 3.36500000 6.75000000 9.01500000
f 2538 2540 2537
f 2541 2538 2537
f 2537 2540 2539
f 2539 2541 2537
f 2538 2544 2540
f 2542 2538 2541
f 2542 2544 2538
f 2540 2544 2539
f 2543 2541 2539
f 2539 2544 2543
f 2543 2542 2541
f 2544 2542 2543

o APARTMENT_11_WIN_N_2.85_TOP
v 2.18500000 6.63000000 9.09500000
v 2.18500000 6.63000000 9.19500000
v 2.18500000 6.77000000 9.09500000
v 2.18500000 6.77000000 9.19500000
v 3.51500000 6.63000000 9.09500000
v 3.51500000 6.63000000 9.19500000
v 3.51500000 6.77000000 9.09500000
v 3.51500000 6.77000000 9.19500000
f 2546 2548 2545
f 2549 2546 2545
f 2545 2548 2547
f 2547 2549 2545
f 2546 2552 2548
f 2550 2546 2549
f 2550 2552 2546
f 2548 2552 2547
f 2551 2549 2547
f 2547 2552 2551
f 2551 2550 2549
f 2552 2550 2551

o APARTMENT_11_WIN_S_1.20_FRAME
v 0.62500000 0.25000000 7.52500000
v 0.62500000 0.25000000 9.07500000
v 0.62500000 0.35000000 7.52500000
v 0.62500000 0.35000000 9.07500000
v 1.77500000 0.25000000 7.52500000
v 1.77500000 0.25000000 9.07500000
v 1.77500000 0.35000000 7.52500000
v 1.77500000 0.35000000 9.07500000
f 2554 2556 2553
f 2557 2554 2553
f 2553 2556 2555
f 2555 2557 2553
f 2554 2560 2556
f 2558 2554 2557
f 2558 2560 2554
f 2556 2560 2555
f 2559 2557 2555
f 2555 2560 2559
f 2559 2558 2557
f 2560 2558 2559

o APARTMENT_11_WIN_S_1.20_GLASS
v 0.68500000 0.25000000 7.58500000
v 0.68500000 0.25000000 9.01500000
v 0.68500000 0.29000000 7.58500000
v 0.68500000 0.29000000 9.01500000
v 1.71500000 0.25000000 7.58500000
v 1.71500000 0.25000000 9.01500000
v 1.71500000 0.29000000 7.58500000
v 1.71500000 0.29000000 9.01500000
f 2562 2564 2561
f 2565 2562 2561
f 2561 2564 2563
f 2563 2565 2561
f 2562 2568 2564
f 2566 2562 2565
f 2566 2568 2562
f 2564 2568 2563
f 2567 2565 2563
f 2563 2568 2567
f 2567 2566 2565
f 2568 2566 2567

o APARTMENT_11_WIN_S_1.20_TOP
v 0.53500000 0.23000000 9.09500000
v 0.53500000 0.23000000 9.19500000
v 0.53500000 0.37000000 9.09500000
v 0.53500000 0.37000000 9.19500000
v 1.86500000 0.23000000 9.09500000
v 1.86500000 0.23000000 9.19500000
v 1.86500000 0.37000000 9.09500000
v 1.86500000 0.37000000 9.19500000
f 2570 2572 2569
f 2573 2570 2569
f 2569 2572 2571
f 2571 2573 2569
f 2570 2576 2572
f 2574 2570 2573
f 2574 2576 2570
f 2572 2576 2571
f 2575 2573 2571
f 2571 2576 2575
f 2575 2574 2573
f 2576 2574 2575

o APARTMENT_11_WIN_N_1.20_FRAME
v 0.62500000 6.65000000 7.52500000
v 0.62500000 6.65000000 9.07500000
v 0.62500000 6.75000000 7.52500000
v 0.62500000 6.75000000 9.07500000
v 1.77500000 6.65000000 7.52500000
v 1.77500000 6.65000000 9.07500000
v 1.77500000 6.75000000 7.52500000
v 1.77500000 6.75000000 9.07500000
f 2578 2580 2577
f 2581 2578 2577
f 2577 2580 2579
f 2579 2581 2577
f 2578 2584 2580
f 2582 2578 2581
f 2582 2584 2578
f 2580 2584 2579
f 2583 2581 2579
f 2579 2584 2583
f 2583 2582 2581
f 2584 2582 2583

o APARTMENT_11_WIN_N_1.20_GLASS
v 0.68500000 6.71000000 7.58500000
v 0.68500000 6.71000000 9.01500000
v 0.68500000 6.75000000 7.58500000
v 0.68500000 6.75000000 9.01500000
v 1.71500000 6.71000000 7.58500000
v 1.71500000 6.71000000 9.01500000
v 1.71500000 6.75000000 7.58500000
v 1.71500000 6.75000000 9.01500000
f 2586 2588 2585
f 2589 2586 2585
f 2585 2588 2587
f 2587 2589 2585
f 2586 2592 2588
f 2590 2586 2589
f 2590 2592 2586
f 2588 2592 2587
f 2591 2589 2587
f 2587 2592 2591
f 2591 2590 2589
f 2592 2590 2591

o APARTMENT_11_WIN_N_1.20_TOP
v 0.53500000 6.63000000 9.09500000
v 0.53500000 6.63000000 9.19500000
v 0.53500000 6.77000000 9.09500000
v 0.53500000 6.77000000 9.19500000
v 1.86500000 6.63000000 9.09500000
v 1.86500000 6.63000000 9.19500000
v 1.86500000 6.77000000 9.09500000
v 1.86500000 6.77000000 9.19500000
f 2594 2596 2593
f 2597 2594 2593
f 2593 2596 2595
f 2595 2597 2593
f 2594 2600 2596
f 2598 2594 2597
f 2598 2600 2594
f 2596 2600 2595
f 2599 2597 2595
f 2595 2600 2599
f 2599 2598 2597
f 2600 2598 2599

o APARTMENT_11_KITCHEN
v 0.50000000 0.87500000 6.60500000
v 0.50000000 0.87500000 7.45500000
v 0.50000000 1.52500000 6.60500000
v 0.50000000 1.52500000 7.45500000
v 2.03000000 0.87500000 6.60500000
v 2.03000000 0.87500000 7.45500000
v 2.03000000 1.52500000 6.60500000
v 2.03000000 1.52500000 7.45500000
f 2602 2604 2601
f 2605 2602 2601
f 2601 2604 2603
f 2603 2605 2601
f 2602 2608 2604
f 2606 2602 2605
f 2606 2608 2602
f 2604 2608 2603
f 2607 2605 2603
f 2603 2608 2607
f 2607 2606 2605
f 2608 2606 2607

o APARTMENT_11_BATH
v 0.70000000 1.37200000 6.60500000
v 0.70000000 1.37200000 7.05500000
v 0.70000000 2.17200000 6.60500000
v 0.70000000 2.17200000 7.05500000
v 1.80000000 1.37200000 6.60500000
v 1.80000000 1.37200000 7.05500000
v 1.80000000 2.17200000 6.60500000
v 1.80000000 2.17200000 7.05500000
f 2610 2612 2609
f 2613 2610 2609
f 2609 2612 2611
f 2611 2613 2609
f 2610 2616 2612
f 2614 2610 2613
f 2614 2616 2610
f 2612 2616 2611
f 2615 2613 2611
f 2611 2616 2615
f 2615 2614 2613
f 2616 2614 2615

o FLOOR_2_CORE
v 6.97500000 5.12500000 6.60000000
v 6.97500000 5.12500000 6.70000000
v 6.97500000 8.67500000 6.60000000
v 6.97500000 8.67500000 6.70000000
v 10.22500000 5.12500000 6.60000000
v 10.22500000 5.12500000 6.70000000
v 10.22500000 8.67500000 6.60000000
v 10.22500000 8.67500000 6.70000000
f 2618 2620 2617
f 2621 2618 2617
f 2617 2620 2619
f 2619 2621 2617
f 2618 2624 2620
f 2622 2618 2621
f 2622 2624 2618
f 2620 2624 2619
f 2623 2621 2619
f 2619 2624 2623
f 2623 2622 2621
f 2624 2622 2623

o FLOOR_3_SLAB
v 0.00000000 0.00000000 9.70000000
v 0.00000000 0.00000000 9.90000000
v 0.00000000 13.80000000 9.70000000
v 0.00000000 13.80000000 9.90000000
v 13.80000000 0.00000000 9.70000000
v 13.80000000 0.00000000 9.90000000
v 13.80000000 13.80000000 9.70000000
v 13.80000000 13.80000000 9.90000000
f 2626 2628 2625
f 2629 2626 2625
f 2625 2628 2627
f 2627 2629 2625
f 2626 2632 2628
f 2630 2626 2629
f 2630 2632 2626
f 2628 2632 2627
f 2631 2629 2627
f 2627 2632 2631
f 2631 2630 2629
f 2632 2630 2631

o FLOOR_3_OUT_S
v 0.00000000 -0.15000000 9.90000000
v 0.00000000 -0.15000000 13.00000000
v 0.00000000 0.15000000 9.90000000
v 0.00000000 0.15000000 13.00000000
v 13.80000000 -0.15000000 9.90000000
v 13.80000000 -0.15000000 13.00000000
v 13.80000000 0.15000000 9.90000000
v 13.80000000 0.15000000 13.00000000
f 2634 2636 2633
f 2637 2634 2633
f 2633 2636 2635
f 2635 2637 2633
f 2634 2640 2636
f 2638 2634 2637
f 2638 2640 2634
f 2636 2640 2635
f 2639 2637 2635
f 2635 2640 2639
f 2639 2638 2637
f 2640 2638 2639

o FLOOR_3_OUT_N
v 0.00000000 13.65000000 9.90000000
v 0.00000000 13.65000000 13.00000000
v 0.00000000 13.95000000 9.90000000
v 0.00000000 13.95000000 13.00000000
v 13.80000000 13.65000000 9.90000000
v 13.80000000 13.65000000 13.00000000
v 13.80000000 13.95000000 9.90000000
v 13.80000000 13.95000000 13.00000000
f 2642 2644 2641
f 2645 2642 2641
f 2641 2644 2643
f 2643 2645 2641
f 2642 2648 2644
f 2646 2642 2645
f 2646 2648 2642
f 2644 2648 2643
f 2647 2645 2643
f 2643 2648 2647
f 2647 2646 2645
f 2648 2646 2647

o FLOOR_3_OUT_W
v -6.75000000 -6.90000000 9.90000000
v -6.75000000 -6.90000000 13.00000000
v -7.05000000 -6.90000000 9.90000000
v -7.05000000 -6.90000000 13.00000000
v -6.75000000 6.90000000 9.90000000
v -6.75000000 6.90000000 13.00000000
v -7.05000000 6.90000000 9.90000000
v -7.05000000 6.90000000 13.00000000
f 2650 2652 2649
f 2653 2650 2649
f 2649 2652 2651
f 2651 2653 2649
f 2650 2656 2652
f 2654 2650 2653
f 2654 2656 2650
f 2652 2656 2651
f 2655 2653 2651
f 2651 2656 2655
f 2655 2654 2653
f 2656 2654 2655

o FLOOR_3_OUT_E
v -6.75000000 6.90000000 9.90000000
v -6.75000000 6.90000000 13.00000000
v -7.05000000 6.90000000 9.90000000
v -7.05000000 6.90000000 13.00000000
v -6.75000000 20.70000000 9.90000000
v -6.75000000 20.70000000 13.00000000
v -7.05000000 20.70000000 9.90000000
v -7.05000000 20.70000000 13.00000000
f 2658 2660 2657
f 2661 2658 2657
f 2657 2660 2659
f 2659 2661 2657
f 2658 2664 2660
f 2662 2658 2661
f 2662 2664 2658
f 2660 2664 2659
f 2663 2661 2659
f 2659 2664 2663
f 2663 2662 2661
f 2664 2662 2663

o APARTMENT_12_FLOOR
v 0.30000000 7.20000000 9.90000000
v 0.30000000 7.20000000 10.00000000
v 0.30000000 13.50000000 9.90000000
v 0.30000000 13.50000000 10.00000000
v 4.95000000 7.20000000 9.90000000
v 4.95000000 7.20000000 10.00000000
v 4.95000000 13.50000000 9.90000000
v 4.95000000 13.50000000 10.00000000
f 2666 2668 2665
f 2669 2666 2665
f 2665 2668 2667
f 2667 2669 2665
f 2666 2672 2668
f 2670 2666 2669
f 2670 2672 2666
f 2668 2672 2667
f 2671 2669 2667
f 2667 2672 2671
f 2671 2670 2669
f 2672 2670 2671

o APARTMENT_12_W_S
v 0.30000000 7.14000000 9.90000000
v 0.30000000 7.14000000 13.00000000
v 0.30000000 7.26000000 9.90000000
v 0.30000000 7.26000000 13.00000000
v 4.95000000 7.14000000 9.90000000
v 4.95000000 7.14000000 13.00000000
v 4.95000000 7.26000000 9.90000000
v 4.95000000 7.26000000 13.00000000
f 2674 2676 2673
f 2677 2674 2673
f 2673 2676 2675
f 2675 2677 2673
f 2674 2680 2676
f 2678 2674 2677
f 2678 2680 2674
f 2676 2680 2675
f 2679 2677 2675
f 2675 2680 2679
f 2679 2678 2677
f 2680 2678 2679

o APARTMENT_12_W_N
v 0.30000000 13.44000000 9.90000000
v 0.30000000 13.44000000 13.00000000
v 0.30000000 13.56000000 9.90000000
v 0.30000000 13.56000000 13.00000000
v 4.95000000 13.44000000 9.90000000
v 4.95000000 13.44000000 13.00000000
v 4.95000000 13.56000000 9.90000000
v 4.95000000 13.56000000 13.00000000
f 2682 2684 2681
f 2685 2682 2681
f 2681 2684 2683
f 2683 2685 2681
f 2682 2688 2684
f 2686 2682 2685
f 2686 2688 2682
f 2684 2688 2683
f 2687 2685 2683
f 2683 2688 2687
f 2687 2686 2685
f 2688 2686 2687

o APARTMENT_12_W_W
v -10.29000000 -2.85000000 9.90000000
v -10.29000000 -2.85000000 13.00000000
v -10.41000000 -2.85000000 9.90000000
v -10.41000000 -2.85000000 13.00000000
v -10.29000000 3.45000000 9.90000000
v -10.29000000 3.45000000 13.00000000
v -10.41000000 3.45000000 9.90000000
v -10.41000000 3.45000000 13.00000000
f 2690 2692 2689
f 2693 2690 2689
f 2689 2692 2691
f 2691 2693 2689
f 2690 2696 2692
f 2694 2690 2693
f 2694 2696 2690
f 2692 2696 2691
f 2695 2693 2691
f 2691 2696 2695
f 2695 2694 2693
f 2696 2694 2695

o APARTMENT_12_W_E
v -10.29000000 1.80000000 9.90000000
v -10.29000000 1.80000000 13.00000000
v -10.41000000 1.80000000 9.90000000
v -10.41000000 1.80000000 13.00000000
v -10.29000000 8.10000000 9.90000000
v -10.29000000 8.10000000 13.00000000
v -10.41000000 8.10000000 9.90000000
v -10.41000000 8.10000000 13.00000000
f 2698 2700 2697
f 2701 2698 2697
f 2697 2700 2699
f 2699 2701 2697
f 2698 2704 2700
f 2702 2698 2701
f 2702 2704 2698
f 2700 2704 2699
f 2703 2701 2699
f 2699 2704 2703
f 2703 2702 2701
f 2704 2702 2703

o APARTMENT_12_PART_1
v 0.50000000 10.03800000 9.90000000
v 0.50000000 10.03800000 12.90000000
v 0.50000000 10.15800000 9.90000000
v 0.50000000 10.15800000 12.90000000
v 4.75000000 10.03800000 9.90000000
v 4.75000000 10.03800000 12.90000000
v 4.75000000 10.15800000 9.90000000
v 4.75000000 10.15800000 12.90000000
f 2706 2708 2705
f 2709 2706 2705
f 2705 2708 2707
f 2707 2709 2705
f 2706 2712 2708
f 2710 2706 2709
f 2710 2712 2706
f 2708 2712 2707
f 2711 2709 2707
f 2707 2712 2711
f 2711 2710 2709
f 2712 2710 2711

o APARTMENT_12_PART_2
v -8.68900000 0.57850000 9.90000000
v -8.68900000 0.57850000 12.90000000
v -8.80900000 0.57850000 9.90000000
v -8.80900000 0.57850000 12.90000000
v -8.68900000 3.27650000 9.90000000
v -8.68900000 3.27650000 12.90000000
v -8.80900000 3.27650000 9.90000000
v -8.80900000 3.27650000 12.90000000
f 2714 2716 2713
f 2717 2714 2713
f 2713 2716 2715
f 2715 2717 2713
f 2714 2720 2716
f 2718 2714 2717
f 2718 2720 2714
f 2716 2720 2715
f 2719 2717 2715
f 2715 2720 2719
f 2719 2718 2717
f 2720 2718 2719

o APARTMENT_12_WIN_S_2.62_FRAME
v 2.05000000 7.15000000 10.82500000
v 2.05000000 7.15000000 12.37500000
v 2.05000000 7.25000000 10.82500000
v 2.05000000 7.25000000 12.37500000
v 3.20000000 7.15000000 10.82500000
v 3.20000000 7.15000000 12.37500000
v 3.20000000 7.25000000 10.82500000
v 3.20000000 7.25000000 12.37500000
f 2722 2724 2721
f 2725 2722 2721
f 2721 2724 2723
f 2723 2725 2721
f 2722 2728 2724
f 2726 2722 2725
f 2726 2728 2722
f 2724 2728 2723
f 2727 2725 2723
f 2723 2728 2727
f 2727 2726 2725
f 2728 2726 2727

o APARTMENT_12_WIN_S_2.62_GLASS
v 2.11000000 7.15000000 10.88500000
v 2.11000000 7.15000000 12.31500000
v 2.11000000 7.19000000 10.88500000
v 2.11000000 7.19000000 12.31500000
v 3.14000000 7.15000000 10.88500000
v 3.14000000 7.15000000 12.31500000
v 3.14000000 7.19000000 10.88500000
v 3.14000000 7.19000000 12.31500000
f 2730 2732 2729
f 2733 2730 2729
f 2729 2732 2731
f 2731 2733 2729
f 2730 2736 2732
f 2734 2730 2733
f 2734 2736 2730
f 2732 2736 2731
f 2735 2733 2731
f 2731 2736 2735
f 2735 2734 2733
f 2736 2734 2735

o APARTMENT_12_WIN_S_2.62_TOP
v 1.96000000 7.13000000 12.39500000
v 1.96000000 7.13000000 12.49500000
v 1.96000000 7.27000000 12.39500000
v 1.96000000 7.27000000 12.49500000
v 3.29000000 7.13000000 12.39500000
v 3.29000000 7.13000000 12.49500000
v 3.29000000 7.27000000 12.39500000
v 3.29000000 7.27000000 12.49500000
f 2738 2740 2737
f 2741 2738 2737
f 2737 2740 2739
f 2739 2741 2737
f 2738 2744 2740
f 2742 2738 2741
f 2742 2744 2738
f 2740 2744 2739
f 2743 2741 2739
f 2739 2744 2743
f 2743 2742 2741
f 2744 2742 2743

o APARTMENT_12_WIN_N_2.62_FRAME
v 2.05000000 13.45000000 10.82500000
v 2.05000000 13.45000000 12.37500000
v 2.05000000 13.55000000 10.82500000
v 2.05000000 13.55000000 12.37500000
v 3.20000000 13.45000000 10.82500000
v 3.20000000 13.45000000 12.37500000
v 3.20000000 13.55000000 10.82500000
v 3.20000000 13.55000000 12.37500000
f 2746 2748 2745
f 2749 2746 2745
f 2745 2748 2747
f 2747 2749 2745
f 2746 2752 2748
f 2750 2746 2749
f 2750 2752 2746
f 2748 2752 2747
f 2751 2749 2747
f 2747 2752 2751
f 2751 2750 2749
f 2752 2750 2751

o APARTMENT_12_WIN_N_2.62_GLASS
v 2.11000000 13.51000000 10.88500000
v 2.11000000 13.51000000 12.31500000
v 2.11000000 13.55000000 10.88500000
v 2.11000000 13.55000000 12.31500000
v 3.14000000 13.51000000 10.88500000
v 3.14000000 13.51000000 12.31500000
v 3.14000000 13.55000000 10.88500000
v 3.14000000 13.55000000 12.31500000
f 2754 2756 2753
f 2757 2754 2753
f 2753 2756 2755
f 2755 2757 2753
f 2754 2760 2756
f 2758 2754 2757
f 2758 2760 2754
f 2756 2760 2755
f 2759 2757 2755
f 2755 2760 2759
f 2759 2758 2757
f 2760 2758 2759

o APARTMENT_12_WIN_N_2.62_TOP
v 1.96000000 13.43000000 12.39500000
v 1.96000000 13.43000000 12.49500000
v 1.96000000 13.57000000 12.39500000
v 1.96000000 13.57000000 12.49500000
v 3.29000000 13.43000000 12.39500000
v 3.29000000 13.43000000 12.49500000
v 3.29000000 13.57000000 12.39500000
v 3.29000000 13.57000000 12.49500000
f 2762 2764 2761
f 2765 2762 2761
f 2761 2764 2763
f 2763 2765 2761
f 2762 2768 2764
f 2766 2762 2765
f 2766 2768 2762
f 2764 2768 2763
f 2767 2765 2763
f 2763 2768 2767
f 2767 2766 2765
f 2768 2766 2767

o APARTMENT_12_WIN_S_1.20_FRAME
v 0.62500000 7.15000000 10.82500000
v 0.62500000 7.15000000 12.37500000
v 0.62500000 7.25000000 10.82500000
v 0.62500000 7.25000000 12.37500000
v 1.77500000 7.15000000 10.82500000
v 1.77500000 7.15000000 12.37500000
v 1.77500000 7.25000000 10.82500000
v 1.77500000 7.25000000 12.37500000
f 2770 2772 2769
f 2773 2770 2769
f 2769 2772 2771
f 2771 2773 2769
f 2770 2776 2772
f 2774 2770 2773
f 2774 2776 2770
f 2772 2776 2771
f 2775 2773 2771
f 2771 2776 2775
f 2775 2774 2773
f 2776 2774 2775

o APARTMENT_12_WIN_S_1.20_GLASS
v 0.68500000 7.15000000 10.88500000
v 0.68500000 7.15000000 12.31500000
v 0.68500000 7.19000000 10.88500000
v 0.68500000 7.19000000 12.31500000
v 1.71500000 7.15000000 10.88500000
v 1.71500000 7.15000000 12.31500000
v 1.71500000 7.19000000 10.88500000
v 1.71500000 7.19000000 12.31500000
f 2778 2780 2777
f 2781 2778 2777
f 2777 2780 2779
f 2779 2781 2777
f 2778 2784 2780
f 2782 2778 2781
f 2782 2784 2778
f 2780 2784 2779
f 2783 2781 2779
f 2779 2784 2783
f 2783 2782 2781
f 2784 2782 2783

o APARTMENT_12_WIN_S_1.20_TOP
v 0.53500000 7.13000000 12.39500000
v 0.53500000 7.13000000 12.49500000
v 0.53500000 7.27000000 12.39500000
v 0.53500000 7.27000000 12.49500000
v 1.86500000 7.13000000 12.39500000
v 1.86500000 7.13000000 12.49500000
v 1.86500000 7.27000000 12.39500000
v 1.86500000 7.27000000 12.49500000
f 2786 2788 2785
f 2789 2786 2785
f 2785 2788 2787
f 2787 2789 2785
f 2786 2792 2788
f 2790 2786 2789
f 2790 2792 2786
f 2788 2792 2787
f 2791 2789 2787
f 2787 2792 2791
f 2791 2790 2789
f 2792 2790 2791

o APARTMENT_12_WIN_N_1.20_FRAME
v 0.62500000 13.45000000 10.82500000
v 0.62500000 13.45000000 12.37500000
v 0.62500000 13.55000000 10.82500000
v 0.62500000 13.55000000 12.37500000
v 1.77500000 13.45000000 10.82500000
v 1.77500000 13.45000000 12.37500000
v 1.77500000 13.55000000 10.82500000
v 1.77500000 13.55000000 12.37500000
f 2794 2796 2793
f 2797 2794 2793
f 2793 2796 2795
f 2795 2797 2793
f 2794 2800 2796
f 2798 2794 2797
f 2798 2800 2794
f 2796 2800 2795
f 2799 2797 2795
f 2795 2800 2799
f 2799 2798 2797
f 2800 2798 2799

o APARTMENT_12_WIN_N_1.20_GLASS
v 0.68500000 13.51000000 10.88500000
v 0.68500000 13.51000000 12.31500000
v 0.68500000 13.55000000 10.88500000
v 0.68500000 13.55000000 12.31500000
v 1.71500000 13.51000000 10.88500000
v 1.71500000 13.51000000 12.31500000
v 1.71500000 13.55000000 10.88500000
v 1.71500000 13.55000000 12.31500000
f 2802 2804 2801
f 2805 2802 2801
f 2801 2804 2803
f 2803 2805 2801
f 2802 2808 2804
f 2806 2802 2805
f 2806 2808 2802
f 2804 2808 2803
f 2807 2805 2803
f 2803 2808 2807
f 2807 2806 2805
f 2808 2806 2807

o APARTMENT_12_WIN_N_1.20_TOP
v 0.53500000 13.43000000 12.39500000
v 0.53500000 13.43000000 12.49500000
v 0.53500000 13.57000000 12.39500000
v 0.53500000 13.57000000 12.49500000
v 1.86500000 13.43000000 12.39500000
v 1.86500000 13.43000000 12.49500000
v 1.86500000 13.57000000 12.39500000
v 1.86500000 13.57000000 12.49500000
f 2810 2812 2809
f 2813 2810 2809
f 2809 2812 2811
f 2811 2813 2809
f 2810 2816 2812
f 2814 2810 2813
f 2814 2816 2810
f 2812 2816 2811
f 2815 2813 2811
f 2811 2816 2815
f 2815 2814 2813
f 2816 2814 2815

o APARTMENT_12_BALCONY_SLAbove
v 1.46250000 13.50000000 10.36000000
v 1.46250000 13.50000000 10.54000000
v 1.46250000 14.60000000 10.36000000
v 1.46250000 14.60000000 10.54000000
v 3.78750000 13.50000000 10.36000000
v 3.78750000 13.50000000 10.54000000
v 3.78750000 14.60000000 10.36000000
v 3.78750000 14.60000000 10.54000000
f 2818 2820 2817
f 2821 2818 2817
f 2817 2820 2819
f 2819 2821 2817
f 2818 2824 2820
f 2822 2818 2821
f 2822 2824 2818
f 2820 2824 2819
f 2823 2821 2819
f 2819 2824 2823
f 2823 2822 2821
f 2824 2822 2823

o APARTMENT_12_BAL_RAIL_TOP
v 1.46250000 14.54000000 11.01000000
v 1.46250000 14.54000000 11.09000000
v 1.46250000 14.62000000 11.01000000
v 1.46250000 14.62000000 11.09000000
v 3.78750000 14.54000000 11.01000000
v 3.78750000 14.54000000 11.09000000
v 3.78750000 14.62000000 11.01000000
v 3.78750000 14.62000000 11.09000000
f 2826 2828 2825
f 2829 2826 2825
f 2825 2828 2827
f 2827 2829 2825
f 2826 2832 2828
f 2830 2826 2829
f 2830 2832 2826
f 2828 2832 2827
f 2831 2829 2827
f 2827 2832 2831
f 2831 2830 2829
f 2832 2830 2831

o APARTMENT_12_BAL_RAIL_1.5
v 1.44000000 14.55750000 10.32500000
v 1.44000000 14.55750000 11.07500000
v 1.44000000 14.60250000 10.32500000
v 1.44000000 14.60250000 11.07500000
v 1.48500000 14.55750000 10.32500000
v 1.48500000 14.55750000 11.07500000
v 1.48500000 14.60250000 10.32500000
v 1.48500000 14.60250000 11.07500000
f 2834 2836 2833
f 2837 2834 2833
f 2833 2836 2835
f 2835 2837 2833
f 2834 2840 2836
f 2838 2834 2837
f 2838 2840 2834
f 2836 2840 2835
f 2839 2837 2835
f 2835 2840 2839
f 2839 2838 2837
f 2840 2838 2839

o APARTMENT_12_BAL_RAIL_2.2
v 2.21500000 14.55750000 10.32500000
v 2.21500000 14.55750000 11.07500000
v 2.21500000 14.60250000 10.32500000
v 2.21500000 14.60250000 11.07500000
v 2.26000000 14.55750000 10.32500000
v 2.26000000 14.55750000 11.07500000
v 2.26000000 14.60250000 10.32500000
v 2.26000000 14.60250000 11.07500000
f 2842 2844 2841
f 2845 2842 2841
f 2841 2844 2843
f 2843 2845 2841
f 2842 2848 2844
f 2846 2842 2845
f 2846 2848 2842
f 2844 2848 2843
f 2847 2845 2843
f 2843 2848 2847
f 2847 2846 2845
f 2848 2846 2847

o APARTMENT_12_BAL_RAIL_3.0
v 2.99000000 14.55750000 10.32500000
v 2.99000000 14.55750000 11.07500000
v 2.99000000 14.60250000 10.32500000
v 2.99000000 14.60250000 11.07500000
v 3.03500000 14.55750000 10.32500000
v 3.03500000 14.55750000 11.07500000
v 3.03500000 14.60250000 10.32500000
v 3.03500000 14.60250000 11.07500000
f 2850 2852 2849
f 2853 2850 2849
f 2849 2852 2851
f 2851 2853 2849
f 2850 2856 2852
f 2854 2850 2853
f 2854 2856 2850
f 2852 2856 2851
f 2855 2853 2851
f 2851 2856 2855
f 2855 2854 2853
f 2856 2854 2855

o APARTMENT_12_BAL_RAIL_3.8
v 3.76500000 14.55750000 10.32500000
v 3.76500000 14.55750000 11.07500000
v 3.76500000 14.60250000 10.32500000
v 3.76500000 14.60250000 11.07500000
v 3.81000000 14.55750000 10.32500000
v 3.81000000 14.55750000 11.07500000
v 3.81000000 14.60250000 10.32500000
v 3.81000000 14.60250000 11.07500000
f 2858 2860 2857
f 2861 2858 2857
f 2857 2860 2859
f 2859 2861 2857
f 2858 2864 2860
f 2862 2858 2861
f 2862 2864 2858
f 2860 2864 2859
f 2863 2861 2859
f 2859 2864 2863
f 2863 2862 2861
f 2864 2862 2863

o APARTMENT_12_KITCHEN
v 0.50000000 7.77500000 9.90500000
v 0.50000000 7.77500000 10.75500000
v 0.50000000 8.42500000 9.90500000
v 0.50000000 8.42500000 10.75500000
v 1.89500000 7.77500000 9.90500000
v 1.89500000 7.77500000 10.75500000
v 1.89500000 8.42500000 9.90500000
v 1.89500000 8.42500000 10.75500000
f 2866 2868 2865
f 2869 2866 2865
f 2865 2868 2867
f 2867 2869 2865
f 2866 2872 2868
f 2870 2866 2869
f 2870 2872 2866
f 2868 2872 2867
f 2871 2869 2867
f 2867 2872 2871
f 2871 2870 2869
f 2872 2870 2871

o APARTMENT_12_BATH
v 0.70000000 8.24900000 9.90500000
v 0.70000000 8.24900000 10.35500000
v 0.70000000 9.04900000 9.90500000
v 0.70000000 9.04900000 10.35500000
v 1.80000000 8.24900000 9.90500000
v 1.80000000 8.24900000 10.35500000
v 1.80000000 9.04900000 9.90500000
v 1.80000000 9.04900000 10.35500000
f 2874 2876 2873
f 2877 2874 2873
f 2873 2876 2875
f 2875 2877 2873
f 2874 2880 2876
f 2878 2874 2877
f 2878 2880 2874
f 2876 2880 2875
f 2879 2877 2875
f 2875 2880 2879
f 2879 2878 2877
f 2880 2878 2879

o APARTMENT_13_FLOOR
v 5.15000000 7.20000000 9.90000000
v 5.15000000 7.20000000 10.00000000
v 5.15000000 13.50000000 9.90000000
v 5.15000000 13.50000000 10.00000000
v 9.05000000 7.20000000 9.90000000
v 9.05000000 7.20000000 10.00000000
v 9.05000000 13.50000000 9.90000000
v 9.05000000 13.50000000 10.00000000
f 2882 2884 2881
f 2885 2882 2881
f 2881 2884 2883
f 2883 2885 2881
f 2882 2888 2884
f 2886 2882 2885
f 2886 2888 2882
f 2884 2888 2883
f 2887 2885 2883
f 2883 2888 2887
f 2887 2886 2885
f 2888 2886 2887

o APARTMENT_13_W_S
v 5.15000000 7.14000000 9.90000000
v 5.15000000 7.14000000 13.00000000
v 5.15000000 7.26000000 9.90000000
v 5.15000000 7.26000000 13.00000000
v 9.05000000 7.14000000 9.90000000
v 9.05000000 7.14000000 13.00000000
v 9.05000000 7.26000000 9.90000000
v 9.05000000 7.26000000 13.00000000
f 2890 2892 2889
f 2893 2890 2889
f 2889 2892 2891
f 2891 2893 2889
f 2890 2896 2892
f 2894 2890 2893
f 2894 2896 2890
f 2892 2896 2891
f 2895 2893 2891
f 2891 2896 2895
f 2895 2894 2893
f 2896 2894 2895

o APARTMENT_13_W_N
v 5.15000000 13.44000000 9.90000000
v 5.15000000 13.44000000 13.00000000
v 5.15000000 13.56000000 9.90000000
v 5.15000000 13.56000000 13.00000000
v 9.05000000 13.44000000 9.90000000
v 9.05000000 13.44000000 13.00000000
v 9.05000000 13.56000000 9.90000000
v 9.05000000 13.56000000 13.00000000
f 2898 2900 2897
f 2901 2898 2897
f 2897 2900 2899
f 2899 2901 2897
f 2898 2904 2900
f 2902 2898 2901
f 2902 2904 2898
f 2900 2904 2899
f 2903 2901 2899
f 2899 2904 2903
f 2903 2902 2901
f 2904 2902 2903

o APARTMENT_13_W_W
v -10.29000000 2.00000000 9.90000000
v -10.29000000 2.00000000 13.00000000
v -10.41000000 2.00000000 9.90000000
v -10.41000000 2.00000000 13.00000000
v -10.29000000 8.30000000 9.90000000
v -10.29000000 8.30000000 13.00000000
v -10.41000000 8.30000000 9.90000000
v -10.41000000 8.30000000 13.00000000
f 2906 2908 2905
f 2909 2906 2905
f 2905 2908 2907
f 2907 2909 2905
f 2906 2912 2908
f 2910 2906 2909
f 2910 2912 2906
f 2908 2912 2907
f 2911 2909 2907
f 2907 2912 2911
f 2911 2910 2909
f 2912 2910 2911

o APARTMENT_13_W_E
v -10.29000000 5.90000000 9.90000000
v -10.29000000 5.90000000 13.00000000
v -10.41000000 5.90000000 9.90000000
v -10.41000000 5.90000000 13.00000000
v -10.29000000 12.20000000 9.90000000
v -10.29000000 12.20000000 13.00000000
v -10.41000000 12.20000000 9.90000000
v -10.41000000 12.20000000 13.00000000
f 2914 2916 2913
f 2917 2914 2913
f 2913 2916 2915
f 2915 2917 2913
f 2914 2920 2916
f 2918 2914 2917
f 2918 2920 2914
f 2916 2920 2915
f 2919 2917 2915
f 2915 2920 2919
f 2919 2918 2917
f 2920 2918 2919

o APARTMENT_13_PART_1
v 5.35000000 10.03800000 9.90000000
v 5.35000000 10.03800000 12.90000000
v 5.35000000 10.15800000 9.90000000
v 5.35000000 10.15800000 12.90000000
v 8.85000000 10.03800000 9.90000000
v 8.85000000 10.03800000 12.90000000
v 8.85000000 10.15800000 9.90000000
v 8.85000000 10.15800000 12.90000000
f 2922 2924 2921
f 2925 2922 2921
f 2921 2924 2923
f 2923 2925 2921
f 2922 2928 2924
f 2926 2922 2925
f 2926 2928 2922
f 2924 2928 2923
f 2927 2925 2923
f 2923 2928 2927
f 2927 2926 2925
f 2928 2926 2927

o APARTMENT_13_PART_2
v -8.68900000 5.16600000 9.90000000
v -8.68900000 5.16600000 12.90000000
v -8.80900000 5.16600000 9.90000000
v -8.80900000 5.16600000 12.90000000
v -8.68900000 7.86400000 9.90000000
v -8.68900000 7.86400000 12.90000000
v -8.80900000 7.86400000 9.90000000
v -8.80900000 7.86400000 12.90000000
f 2930 2932 2929
f 2933 2930 2929
f 2929 2932 2931
f 2931 2933 2929
f 2930 2936 2932
f 2934 2930 2933
f 2934 2936 2930
f 2932 2936 2931
f 2935 2933 2931
f 2931 2936 2935
f 2935 2934 2933
f 2936 2934 2935

o APARTMENT_13_WIN_S_7.10_FRAME
v 6.52500000 7.15000000 10.82500000
v 6.52500000 7.15000000 12.37500000
v 6.52500000 7.25000000 10.82500000
v 6.52500000 7.25000000 12.37500000
v 7.67500000 7.15000000 10.82500000
v 7.67500000 7.15000000 12.37500000
v 7.67500000 7.25000000 10.82500000
v 7.67500000 7.25000000 12.37500000
f 2938 2940 2937
f 2941 2938 2937
f 2937 2940 2939
f 2939 2941 2937
f 2938 2944 2940
f 2942 2938 2941
f 2942 2944 2938
f 2940 2944 2939
f 2943 2941 2939
f 2939 2944 2943
f 2943 2942 2941
f 2944 2942 2943

o APARTMENT_13_WIN_S_7.10_GLASS
v 6.58500000 7.15000000 10.88500000
v 6.58500000 7.15000000 12.31500000
v 6.58500000 7.19000000 10.88500000
v 6.58500000 7.19000000 12.31500000
v 7.61500000 7.15000000 10.88500000
v 7.61500000 7.15000000 12.31500000
v 7.61500000 7.19000000 10.88500000
v 7.61500000 7.19000000 12.31500000
f 2946 2948 2945
f 2949 2946 2945
f 2945 2948 2947
f 2947 2949 2945
f 2946 2952 2948
f 2950 2946 2949
f 2950 2952 2946
f 2948 2952 2947
f 2951 2949 2947
f 2947 2952 2951
f 2951 2950 2949
f 2952 2950 2951

o APARTMENT_13_WIN_S_7.10_TOP
v 6.43500000 7.13000000 12.39500000
v 6.43500000 7.13000000 12.49500000
v 6.43500000 7.27000000 12.39500000
v 6.43500000 7.27000000 12.49500000
v 7.76500000 7.13000000 12.39500000
v 7.76500000 7.13000000 12.49500000
v 7.76500000 7.27000000 12.39500000
v 7.76500000 7.27000000 12.49500000
f 2954 2956 2953
f 2957 2954 2953
f 2953 2956 2955
f 2955 2957 2953
f 2954 2960 2956
f 2958 2954 2957
f 2958 2960 2954
f 2956 2960 2955
f 2959 2957 2955
f 2955 2960 2959
f 2959 2958 2957
f 2960 2958 2959

o APARTMENT_13_WIN_N_7.10_FRAME
v 6.52500000 13.45000000 10.82500000
v 6.52500000 13.45000000 12.37500000
v 6.52500000 13.55000000 10.82500000
v 6.52500000 13.55000000 12.37500000
v 7.67500000 13.45000000 10.82500000
v 7.67500000 13.45000000 12.37500000
v 7.67500000 13.55000000 10.82500000
v 7.67500000 13.55000000 12.37500000
f 2962 2964 2961
f 2965 2962 2961
f 2961 2964 2963
f 2963 2965 2961
f 2962 2968 2964
f 2966 2962 2965
f 2966 2968 2962
f 2964 2968 2963
f 2967 2965 2963
f 2963 2968 2967
f 2967 2966 2965
f 2968 2966 2967

o APARTMENT_13_WIN_N_7.10_GLASS
v 6.58500000 13.51000000 10.88500000
v 6.58500000 13.51000000 12.31500000
v 6.58500000 13.55000000 10.88500000
v 6.58500000 13.55000000 12.31500000
v 7.61500000 13.51000000 10.88500000
v 7.61500000 13.51000000 12.31500000
v 7.61500000 13.55000000 10.88500000
v 7.61500000 13.55000000 12.31500000
f 2970 2972 2969
f 2973 2970 2969
f 2969 2972 2971
f 2971 2973 2969
f 2970 2976 2972
f 2974 2970 2973
f 2974 2976 2970
f 2972 2976 2971
f 2975 2973 2971
f 2971 2976 2975
f 2975 2974 2973
f 2976 2974 2975

o APARTMENT_13_WIN_N_7.10_TOP
v 6.43500000 13.43000000 12.39500000
v 6.43500000 13.43000000 12.49500000
v 6.43500000 13.57000000 12.39500000
v 6.43500000 13.57000000 12.49500000
v 7.76500000 13.43000000 12.39500000
v 7.76500000 13.43000000 12.49500000
v 7.76500000 13.57000000 12.39500000
v 7.76500000 13.57000000 12.49500000
f 2978 2980 2977
f 2981 2978 2977
f 2977 2980 2979
f 2979 2981 2977
f 2978 2984 2980
f 2982 2978 2981
f 2982 2984 2978
f 2980 2984 2979
f 2983 2981 2979
f 2979 2984 2983
f 2983 2982 2981
f 2984 2982 2983

o APARTMENT_13_WIN_S_6.05_FRAME
v 5.47500000 7.15000000 10.82500000
v 5.47500000 7.15000000 12.37500000
v 5.47500000 7.25000000 10.82500000
v 5.47500000 7.25000000 12.37500000
v 6.62500000 7.15000000 10.82500000
v 6.62500000 7.15000000 12.37500000
v 6.62500000 7.25000000 10.82500000
v 6.62500000 7.25000000 12.37500000
f 2986 2988 2985
f 2989 2986 2985
f 2985 2988 2987
f 2987 2989 2985
f 2986 2992 2988
f 2990 2986 2989
f 2990 2992 2986
f 2988 2992 2987
f 2991 2989 2987
f 2987 2992 2991
f 2991 2990 2989
f 2992 2990 2991

o APARTMENT_13_WIN_S_6.05_GLASS
v 5.53500000 7.15000000 10.88500000
v 5.53500000 7.15000000 12.31500000
v 5.53500000 7.19000000 10.88500000
v 5.53500000 7.19000000 12.31500000
v 6.56500000 7.15000000 10.88500000
v 6.56500000 7.15000000 12.31500000
v 6.56500000 7.19000000 10.88500000
v 6.56500000 7.19000000 12.31500000
f 2994 2996 2993
f 2997 2994 2993
f 2993 2996 2995
f 2995 2997 2993
f 2994 3000 2996
f 2998 2994 2997
f 2998 3000 2994
f 2996 3000 2995
f 2999 2997 2995
f 2995 3000 2999
f 2999 2998 2997
f 3000 2998 2999

o APARTMENT_13_WIN_S_6.05_TOP
v 5.38500000 7.13000000 12.39500000
v 5.38500000 7.13000000 12.49500000
v 5.38500000 7.27000000 12.39500000
v 5.38500000 7.27000000 12.49500000
v 6.71500000 7.13000000 12.39500000
v 6.71500000 7.13000000 12.49500000
v 6.71500000 7.27000000 12.39500000
v 6.71500000 7.27000000 12.49500000
f 3002 3004 3001
f 3005 3002 3001
f 3001 3004 3003
f 3003 3005 3001
f 3002 3008 3004
f 3006 3002 3005
f 3006 3008 3002
f 3004 3008 3003
f 3007 3005 3003
f 3003 3008 3007
f 3007 3006 3005
f 3008 3006 3007

o APARTMENT_13_WIN_N_6.05_FRAME
v 5.47500000 13.45000000 10.82500000
v 5.47500000 13.45000000 12.37500000
v 5.47500000 13.55000000 10.82500000
v 5.47500000 13.55000000 12.37500000
v 6.62500000 13.45000000 10.82500000
v 6.62500000 13.45000000 12.37500000
v 6.62500000 13.55000000 10.82500000
v 6.62500000 13.55000000 12.37500000
f 3010 3012 3009
f 3013 3010 3009
f 3009 3012 3011
f 3011 3013 3009
f 3010 3016 3012
f 3014 3010 3013
f 3014 3016 3010
f 3012 3016 3011
f 3015 3013 3011
f 3011 3016 3015
f 3015 3014 3013
f 3016 3014 3015

o APARTMENT_13_WIN_N_6.05_GLASS
v 5.53500000 13.51000000 10.88500000
v 5.53500000 13.51000000 12.31500000
v 5.53500000 13.55000000 10.88500000
v 5.53500000 13.55000000 12.31500000
v 6.56500000 13.51000000 10.88500000
v 6.56500000 13.51000000 12.31500000
v 6.56500000 13.55000000 10.88500000
v 6.56500000 13.55000000 12.31500000
f 3018 3020 3017
f 3021 3018 3017
f 3017 3020 3019
f 3019 3021 3017
f 3018 3024 3020
f 3022 3018 3021
f 3022 3024 3018
f 3020 3024 3019
f 3023 3021 3019
f 3019 3024 3023
f 3023 3022 3021
f 3024 3022 3023

o APARTMENT_13_WIN_N_6.05_TOP
v 5.38500000 13.43000000 12.39500000
v 5.38500000 13.43000000 12.49500000
v 5.38500000 13.57000000 12.39500000
v 5.38500000 13.57000000 12.49500000
v 6.71500000 13.43000000 12.39500000
v 6.71500000 13.43000000 12.49500000
v 6.71500000 13.57000000 12.39500000
v 6.71500000 13.57000000 12.49500000
f 3026 3028 3025
f 3029 3026 3025
f 3025 3028 3027
f 3027 3029 3025
f 3026 3032 3028
f 3030 3026 3029
f 3030 3032 3026
f 3028 3032 3027
f 3031 3029 3027
f 3027 3032 3031
f 3031 3030 3029
f 3032 3030 3031

o APARTMENT_13_BALCONY_SLAbove
v 6.12500000 13.50000000 10.36000000
v 6.12500000 13.50000000 10.54000000
v 6.12500000 14.60000000 10.36000000
v 6.12500000 14.60000000 10.54000000
v 8.07500000 13.50000000 10.36000000
v 8.07500000 13.50000000 10.54000000
v 8.07500000 14.60000000 10.36000000
v 8.07500000 14.60000000 10.54000000
f 3034 3036 3033
f 3037 3034 3033
f 3033 3036 3035
f 3035 3037 3033
f 3034 3040 3036
f 3038 3034 3037
f 3038 3040 3034
f 3036 3040 3035
f 3039 3037 3035
f 3035 3040 3039
f 3039 3038 3037
f 3040 3038 3039

o APARTMENT_13_BAL_RAIL_TOP
v 6.12500000 14.54000000 11.01000000
v 6.12500000 14.54000000 11.09000000
v 6.12500000 14.62000000 11.01000000
v 6.12500000 14.62000000 11.09000000
v 8.07500000 14.54000000 11.01000000
v 8.07500000 14.54000000 11.09000000
v 8.07500000 14.62000000 11.01000000
v 8.07500000 14.62000000 11.09000000
f 3042 3044 3041
f 3045 3042 3041
f 3041 3044 3043
f 3043 3045 3041
f 3042 3048 3044
f 3046 3042 3045
f 3046 3048 3042
f 3044 3048 3043
f 3047 3045 3043
f 3043 3048 3047
f 3047 3046 3045
f 3048 3046 3047

o APARTMENT_13_BAL_RAIL_6.1
v 6.10250000 14.55750000 10.32500000
v 6.10250000 14.55750000 11.07500000
v 6.10250000 14.60250000 10.32500000
v 6.10250000 14.60250000 11.07500000
v 6.14750000 14.55750000 10.32500000
v 6.14750000 14.55750000 11.07500000
v 6.14750000 14.60250000 10.32500000
v 6.14750000 14.60250000 11.07500000
f 3050 3052 3049
f 3053 3050 3049
f 3049 3052 3051
f 3051 3053 3049
f 3050 3056 3052
f 3054 3050 3053
f 3054 3056 3050
f 3052 3056 3051
f 3055 3053 3051
f 3051 3056 3055
f 3055 3054 3053
f 3056 3054 3055

o APARTMENT_13_BAL_RAIL_7.1
v 7.07750000 14.55750000 10.32500000
v 7.07750000 14.55750000 11.07500000
v 7.07750000 14.60250000 10.32500000
v 7.07750000 14.60250000 11.07500000
v 7.12250000 14.55750000 10.32500000
v 7.12250000 14.55750000 11.07500000
v 7.12250000 14.60250000 10.32500000
v 7.12250000 14.60250000 11.07500000
f 3058 3060 3057
f 3061 3058 3057
f 3057 3060 3059
f 3059 3061 3057
f 3058 3064 3060
f 3062 3058 3061
f 3062 3064 3058
f 3060 3064 3059
f 3063 3061 3059
f 3059 3064 3063
f 3063 3062 3061
f 3064 3062 3063

o APARTMENT_13_BAL_RAIL_8.1
v 8.05250000 14.55750000 10.32500000
v 8.05250000 14.55750000 11.07500000
v 8.05250000 14.60250000 10.32500000
v 8.05250000 14.60250000 11.07500000
v 8.09750000 14.55750000 10.32500000
v 8.09750000 14.55750000 11.07500000
v 8.09750000 14.60250000 10.32500000
v 8.09750000 14.60250000 11.07500000
f 3066 3068 3065
f 3069 3066 3065
f 3065 3068 3067
f 3067 3069 3065
f 3066 3072 3068
f 3070 3066 3069
f 3070 3072 3066
f 3068 3072 3067
f 3071 3069 3067
f 3067 3072 3071
f 3071 3070 3069
f 3072 3070 3071

o APARTMENT_13_KITCHEN
v 5.35000000 7.77500000 9.90500000
v 5.35000000 7.77500000 10.75500000
v 5.35000000 8.42500000 9.90500000
v 5.35000000 8.42500000 10.75500000
v 6.52000000 7.77500000 9.90500000
v 6.52000000 7.77500000 10.75500000
v 6.52000000 8.42500000 9.90500000
v 6.52000000 8.42500000 10.75500000
f 3074 3076 3073
f 3077 3074 3073
f 3073 3076 3075
f 3075 3077 3073
f 3074 3080 3076
f 3078 3074 3077
f 3078 3080 3074
f 3076 3080 3075
f 3079 3077 3075
f 3075 3080 3079
f 3079 3078 3077
f 3080 3078 3079

o APARTMENT_13_BATH
v 5.55000000 8.24900000 9.90500000
v 5.55000000 8.24900000 10.35500000
v 5.55000000 9.04900000 9.90500000
v 5.55000000 9.04900000 10.35500000
v 6.65000000 8.24900000 9.90500000
v 6.65000000 8.24900000 10.35500000
v 6.65000000 9.04900000 9.90500000
v 6.65000000 9.04900000 10.35500000
f 3082 3084 3081
f 3085 3082 3081
f 3081 3084 3083
f 3083 3085 3081
f 3082 3088 3084
f 3086 3082 3085
f 3086 3088 3082
f 3084 3088 3083
f 3087 3085 3083
f 3083 3088 3087
f 3087 3086 3085
f 3088 3086 3087

o APARTMENT_14_FLOOR
v 9.25000000 7.20000000 9.90000000
v 9.25000000 7.20000000 10.00000000
v 9.25000000 13.50000000 9.90000000
v 9.25000000 13.50000000 10.00000000
v 13.50000000 7.20000000 9.90000000
v 13.50000000 7.20000000 10.00000000
v 13.50000000 13.50000000 9.90000000
v 13.50000000 13.50000000 10.00000000
f 3090 3092 3089
f 3093 3090 3089
f 3089 3092 3091
f 3091 3093 3089
f 3090 3096 3092
f 3094 3090 3093
f 3094 3096 3090
f 3092 3096 3091
f 3095 3093 3091
f 3091 3096 3095
f 3095 3094 3093
f 3096 3094 3095

o APARTMENT_14_W_S
v 9.25000000 7.14000000 9.90000000
v 9.25000000 7.14000000 13.00000000
v 9.25000000 7.26000000 9.90000000
v 9.25000000 7.26000000 13.00000000
v 13.50000000 7.14000000 9.90000000
v 13.50000000 7.14000000 13.00000000
v 13.50000000 7.26000000 9.90000000
v 13.50000000 7.26000000 13.00000000
f 3098 3100 3097
f 3101 3098 3097
f 3097 3100 3099
f 3099 3101 3097
f 3098 3104 3100
f 3102 3098 3101
f 3102 3104 3098
f 3100 3104 3099
f 3103 3101 3099
f 3099 3104 3103
f 3103 3102 3101
f 3104 3102 3103

o APARTMENT_14_W_N
v 9.25000000 13.44000000 9.90000000
v 9.25000000 13.44000000 13.00000000
v 9.25000000 13.56000000 9.90000000
v 9.25000000 13.56000000 13.00000000
v 13.50000000 13.44000000 9.90000000
v 13.50000000 13.44000000 13.00000000
v 13.50000000 13.56000000 9.90000000
v 13.50000000 13.56000000 13.00000000
f 3106 3108 3105
f 3109 3106 3105
f 3105 3108 3107
f 3107 3109 3105
f 3106 3112 3108
f 3110 3106 3109
f 3110 3112 3106
f 3108 3112 3107
f 3111 3109 3107
f 3107 3112 3111
f 3111 3110 3109
f 3112 3110 3111

o APARTMENT_14_W_W
v -10.29000000 6.10000000 9.90000000
v -10.29000000 6.10000000 13.00000000
v -10.41000000 6.10000000 9.90000000
v -10.41000000 6.10000000 13.00000000
v -10.29000000 12.40000000 9.90000000
v -10.29000000 12.40000000 13.00000000
v -10.41000000 12.40000000 9.90000000
v -10.41000000 12.40000000 13.00000000
f 3114 3116 3113
f 3117 3114 3113
f 3113 3116 3115
f 3115 3117 3113
f 3114 3120 3116
f 3118 3114 3117
f 3118 3120 3114
f 3116 3120 3115
f 3119 3117 3115
f 3115 3120 3119
f 3119 3118 3117
f 3120 3118 3119

o APARTMENT_14_W_E
v -10.29000000 10.35000000 9.90000000
v -10.29000000 10.35000000 13.00000000
v -10.41000000 10.35000000 9.90000000
v -10.41000000 10.35000000 13.00000000
v -10.29000000 16.65000000 9.90000000
v -10.29000000 16.65000000 13.00000000
v -10.41000000 16.65000000 9.90000000
v -10.41000000 16.65000000 13.00000000
f 3122 3124 3121
f 3125 3122 3121
f 3121 3124 3123
f 3123 3125 3121
f 3122 3128 3124
f 3126 3122 3125
f 3126 3128 3122
f 3124 3128 3123
f 3127 3125 3123
f 3123 3128 3127
f 3127 3126 3125
f 3128 3126 3127

o APARTMENT_14_PART_1
v 9.45000000 10.03800000 9.90000000
v 9.45000000 10.03800000 12.90000000
v 9.45000000 10.15800000 9.90000000
v 9.45000000 10.15800000 12.90000000
v 13.30000000 10.03800000 9.90000000
v 13.30000000 10.03800000 12.90000000
v 13.30000000 10.15800000 9.90000000
v 13.30000000 10.15800000 12.90000000
f 3130 3132 3129
f 3133 3130 3129
f 3129 3132 3131
f 3131 3133 3129
f 3130 3136 3132
f 3134 3130 3133
f 3134 3136 3130
f 3132 3136 3131
f 3135 3133 3131
f 3131 3136 3135
f 3135 3134 3133
f 3136 3134 3135

o APARTMENT_14_PART_2
v -8.68900000 9.38850000 9.90000000
v -8.68900000 9.38850000 12.90000000
v -8.80900000 9.38850000 9.90000000
v -8.80900000 9.38850000 12.90000000
v -8.68900000 12.08650000 9.90000000
v -8.68900000 12.08650000 12.90000000
v -8.80900000 12.08650000 9.90000000
v -8.80900000 12.08650000 12.90000000
f 3138 3140 3137
f 3141 3138 3137
f 3137 3140 3139
f 3139 3141 3137
f 3138 3144 3140
f 3142 3138 3141
f 3142 3144 3138
f 3140 3144 3139
f 3143 3141 3139
f 3139 3144 3143
f 3143 3142 3141
f 3144 3142 3143

o APARTMENT_14_WIN_S_11.38_FRAME
v 10.80000000 7.15000000 10.82500000
v 10.80000000 7.15000000 12.37500000
v 10.80000000 7.25000000 10.82500000
v 10.80000000 7.25000000 12.37500000
v 11.95000000 7.15000000 10.82500000
v 11.95000000 7.15000000 12.37500000
v 11.95000000 7.25000000 10.82500000
v 11.95000000 7.25000000 12.37500000
f 3146 3148 3145
f 3149 3146 3145
f 3145 3148 3147
f 3147 3149 3145
f 3146 3152 3148
f 3150 3146 3149
f 3150 3152 3146
f 3148 3152 3147
f 3151 3149 3147
f 3147 3152 3151
f 3151 3150 3149
f 3152 3150 3151

o APARTMENT_14_WIN_S_11.38_GLASS
v 10.86000000 7.15000000 10.88500000
v 10.86000000 7.15000000 12.31500000
v 10.86000000 7.19000000 10.88500000
v 10.86000000 7.19000000 12.31500000
v 11.89000000 7.15000000 10.88500000
v 11.89000000 7.15000000 12.31500000
v 11.89000000 7.19000000 10.88500000
v 11.89000000 7.19000000 12.31500000
f 3154 3156 3153
f 3157 3154 3153
f 3153 3156 3155
f 3155 3157 3153
f 3154 3160 3156
f 3158 3154 3157
f 3158 3160 3154
f 3156 3160 3155
f 3159 3157 3155
f 3155 3160 3159
f 3159 3158 3157
f 3160 3158 3159

o APARTMENT_14_WIN_S_11.38_TOP
v 10.71000000 7.13000000 12.39500000
v 10.71000000 7.13000000 12.49500000
v 10.71000000 7.27000000 12.39500000
v 10.71000000 7.27000000 12.49500000
v 12.04000000 7.13000000 12.39500000
v 12.04000000 7.13000000 12.49500000
v 12.04000000 7.27000000 12.39500000
v 12.04000000 7.27000000 12.49500000
f 3162 3164 3161
f 3165 3162 3161
f 3161 3164 3163
f 3163 3165 3161
f 3162 3168 3164
f 3166 3162 3165
f 3166 3168 3162
f 3164 3168 3163
f 3167 3165 3163
f 3163 3168 3167
f 3167 3166 3165
f 3168 3166 3167

o APARTMENT_14_WIN_N_11.38_FRAME
v 10.80000000 13.45000000 10.82500000
v 10.80000000 13.45000000 12.37500000
v 10.80000000 13.55000000 10.82500000
v 10.80000000 13.55000000 12.37500000
v 11.95000000 13.45000000 10.82500000
v 11.95000000 13.45000000 12.37500000
v 11.95000000 13.55000000 10.82500000
v 11.95000000 13.55000000 12.37500000
f 3170 3172 3169
f 3173 3170 3169
f 3169 3172 3171
f 3171 3173 3169
f 3170 3176 3172
f 3174 3170 3173
f 3174 3176 3170
f 3172 3176 3171
f 3175 3173 3171
f 3171 3176 3175
f 3175 3174 3173
f 3176 3174 3175

o APARTMENT_14_WIN_N_11.38_GLASS
v 10.86000000 13.51000000 10.88500000
v 10.86000000 13.51000000 12.31500000
v 10.86000000 13.55000000 10.88500000
v 10.86000000 13.55000000 12.31500000
v 11.89000000 13.51000000 10.88500000
v 11.89000000 13.51000000 12.31500000
v 11.89000000 13.55000000 10.88500000
v 11.89000000 13.55000000 12.31500000
f 3178 3180 3177
f 3181 3178 3177
f 3177 3180 3179
f 3179 3181 3177
f 3178 3184 3180
f 3182 3178 3181
f 3182 3184 3178
f 3180 3184 3179
f 3183 3181 3179
f 3179 3184 3183
f 3183 3182 3181
f 3184 3182 3183

o APARTMENT_14_WIN_N_11.38_TOP
v 10.71000000 13.43000000 12.39500000
v 10.71000000 13.43000000 12.49500000
v 10.71000000 13.57000000 12.39500000
v 10.71000000 13.57000000 12.49500000
v 12.04000000 13.43000000 12.39500000
v 12.04000000 13.43000000 12.49500000
v 12.04000000 13.57000000 12.39500000
v 12.04000000 13.57000000 12.49500000
f 3186 3188 3185
f 3189 3186 3185
f 3185 3188 3187
f 3187 3189 3185
f 3186 3192 3188
f 3190 3186 3189
f 3190 3192 3186
f 3188 3192 3187
f 3191 3189 3187
f 3187 3192 3191
f 3191 3190 3189
f 3192 3190 3191

o APARTMENT_14_WIN_S_10.15_FRAME
v 9.57500000 7.15000000 10.82500000
v 9.57500000 7.15000000 12.37500000
v 9.57500000 7.25000000 10.82500000
v 9.57500000 7.25000000 12.37500000
v 10.72500000 7.15000000 10.82500000
v 10.72500000 7.15000000 12.37500000
v 10.72500000 7.25000000 10.82500000
v 10.72500000 7.25000000 12.37500000
f 3194 3196 3193
f 3197 3194 3193
f 3193 3196 3195
f 3195 3197 3193
f 3194 3200 3196
f 3198 3194 3197
f 3198 3200 3194
f 3196 3200 3195
f 3199 3197 3195
f 3195 3200 3199
f 3199 3198 3197
f 3200 3198 3199

o APARTMENT_14_WIN_S_10.15_GLASS
v 9.63500000 7.15000000 10.88500000
v 9.63500000 7.15000000 12.31500000
v 9.63500000 7.19000000 10.88500000
v 9.63500000 7.19000000 12.31500000
v 10.66500000 7.15000000 10.88500000
v 10.66500000 7.15000000 12.31500000
v 10.66500000 7.19000000 10.88500000
v 10.66500000 7.19000000 12.31500000
f 3202 3204 3201
f 3205 3202 3201
f 3201 3204 3203
f 3203 3205 3201
f 3202 3208 3204
f 3206 3202 3205
f 3206 3208 3202
f 3204 3208 3203
f 3207 3205 3203
f 3203 3208 3207
f 3207 3206 3205
f 3208 3206 3207

o APARTMENT_14_WIN_S_10.15_TOP
v 9.48500000 7.13000000 12.39500000
v 9.48500000 7.13000000 12.49500000
v 9.48500000 7.27000000 12.39500000
v 9.48500000 7.27000000 12.49500000
v 10.81500000 7.13000000 12.39500000
v 10.81500000 7.13000000 12.49500000
v 10.81500000 7.27000000 12.39500000
v 10.81500000 7.27000000 12.49500000
f 3210 3212 3209
f 3213 3210 3209
f 3209 3212 3211
f 3211 3213 3209
f 3210 3216 3212
f 3214 3210 3213
f 3214 3216 3210
f 3212 3216 3211
f 3215 3213 3211
f 3211 3216 3215
f 3215 3214 3213
f 3216 3214 3215

o APARTMENT_14_WIN_N_10.15_FRAME
v 9.57500000 13.45000000 10.82500000
v 9.57500000 13.45000000 12.37500000
v 9.57500000 13.55000000 10.82500000
v 9.57500000 13.55000000 12.37500000
v 10.72500000 13.45000000 10.82500000
v 10.72500000 13.45000000 12.37500000
v 10.72500000 13.55000000 10.82500000
v 10.72500000 13.55000000 12.37500000
f 3218 3220 3217
f 3221 3218 3217
f 3217 3220 3219
f 3219 3221 3217
f 3218 3224 3220
f 3222 3218 3221
f 3222 3224 3218
f 3220 3224 3219
f 3223 3221 3219
f 3219 3224 3223
f 3223 3222 3221
f 3224 3222 3223

o APARTMENT_14_WIN_N_10.15_GLASS
v 9.63500000 13.51000000 10.88500000
v 9.63500000 13.51000000 12.31500000
v 9.63500000 13.55000000 10.88500000
v 9.63500000 13.55000000 12.31500000
v 10.66500000 13.51000000 10.88500000
v 10.66500000 13.51000000 12.31500000
v 10.66500000 13.55000000 10.88500000
v 10.66500000 13.55000000 12.31500000
f 3226 3228 3225
f 3229 3226 3225
f 3225 3228 3227
f 3227 3229 3225
f 3226 3232 3228
f 3230 3226 3229
f 3230 3232 3226
f 3228 3232 3227
f 3231 3229 3227
f 3227 3232 3231
f 3231 3230 3229
f 3232 3230 3231

o APARTMENT_14_WIN_N_10.15_TOP
v 9.48500000 13.43000000 12.39500000
v 9.48500000 13.43000000 12.49500000
v 9.48500000 13.57000000 12.39500000
v 9.48500000 13.57000000 12.49500000
v 10.81500000 13.43000000 12.39500000
v 10.81500000 13.43000000 12.49500000
v 10.81500000 13.57000000 12.39500000
v 10.81500000 13.57000000 12.49500000
f 3234 3236 3233
f 3237 3234 3233
f 3233 3236 3235
f 3235 3237 3233
f 3234 3240 3236
f 3238 3234 3237
f 3238 3240 3234
f 3236 3240 3235
f 3239 3237 3235
f 3235 3240 3239
f 3239 3238 3237
f 3240 3238 3239

o APARTMENT_14_BALCONY_SLAbove
v 10.31250000 13.50000000 10.36000000
v 10.31250000 13.50000000 10.54000000
v 10.31250000 14.60000000 10.36000000
v 10.31250000 14.60000000 10.54000000
v 12.43750000 13.50000000 10.36000000
v 12.43750000 13.50000000 10.54000000
v 12.43750000 14.60000000 10.36000000
v 12.43750000 14.60000000 10.54000000
f 3242 3244 3241
f 3245 3242 3241
f 3241 3244 3243
f 3243 3245 3241
f 3242 3248 3244
f 3246 3242 3245
f 3246 3248 3242
f 3244 3248 3243
f 3247 3245 3243
f 3243 3248 3247
f 3247 3246 3245
f 3248 3246 3247

o APARTMENT_14_BAL_RAIL_TOP
v 10.31250000 14.54000000 11.01000000
v 10.31250000 14.54000000 11.09000000
v 10.31250000 14.62000000 11.01000000
v 10.31250000 14.62000000 11.09000000
v 12.43750000 14.54000000 11.01000000
v 12.43750000 14.54000000 11.09000000
v 12.43750000 14.62000000 11.01000000
v 12.43750000 14.62000000 11.09000000
f 3250 3252 3249
f 3253 3250 3249
f 3249 3252 3251
f 3251 3253 3249
f 3250 3256 3252
f 3254 3250 3253
f 3254 3256 3250
f 3252 3256 3251
f 3255 3253 3251
f 3251 3256 3255
f 3255 3254 3253
f 3256 3254 3255

o APARTMENT_14_BAL_RAIL_10.3
v 10.29000000 14.55750000 10.32500000
v 10.29000000 14.55750000 11.07500000
v 10.29000000 14.60250000 10.32500000
v 10.29000000 14.60250000 11.07500000
v 10.33500000 14.55750000 10.32500000
v 10.33500000 14.55750000 11.07500000
v 10.33500000 14.60250000 10.32500000
v 10.33500000 14.60250000 11.07500000
f 3258 3260 3257
f 3261 3258 3257
f 3257 3260 3259
f 3259 3261 3257
f 3258 3264 3260
f 3262 3258 3261
f 3262 3264 3258
f 3260 3264 3259
f 3263 3261 3259
f 3259 3264 3263
f 3263 3262 3261
f 3264 3262 3263

o APARTMENT_14_BAL_RAIL_11.0
v 10.99833333 14.55750000 10.32500000
v 10.99833333 14.55750000 11.07500000
v 10.99833333 14.60250000 10.32500000
v 10.99833333 14.60250000 11.07500000
v 11.04333333 14.55750000 10.32500000
v 11.04333333 14.55750000 11.07500000
v 11.04333333 14.60250000 10.32500000
v 11.04333333 14.60250000 11.07500000
f 3266 3268 3265
f 3269 3266 3265
f 3265 3268 3267
f 3267 3269 3265
f 3266 3272 3268
f 3270 3266 3269
f 3270 3272 3266
f 3268 3272 3267
f 3271 3269 3267
f 3267 3272 3271
f 3271 3270 3269
f 3272 3270 3271

o APARTMENT_14_BAL_RAIL_11.7
v 11.70666667 14.55750000 10.32500000
v 11.70666667 14.55750000 11.07500000
v 11.70666667 14.60250000 10.32500000
v 11.70666667 14.60250000 11.07500000
v 11.75166667 14.55750000 10.32500000
v 11.75166667 14.55750000 11.07500000
v 11.75166667 14.60250000 10.32500000
v 11.75166667 14.60250000 11.07500000
f 3274 3276 3273
f 3277 3274 3273
f 3273 3276 3275
f 3275 3277 3273
f 3274 3280 3276
f 3278 3274 3277
f 3278 3280 3274
f 3276 3280 3275
f 3279 3277 3275
f 3275 3280 3279
f 3279 3278 3277
f 3280 3278 3279

o APARTMENT_14_BAL_RAIL_12.4
v 12.41500000 14.55750000 10.32500000
v 12.41500000 14.55750000 11.07500000
v 12.41500000 14.60250000 10.32500000
v 12.41500000 14.60250000 11.07500000
v 12.46000000 14.55750000 10.32500000
v 12.46000000 14.55750000 11.07500000
v 12.46000000 14.60250000 10.32500000
v 12.46000000 14.60250000 11.07500000
f 3282 3284 3281
f 3285 3282 3281
f 3281 3284 3283
f 3283 3285 3281
f 3282 3288 3284
f 3286 3282 3285
f 3286 3288 3282
f 3284 3288 3283
f 3287 3285 3283
f 3283 3288 3287
f 3287 3286 3285
f 3288 3286 3287

o APARTMENT_14_KITCHEN
v 9.45000000 7.77500000 9.90500000
v 9.45000000 7.77500000 10.75500000
v 9.45000000 8.42500000 9.90500000
v 9.45000000 8.42500000 10.75500000
v 10.72500000 7.77500000 9.90500000
v 10.72500000 7.77500000 10.75500000
v 10.72500000 8.42500000 9.90500000
v 10.72500000 8.42500000 10.75500000
f 3290 3292 3289
f 3293 3290 3289
f 3289 3292 3291
f 3291 3293 3289
f 3290 3296 3292
f 3294 3290 3293
f 3294 3296 3290
f 3292 3296 3291
f 3295 3293 3291
f 3291 3296 3295
f 3295 3294 3293
f 3296 3294 3295

o APARTMENT_14_BATH
v 9.65000000 8.24900000 9.90500000
v 9.65000000 8.24900000 10.35500000
v 9.65000000 9.04900000 9.90500000
v 9.65000000 9.04900000 10.35500000
v 10.75000000 8.24900000 9.90500000
v 10.75000000 8.24900000 10.35500000
v 10.75000000 9.04900000 9.90500000
v 10.75000000 9.04900000 10.35500000
f 3298 3300 3297
f 3301 3298 3297
f 3297 3300 3299
f 3299 3301 3297
f 3298 3304 3300
f 3302 3298 3301
f 3302 3304 3298
f 3300 3304 3299
f 3303 3301 3299
f 3299 3304 3303
f 3303 3302 3301
f 3304 3302 3303

o APARTMENT_15_FLOOR
v 0.30000000 0.30000000 9.90000000
v 0.30000000 0.30000000 10.00000000
v 0.30000000 6.70000000 9.90000000
v 0.30000000 6.70000000 10.00000000
v 5.40000000 0.30000000 9.90000000
v 5.40000000 0.30000000 10.00000000
v 5.40000000 6.70000000 9.90000000
v 5.40000000 6.70000000 10.00000000
f 3306 3308 3305
f 3309 3306 3305
f 3305 3308 3307
f 3307 3309 3305
f 3306 3312 3308
f 3310 3306 3309
f 3310 3312 3306
f 3308 3312 3307
f 3311 3309 3307
f 3307 3312 3311
f 3311 3310 3309
f 3312 3310 3311

o APARTMENT_15_W_S
v 0.30000000 0.24000000 9.90000000
v 0.30000000 0.24000000 13.00000000
v 0.30000000 0.36000000 9.90000000
v 0.30000000 0.36000000 13.00000000
v 5.40000000 0.24000000 9.90000000
v 5.40000000 0.24000000 13.00000000
v 5.40000000 0.36000000 9.90000000
v 5.40000000 0.36000000 13.00000000
f 3314 3316 3313
f 3317 3314 3313
f 3313 3316 3315
f 3315 3317 3313
f 3314 3320 3316
f 3318 3314 3317
f 3318 3320 3314
f 3316 3320 3315
f 3319 3317 3315
f 3315 3320 3319
f 3319 3318 3317
f 3320 3318 3319

o APARTMENT_15_W_N
v 0.30000000 6.64000000 9.90000000
v 0.30000000 6.64000000 13.00000000
v 0.30000000 6.76000000 9.90000000
v 0.30000000 6.76000000 13.00000000
v 5.40000000 6.64000000 9.90000000
v 5.40000000 6.64000000 13.00000000
v 5.40000000 6.76000000 9.90000000
v 5.40000000 6.76000000 13.00000000
f 3322 3324 3321
f 3325 3322 3321
f 3321 3324 3323
f 3323 3325 3321
f 3322 3328 3324
f 3326 3322 3325
f 3326 3328 3322
f 3324 3328 3323
f 3327 3325 3323
f 3323 3328 3327
f 3327 3326 3325
f 3328 3326 3327

o APARTMENT_15_W_W
v -3.44000000 -2.90000000 9.90000000
v -3.44000000 -2.90000000 13.00000000
v -3.56000000 -2.90000000 9.90000000
v -3.56000000 -2.90000000 13.00000000
v -3.44000000 3.50000000 9.90000000
v -3.44000000 3.50000000 13.00000000
v -3.56000000 3.50000000 9.90000000
v -3.56000000 3.50000000 13.00000000
f 3330 3332 3329
f 3333 3330 3329
f 3329 3332 3331
f 3331 3333 3329
f 3330 3336 3332
f 3334 3330 3333
f 3334 3336 3330
f 3332 3336 3331
f 3335 3333 3331
f 3331 3336 3335
f 3335 3334 3333
f 3336 3334 3335

o APARTMENT_15_W_E
v -3.44000000 2.20000000 9.90000000
v -3.44000000 2.20000000 13.00000000
v -3.56000000 2.20000000 9.90000000
v -3.56000000 2.20000000 13.00000000
v -3.44000000 8.60000000 9.90000000
v -3.44000000 8.60000000 13.00000000
v -3.56000000 8.60000000 9.90000000
v -3.56000000 8.60000000 13.00000000
f 3338 3340 3337
f 3341 3338 3337
f 3337 3340 3339
f 3339 3341 3337
f 3338 3344 3340
f 3342 3338 3341
f 3342 3344 3338
f 3340 3344 3339
f 3343 3341 3339
f 3339 3344 3343
f 3343 3342 3341
f 3344 3342 3343

o APARTMENT_15_PART_1
v 0.50000000 3.18400000 9.90000000
v 0.50000000 3.18400000 12.90000000
v 0.50000000 3.30400000 9.90000000
v 0.50000000 3.30400000 12.90000000
v 5.20000000 3.18400000 9.90000000
v 5.20000000 3.18400000 12.90000000
v 5.20000000 3.30400000 9.90000000
v 5.20000000 3.30400000 12.90000000
f 3346 3348 3345
f 3349 3346 3345
f 3345 3348 3347
f 3347 3349 3345
f 3346 3352 3348
f 3350 3346 3349
f 3350 3352 3346
f 3348 3352 3347
f 3351 3349 3347
f 3347 3352 3351
f 3351 3350 3349
f 3352 3350 3351

o APARTMENT_15_PART_2
v -1.81200000 0.71300000 9.90000000
v -1.81200000 0.71300000 12.90000000
v -1.93200000 0.71300000 9.90000000
v -1.93200000 0.71300000 12.90000000
v -1.81200000 3.45700000 9.90000000
v -1.81200000 3.45700000 12.90000000
v -1.93200000 3.45700000 9.90000000
v -1.93200000 3.45700000 12.90000000
f 3354 3356 3353
f 3357 3354 3353
f 3353 3356 3355
f 3355 3357 3353
f 3354 3360 3356
f 3358 3354 3357
f 3358 3360 3354
f 3356 3360 3355
f 3359 3357 3355
f 3355 3360 3359
f 3359 3358 3357
f 3360 3358 3359

o APARTMENT_15_WIN_S_2.85_FRAME
v 2.27500000 0.25000000 10.82500000
v 2.27500000 0.25000000 12.37500000
v 2.27500000 0.35000000 10.82500000
v 2.27500000 0.35000000 12.37500000
v 3.42500000 0.25000000 10.82500000
v 3.42500000 0.25000000 12.37500000
v 3.42500000 0.35000000 10.82500000
v 3.42500000 0.35000000 12.37500000
f 3362 3364 3361
f 3365 3362 3361
f 3361 3364 3363
f 3363 3365 3361
f 3362 3368 3364
f 3366 3362 3365
f 3366 3368 3362
f 3364 3368 3363
f 3367 3365 3363
f 3363 3368 3367
f 3367 3366 3365
f 3368 3366 3367

o APARTMENT_15_WIN_S_2.85_GLASS
v 2.33500000 0.25000000 10.88500000
v 2.33500000 0.25000000 12.31500000
v 2.33500000 0.29000000 10.88500000
v 2.33500000 0.29000000 12.31500000
v 3.36500000 0.25000000 10.88500000
v 3.36500000 0.25000000 12.31500000
v 3.36500000 0.29000000 10.88500000
v 3.36500000 0.29000000 12.31500000
f 3370 3372 3369
f 3373 3370 3369
f 3369 3372 3371
f 3371 3373 3369
f 3370 3376 3372
f 3374 3370 3373
f 3374 3376 3370
f 3372 3376 3371
f 3375 3373 3371
f 3371 3376 3375
f 3375 3374 3373
f 3376 3374 3375

o APARTMENT_15_WIN_S_2.85_TOP
v 2.18500000 0.23000000 12.39500000
v 2.18500000 0.23000000 12.49500000
v 2.18500000 0.37000000 12.39500000
v 2.18500000 0.37000000 12.49500000
v 3.51500000 0.23000000 12.39500000
v 3.51500000 0.23000000 12.49500000
v 3.51500000 0.37000000 12.39500000
v 3.51500000 0.37000000 12.49500000
f 3378 3380 3377
f 3381 3378 3377
f 3377 3380 3379
f 3379 3381 3377
f 3378 3384 3380
f 3382 3378 3381
f 3382 3384 3378
f 3380 3384 3379
f 3383 3381 3379
f 3379 3384 3383
f 3383 3382 3381
f 3384 3382 3383

o APARTMENT_15_WIN_N_2.85_FRAME
v 2.27500000 6.65000000 10.82500000
v 2.27500000 6.65000000 12.37500000
v 2.27500000 6.75000000 10.82500000
v 2.27500000 6.75000000 12.37500000
v 3.42500000 6.65000000 10.82500000
v 3.42500000 6.65000000 12.37500000
v 3.42500000 6.75000000 10.82500000
v 3.42500000 6.75000000 12.37500000
f 3386 3388 3385
f 3389 3386 3385
f 3385 3388 3387
f 3387 3389 3385
f 3386 3392 3388
f 3390 3386 3389
f 3390 3392 3386
f 3388 3392 3387
f 3391 3389 3387
f 3387 3392 3391
f 3391 3390 3389
f 3392 3390 3391

o APARTMENT_15_WIN_N_2.85_GLASS
v 2.33500000 6.71000000 10.88500000
v 2.33500000 6.71000000 12.31500000
v 2.33500000 6.75000000 10.88500000
v 2.33500000 6.75000000 12.31500000
v 3.36500000 6.71000000 10.88500000
v 3.36500000 6.71000000 12.31500000
v 3.36500000 6.75000000 10.88500000
v 3.36500000 6.75000000 12.31500000
f 3394 3396 3393
f 3397 3394 3393
f 3393 3396 3395
f 3395 3397 3393
f 3394 3400 3396
f 3398 3394 3397
f 3398 3400 3394
f 3396 3400 3395
f 3399 3397 3395
f 3395 3400 3399
f 3399 3398 3397
f 3400 3398 3399

o APARTMENT_15_WIN_N_2.85_TOP
v 2.18500000 6.63000000 12.39500000
v 2.18500000 6.63000000 12.49500000
v 2.18500000 6.77000000 12.39500000
v 2.18500000 6.77000000 12.49500000
v 3.51500000 6.63000000 12.39500000
v 3.51500000 6.63000000 12.49500000
v 3.51500000 6.77000000 12.39500000
v 3.51500000 6.77000000 12.49500000
f 3402 3404 3401
f 3405 3402 3401
f 3401 3404 3403
f 3403 3405 3401
f 3402 3408 3404
f 3406 3402 3405
f 3406 3408 3402
f 3404 3408 3403
f 3407 3405 3403
f 3403 3408 3407
f 3407 3406 3405
f 3408 3406 3407

o APARTMENT_15_WIN_S_1.20_FRAME
v 0.62500000 0.25000000 10.82500000
v 0.62500000 0.25000000 12.37500000
v 0.62500000 0.35000000 10.82500000
v 0.62500000 0.35000000 12.37500000
v 1.77500000 0.25000000 10.82500000
v 1.77500000 0.25000000 12.37500000
v 1.77500000 0.35000000 10.82500000
v 1.77500000 0.35000000 12.37500000
f 3410 3412 3409
f 3413 3410 3409
f 3409 3412 3411
f 3411 3413 3409
f 3410 3416 3412
f 3414 3410 3413
f 3414 3416 3410
f 3412 3416 3411
f 3415 3413 3411
f 3411 3416 3415
f 3415 3414 3413
f 3416 3414 3415

o APARTMENT_15_WIN_S_1.20_GLASS
v 0.68500000 0.25000000 10.88500000
v 0.68500000 0.25000000 12.31500000
v 0.68500000 0.29000000 10.88500000
v 0.68500000 0.29000000 12.31500000
v 1.71500000 0.25000000 10.88500000
v 1.71500000 0.25000000 12.31500000
v 1.71500000 0.29000000 10.88500000
v 1.71500000 0.29000000 12.31500000
f 3418 3420 3417
f 3421 3418 3417
f 3417 3420 3419
f 3419 3421 3417
f 3418 3424 3420
f 3422 3418 3421
f 3422 3424 3418
f 3420 3424 3419
f 3423 3421 3419
f 3419 3424 3423
f 3423 3422 3421
f 3424 3422 3423

o APARTMENT_15_WIN_S_1.20_TOP
v 0.53500000 0.23000000 12.39500000
v 0.53500000 0.23000000 12.49500000
v 0.53500000 0.37000000 12.39500000
v 0.53500000 0.37000000 12.49500000
v 1.86500000 0.23000000 12.39500000
v 1.86500000 0.23000000 12.49500000
v 1.86500000 0.37000000 12.39500000
v 1.86500000 0.37000000 12.49500000
f 3426 3428 3425
f 3429 3426 3425
f 3425 3428 3427
f 3427 3429 3425
f 3426 3432 3428
f 3430 3426 3429
f 3430 3432 3426
f 3428 3432 3427
f 3431 3429 3427
f 3427 3432 3431
f 3431 3430 3429
f 3432 3430 3431

o APARTMENT_15_WIN_N_1.20_FRAME
v 0.62500000 6.65000000 10.82500000
v 0.62500000 6.65000000 12.37500000
v 0.62500000 6.75000000 10.82500000
v 0.62500000 6.75000000 12.37500000
v 1.77500000 6.65000000 10.82500000
v 1.77500000 6.65000000 12.37500000
v 1.77500000 6.75000000 10.82500000
v 1.77500000 6.75000000 12.37500000
f 3434 3436 3433
f 3437 3434 3433
f 3433 3436 3435
f 3435 3437 3433
f 3434 3440 3436
f 3438 3434 3437
f 3438 3440 3434
f 3436 3440 3435
f 3439 3437 3435
f 3435 3440 3439
f 3439 3438 3437
f 3440 3438 3439

o APARTMENT_15_WIN_N_1.20_GLASS
v 0.68500000 6.71000000 10.88500000
v 0.68500000 6.71000000 12.31500000
v 0.68500000 6.75000000 10.88500000
v 0.68500000 6.75000000 12.31500000
v 1.71500000 6.71000000 10.88500000
v 1.71500000 6.71000000 12.31500000
v 1.71500000 6.75000000 10.88500000
v 1.71500000 6.75000000 12.31500000
f 3442 3444 3441
f 3445 3442 3441
f 3441 3444 3443
f 3443 3445 3441
f 3442 3448 3444
f 3446 3442 3445
f 3446 3448 3442
f 3444 3448 3443
f 3447 3445 3443
f 3443 3448 3447
f 3447 3446 3445
f 3448 3446 3447

o APARTMENT_15_WIN_N_1.20_TOP
v 0.53500000 6.63000000 12.39500000
v 0.53500000 6.63000000 12.49500000
v 0.53500000 6.77000000 12.39500000
v 0.53500000 6.77000000 12.49500000
v 1.86500000 6.63000000 12.39500000
v 1.86500000 6.63000000 12.49500000
v 1.86500000 6.77000000 12.39500000
v 1.86500000 6.77000000 12.49500000
f 3450 3452 3449
f 3453 3450 3449
f 3449 3452 3451
f 3451 3453 3449
f 3450 3456 3452
f 3454 3450 3453
f 3454 3456 3450
f 3452 3456 3451
f 3455 3453 3451
f 3451 3456 3455
f 3455 3454 3453
f 3456 3454 3455

o APARTMENT_15_KITCHEN
v 0.50000000 0.87500000 9.90500000
v 0.50000000 0.87500000 10.75500000
v 0.50000000 1.52500000 9.90500000
v 0.50000000 1.52500000 10.75500000
v 2.03000000 0.87500000 9.90500000
v 2.03000000 0.87500000 10.75500000
v 2.03000000 1.52500000 9.90500000
v 2.03000000 1.52500000 10.75500000
f 3458 3460 3457
f 3461 3458 3457
f 3457 3460 3459
f 3459 3461 3457
f 3458 3464 3460
f 3462 3458 3461
f 3462 3464 3458
f 3460 3464 3459
f 3463 3461 3459
f 3459 3464 3463
f 3463 3462 3461
f 3464 3462 3463

o APARTMENT_15_BATH
v 0.70000000 1.37200000 9.90500000
v 0.70000000 1.37200000 10.35500000
v 0.70000000 2.17200000 9.90500000
v 0.70000000 2.17200000 10.35500000
v 1.80000000 1.37200000 9.90500000
v 1.80000000 1.37200000 10.35500000
v 1.80000000 2.17200000 9.90500000
v 1.80000000 2.17200000 10.35500000
f 3466 3468 3465
f 3469 3466 3465
f 3465 3468 3467
f 3467 3469 3465
f 3466 3472 3468
f 3470 3466 3469
f 3470 3472 3466
f 3468 3472 3467
f 3471 3469 3467
f 3467 3472 3471
f 3471 3470 3469
f 3472 3470 3471

o FLOOR_3_CORE
v 6.97500000 5.12500000 9.90000000
v 6.97500000 5.12500000 10.00000000
v 6.97500000 8.67500000 9.90000000
v 6.97500000 8.67500000 10.00000000
v 10.22500000 5.12500000 9.90000000
v 10.22500000 5.12500000 10.00000000
v 10.22500000 8.67500000 9.90000000
v 10.22500000 8.67500000 10.00000000
f 3474 3476 3473
f 3477 3474 3473
f 3473 3476 3475
f 3475 3477 3473
f 3474 3480 3476
f 3478 3474 3477
f 3478 3480 3474
f 3476 3480 3475
f 3479 3477 3475
f 3475 3480 3479
f 3479 3478 3477
f 3480 3478 3479

o GROUND_FLOOR_STAIR_00
v 7.77500000 5.27500000 0.01500000
v 7.77500000 5.27500000 0.18500000
v 7.77500000 5.82500000 0.01500000
v 7.77500000 5.82500000 0.18500000
v 8.72500000 5.27500000 0.01500000
v 8.72500000 5.27500000 0.18500000
v 8.72500000 5.82500000 0.01500000
v 8.72500000 5.82500000 0.18500000
f 3482 3484 3481
f 3485 3482 3481
f 3481 3484 3483
f 3483 3485 3481
f 3482 3488 3484
f 3486 3482 3485
f 3486 3488 3482
f 3484 3488 3483
f 3487 3485 3483
f 3483 3488 3487
f 3487 3486 3485
f 3488 3486 3487

o GROUND_FLOOR_STAIR_01
v 7.95500000 5.27500000 0.12500000
v 7.95500000 5.27500000 0.29500000
v 7.95500000 5.82500000 0.12500000
v 7.95500000 5.82500000 0.29500000
v 8.90500000 5.27500000 0.12500000
v 8.90500000 5.27500000 0.29500000
v 8.90500000 5.82500000 0.12500000
v 8.90500000 5.82500000 0.29500000
f 3490 3492 3489
f 3493 3490 3489
f 3489 3492 3491
f 3491 3493 3489
f 3490 3496 3492
f 3494 3490 3493
f 3494 3496 3490
f 3492 3496 3491
f 3495 3493 3491
f 3491 3496 3495
f 3495 3494 3493
f 3496 3494 3495

o GROUND_FLOOR_STAIR_02
v 8.13500000 5.27500000 0.23500000
v 8.13500000 5.27500000 0.40500000
v 8.13500000 5.82500000 0.23500000
v 8.13500000 5.82500000 0.40500000
v 9.08500000 5.27500000 0.23500000
v 9.08500000 5.27500000 0.40500000
v 9.08500000 5.82500000 0.23500000
v 9.08500000 5.82500000 0.40500000
f 3498 3500 3497
f 3501 3498 3497
f 3497 3500 3499
f 3499 3501 3497
f 3498 3504 3500
f 3502 3498 3501
f 3502 3504 3498
f 3500 3504 3499
f 3503 3501 3499
f 3499 3504 3503
f 3503 3502 3501
f 3504 3502 3503

o GROUND_FLOOR_STAIR_03
v 8.31500000 5.27500000 0.34500000
v 8.31500000 5.27500000 0.51500000
v 8.31500000 5.82500000 0.34500000
v 8.31500000 5.82500000 0.51500000
v 9.26500000 5.27500000 0.34500000
v 9.26500000 5.27500000 0.51500000
v 9.26500000 5.82500000 0.34500000
v 9.26500000 5.82500000 0.51500000
f 3506 3508 3505
f 3509 3506 3505
f 3505 3508 3507
f 3507 3509 3505
f 3506 3512 3508
f 3510 3506 3509
f 3510 3512 3506
f 3508 3512 3507
f 3511 3509 3507
f 3507 3512 3511
f 3511 3510 3509
f 3512 3510 3511

o GROUND_FLOOR_STAIR_04
v 8.49500000 5.27500000 0.45500000
v 8.49500000 5.27500000 0.62500000
v 8.49500000 5.82500000 0.45500000
v 8.49500000 5.82500000 0.62500000
v 9.44500000 5.27500000 0.45500000
v 9.44500000 5.27500000 0.62500000
v 9.44500000 5.82500000 0.45500000
v 9.44500000 5.82500000 0.62500000
f 3514 3516 3513
f 3517 3514 3513
f 3513 3516 3515
f 3515 3517 3513
f 3514 3520 3516
f 3518 3514 3517
f 3518 3520 3514
f 3516 3520 3515
f 3519 3517 3515
f 3515 3520 3519
f 3519 3518 3517
f 3520 3518 3519

o GROUND_FLOOR_STAIR_05
v 8.67500000 5.27500000 0.56500000
v 8.67500000 5.27500000 0.73500000
v 8.67500000 5.82500000 0.56500000
v 8.67500000 5.82500000 0.73500000
v 9.62500000 5.27500000 0.56500000
v 9.62500000 5.27500000 0.73500000
v 9.62500000 5.82500000 0.56500000
v 9.62500000 5.82500000 0.73500000
f 3522 3524 3521
f 3525 3522 3521
f 3521 3524 3523
f 3523 3525 3521
f 3522 3528 3524
f 3526 3522 3525
f 3526 3528 3522
f 3524 3528 3523
f 3527 3525 3523
f 3523 3528 3527
f 3527 3526 3525
f 3528 3526 3527

o GROUND_FLOOR_STAIR_06
v 8.85500000 5.27500000 0.67500000
v 8.85500000 5.27500000 0.84500000
v 8.85500000 5.82500000 0.67500000
v 8.85500000 5.82500000 0.84500000
v 9.80500000 5.27500000 0.67500000
v 9.80500000 5.27500000 0.84500000
v 9.80500000 5.82500000 0.67500000
v 9.80500000 5.82500000 0.84500000
f 3530 3532 3529
f 3533 3530 3529
f 3529 3532 3531
f 3531 3533 3529
f 3530 3536 3532
f 3534 3530 3533
f 3534 3536 3530
f 3532 3536 3531
f 3535 3533 3531
f 3531 3536 3535
f 3535 3534 3533
f 3536 3534 3535

o GROUND_FLOOR_STAIR_07
v 9.03500000 5.27500000 0.78500000
v 9.03500000 5.27500000 0.95500000
v 9.03500000 5.82500000 0.78500000
v 9.03500000 5.82500000 0.95500000
v 9.98500000 5.27500000 0.78500000
v 9.98500000 5.27500000 0.95500000
v 9.98500000 5.82500000 0.78500000
v 9.98500000 5.82500000 0.95500000
f 3538 3540 3537
f 3541 3538 3537
f 3537 3540 3539
f 3539 3541 3537
f 3538 3544 3540
f 3542 3538 3541
f 3542 3544 3538
f 3540 3544 3539
f 3543 3541 3539
f 3539 3544 3543
f 3543 3542 3541
f 3544 3542 3543

o GROUND_FLOOR_STAIR_08
v 9.21500000 5.27500000 0.89500000
v 9.21500000 5.27500000 1.06500000
v 9.21500000 5.82500000 0.89500000
v 9.21500000 5.82500000 1.06500000
v 10.16500000 5.27500000 0.89500000
v 10.16500000 5.27500000 1.06500000
v 10.16500000 5.82500000 0.89500000
v 10.16500000 5.82500000 1.06500000
f 3546 3548 3545
f 3549 3546 3545
f 3545 3548 3547
f 3547 3549 3545
f 3546 3552 3548
f 3550 3546 3549
f 3550 3552 3546
f 3548 3552 3547
f 3551 3549 3547
f 3547 3552 3551
f 3551 3550 3549
f 3552 3550 3551

o GROUND_FLOOR_STAIR_09
v 7.77500000 6.32500000 1.00500000
v 7.77500000 6.32500000 1.17500000
v 7.77500000 6.87500000 1.00500000
v 7.77500000 6.87500000 1.17500000
v 8.72500000 6.32500000 1.00500000
v 8.72500000 6.32500000 1.17500000
v 8.72500000 6.87500000 1.00500000
v 8.72500000 6.87500000 1.17500000
f 3554 3556 3553
f 3557 3554 3553
f 3553 3556 3555
f 3555 3557 3553
f 3554 3560 3556
f 3558 3554 3557
f 3558 3560 3554
f 3556 3560 3555
f 3559 3557 3555
f 3555 3560 3559
f 3559 3558 3557
f 3560 3558 3559

o GROUND_FLOOR_STAIR_10
v 7.95500000 6.32500000 1.11500000
v 7.95500000 6.32500000 1.28500000
v 7.95500000 6.87500000 1.11500000
v 7.95500000 6.87500000 1.28500000
v 8.90500000 6.32500000 1.11500000
v 8.90500000 6.32500000 1.28500000
v 8.90500000 6.87500000 1.11500000
v 8.90500000 6.87500000 1.28500000
f 3562 3564 3561
f 3565 3562 3561
f 3561 3564 3563
f 3563 3565 3561
f 3562 3568 3564
f 3566 3562 3565
f 3566 3568 3562
f 3564 3568 3563
f 3567 3565 3563
f 3563 3568 3567
f 3567 3566 3565
f 3568 3566 3567

o GROUND_FLOOR_STAIR_11
v 8.13500000 6.32500000 1.22500000
v 8.13500000 6.32500000 1.39500000
v 8.13500000 6.87500000 1.22500000
v 8.13500000 6.87500000 1.39500000
v 9.08500000 6.32500000 1.22500000
v 9.08500000 6.32500000 1.39500000
v 9.08500000 6.87500000 1.22500000
v 9.08500000 6.87500000 1.39500000
f 3570 3572 3569
f 3573 3570 3569
f 3569 3572 3571
f 3571 3573 3569
f 3570 3576 3572
f 3574 3570 3573
f 3574 3576 3570
f 3572 3576 3571
f 3575 3573 3571
f 3571 3576 3575
f 3575 3574 3573
f 3576 3574 3575

o GROUND_FLOOR_STAIR_12
v 8.31500000 6.32500000 1.33500000
v 8.31500000 6.32500000 1.50500000
v 8.31500000 6.87500000 1.33500000
v 8.31500000 6.87500000 1.50500000
v 9.26500000 6.32500000 1.33500000
v 9.26500000 6.32500000 1.50500000
v 9.26500000 6.87500000 1.33500000
v 9.26500000 6.87500000 1.50500000
f 3578 3580 3577
f 3581 3578 3577
f 3577 3580 3579
f 3579 3581 3577
f 3578 3584 3580
f 3582 3578 3581
f 3582 3584 3578
f 3580 3584 3579
f 3583 3581 3579
f 3579 3584 3583
f 3583 3582 3581
f 3584 3582 3583

o GROUND_FLOOR_STAIR_13
v 8.49500000 6.32500000 1.44500000
v 8.49500000 6.32500000 1.61500000
v 8.49500000 6.87500000 1.44500000
v 8.49500000 6.87500000 1.61500000
v 9.44500000 6.32500000 1.44500000
v 9.44500000 6.32500000 1.61500000
v 9.44500000 6.87500000 1.44500000
v 9.44500000 6.87500000 1.61500000
f 3586 3588 3585
f 3589 3586 3585
f 3585 3588 3587
f 3587 3589 3585
f 3586 3592 3588
f 3590 3586 3589
f 3590 3592 3586
f 3588 3592 3587
f 3591 3589 3587
f 3587 3592 3591
f 3591 3590 3589
f 3592 3590 3591

o GROUND_FLOOR_STAIR_14
v 8.67500000 6.32500000 1.55500000
v 8.67500000 6.32500000 1.72500000
v 8.67500000 6.87500000 1.55500000
v 8.67500000 6.87500000 1.72500000
v 9.62500000 6.32500000 1.55500000
v 9.62500000 6.32500000 1.72500000
v 9.62500000 6.87500000 1.55500000
v 9.62500000 6.87500000 1.72500000
f 3594 3596 3593
f 3597 3594 3593
f 3593 3596 3595
f 3595 3597 3593
f 3594 3600 3596
f 3598 3594 3597
f 3598 3600 3594
f 3596 3600 3595
f 3599 3597 3595
f 3595 3600 3599
f 3599 3598 3597
f 3600 3598 3599

o GROUND_FLOOR_STAIR_15
v 8.85500000 6.32500000 1.66500000
v 8.85500000 6.32500000 1.83500000
v 8.85500000 6.87500000 1.66500000
v 8.85500000 6.87500000 1.83500000
v 9.80500000 6.32500000 1.66500000
v 9.80500000 6.32500000 1.83500000
v 9.80500000 6.87500000 1.66500000
v 9.80500000 6.87500000 1.83500000
f 3602 3604 3601
f 3605 3602 3601
f 3601 3604 3603
f 3603 3605 3601
f 3602 3608 3604
f 3606 3602 3605
f 3606 3608 3602
f 3604 3608 3603
f 3607 3605 3603
f 3603 3608 3607
f 3607 3606 3605
f 3608 3606 3607

o GROUND_FLOOR_STAIR_16
v 9.03500000 6.32500000 1.77500000
v 9.03500000 6.32500000 1.94500000
v 9.03500000 6.87500000 1.77500000
v 9.03500000 6.87500000 1.94500000
v 9.98500000 6.32500000 1.77500000
v 9.98500000 6.32500000 1.94500000
v 9.98500000 6.87500000 1.77500000
v 9.98500000 6.87500000 1.94500000
f 3610 3612 3609
f 3613 3610 3609
f 3609 3612 3611
f 3611 3613 3609
f 3610 3616 3612
f 3614 3610 3613
f 3614 3616 3610
f 3612 3616 3611
f 3615 3613 3611
f 3611 3616 3615
f 3615 3614 3613
f 3616 3614 3615

o GROUND_FLOOR_STAIR_17
v 9.21500000 6.32500000 1.88500000
v 9.21500000 6.32500000 2.05500000
v 9.21500000 6.87500000 1.88500000
v 9.21500000 6.87500000 2.05500000
v 10.16500000 6.32500000 1.88500000
v 10.16500000 6.32500000 2.05500000
v 10.16500000 6.87500000 1.88500000
v 10.16500000 6.87500000 2.05500000
f 3618 3620 3617
f 3621 3618 3617
f 3617 3620 3619
f 3619 3621 3617
f 3618 3624 3620
f 3622 3618 3621
f 3622 3624 3618
f 3620 3624 3619
f 3623 3621 3619
f 3619 3624 3623
f 3623 3622 3621
f 3624 3622 3623

o GROUND_FLOOR_ELEVATOR_DOOR
v 9.75000000 7.16000000 0.00000000
v 9.75000000 7.16000000 2.20000000
v 9.75000000 7.24000000 0.00000000
v 9.75000000 7.24000000 2.20000000
v 10.65000000 7.16000000 0.00000000
v 10.65000000 7.16000000 2.20000000
v 10.65000000 7.24000000 0.00000000
v 10.65000000 7.24000000 2.20000000
f 3626 3628 3625
f 3629 3626 3625
f 3625 3628 3627
f 3627 3629 3625
f 3626 3632 3628
f 3630 3626 3629
f 3630 3632 3626
f 3628 3632 3627
f 3631 3629 3627
f 3627 3632 3631
f 3631 3630 3629
f 3632 3630 3631

o FLOOR_1_STAIR_00
v 7.77500000 5.27500000 3.31500000
v 7.77500000 5.27500000 3.48500000
v 7.77500000 5.82500000 3.31500000
v 7.77500000 5.82500000 3.48500000
v 8.72500000 5.27500000 3.31500000
v 8.72500000 5.27500000 3.48500000
v 8.72500000 5.82500000 3.31500000
v 8.72500000 5.82500000 3.48500000
f 3634 3636 3633
f 3637 3634 3633
f 3633 3636 3635
f 3635 3637 3633
f 3634 3640 3636
f 3638 3634 3637
f 3638 3640 3634
f 3636 3640 3635
f 3639 3637 3635
f 3635 3640 3639
f 3639 3638 3637
f 3640 3638 3639

o FLOOR_1_STAIR_01
v 7.95500000 5.27500000 3.42500000
v 7.95500000 5.27500000 3.59500000
v 7.95500000 5.82500000 3.42500000
v 7.95500000 5.82500000 3.59500000
v 8.90500000 5.27500000 3.42500000
v 8.90500000 5.27500000 3.59500000
v 8.90500000 5.82500000 3.42500000
v 8.90500000 5.82500000 3.59500000
f 3642 3644 3641
f 3645 3642 3641
f 3641 3644 3643
f 3643 3645 3641
f 3642 3648 3644
f 3646 3642 3645
f 3646 3648 3642
f 3644 3648 3643
f 3647 3645 3643
f 3643 3648 3647
f 3647 3646 3645
f 3648 3646 3647

o FLOOR_1_STAIR_02
v 8.13500000 5.27500000 3.53500000
v 8.13500000 5.27500000 3.70500000
v 8.13500000 5.82500000 3.53500000
v 8.13500000 5.82500000 3.70500000
v 9.08500000 5.27500000 3.53500000
v 9.08500000 5.27500000 3.70500000
v 9.08500000 5.82500000 3.53500000
v 9.08500000 5.82500000 3.70500000
f 3650 3652 3649
f 3653 3650 3649
f 3649 3652 3651
f 3651 3653 3649
f 3650 3656 3652
f 3654 3650 3653
f 3654 3656 3650
f 3652 3656 3651
f 3655 3653 3651
f 3651 3656 3655
f 3655 3654 3653
f 3656 3654 3655

o FLOOR_1_STAIR_03
v 8.31500000 5.27500000 3.64500000
v 8.31500000 5.27500000 3.81500000
v 8.31500000 5.82500000 3.64500000
v 8.31500000 5.82500000 3.81500000
v 9.26500000 5.27500000 3.64500000
v 9.26500000 5.27500000 3.81500000
v 9.26500000 5.82500000 3.64500000
v 9.26500000 5.82500000 3.81500000
f 3658 3660 3657
f 3661 3658 3657
f 3657 3660 3659
f 3659 3661 3657
f 3658 3664 3660
f 3662 3658 3661
f 3662 3664 3658
f 3660 3664 3659
f 3663 3661 3659
f 3659 3664 3663
f 3663 3662 3661
f 3664 3662 3663

o FLOOR_1_STAIR_04
v 8.49500000 5.27500000 3.75500000
v 8.49500000 5.27500000 3.92500000
v 8.49500000 5.82500000 3.75500000
v 8.49500000 5.82500000 3.92500000
v 9.44500000 5.27500000 3.75500000
v 9.44500000 5.27500000 3.92500000
v 9.44500000 5.82500000 3.75500000
v 9.44500000 5.82500000 3.92500000
f 3666 3668 3665
f 3669 3666 3665
f 3665 3668 3667
f 3667 3669 3665
f 3666 3672 3668
f 3670 3666 3669
f 3670 3672 3666
f 3668 3672 3667
f 3671 3669 3667
f 3667 3672 3671
f 3671 3670 3669
f 3672 3670 3671

o FLOOR_1_STAIR_05
v 8.67500000 5.27500000 3.86500000
v 8.67500000 5.27500000 4.03500000
v 8.67500000 5.82500000 3.86500000
v 8.67500000 5.82500000 4.03500000
v 9.62500000 5.27500000 3.86500000
v 9.62500000 5.27500000 4.03500000
v 9.62500000 5.82500000 3.86500000
v 9.62500000 5.82500000 4.03500000
f 3674 3676 3673
f 3677 3674 3673
f 3673 3676 3675
f 3675 3677 3673
f 3674 3680 3676
f 3678 3674 3677
f 3678 3680 3674
f 3676 3680 3675
f 3679 3677 3675
f 3675 3680 3679
f 3679 3678 3677
f 3680 3678 3679

o FLOOR_1_STAIR_06
v 8.85500000 5.27500000 3.97500000
v 8.85500000 5.27500000 4.14500000
v 8.85500000 5.82500000 3.97500000
v 8.85500000 5.82500000 4.14500000
v 9.80500000 5.27500000 3.97500000
v 9.80500000 5.27500000 4.14500000
v 9.80500000 5.82500000 3.97500000
v 9.80500000 5.82500000 4.14500000
f 3682 3684 3681
f 3685 3682 3681
f 3681 3684 3683
f 3683 3685 3681
f 3682 3688 3684
f 3686 3682 3685
f 3686 3688 3682
f 3684 3688 3683
f 3687 3685 3683
f 3683 3688 3687
f 3687 3686 3685
f 3688 3686 3687

o FLOOR_1_STAIR_07
v 9.03500000 5.27500000 4.08500000
v 9.03500000 5.27500000 4.25500000
v 9.03500000 5.82500000 4.08500000
v 9.03500000 5.82500000 4.25500000
v 9.98500000 5.27500000 4.08500000
v 9.98500000 5.27500000 4.25500000
v 9.98500000 5.82500000 4.08500000
v 9.98500000 5.82500000 4.25500000
f 3690 3692 3689
f 3693 3690 3689
f 3689 3692 3691
f 3691 3693 3689
f 3690 3696 3692
f 3694 3690 3693
f 3694 3696 3690
f 3692 3696 3691
f 3695 3693 3691
f 3691 3696 3695
f 3695 3694 3693
f 3696 3694 3695

o FLOOR_1_STAIR_08
v 9.21500000 5.27500000 4.19500000
v 9.21500000 5.27500000 4.36500000
v 9.21500000 5.82500000 4.19500000
v 9.21500000 5.82500000 4.36500000
v 10.16500000 5.27500000 4.19500000
v 10.16500000 5.27500000 4.36500000
v 10.16500000 5.82500000 4.19500000
v 10.16500000 5.82500000 4.36500000
f 3698 3700 3697
f 3701 3698 3697
f 3697 3700 3699
f 3699 3701 3697
f 3698 3704 3700
f 3702 3698 3701
f 3702 3704 3698
f 3700 3704 3699
f 3703 3701 3699
f 3699 3704 3703
f 3703 3702 3701
f 3704 3702 3703

o FLOOR_1_STAIR_09
v 7.77500000 6.32500000 4.30500000
v 7.77500000 6.32500000 4.47500000
v 7.77500000 6.87500000 4.30500000
v 7.77500000 6.87500000 4.47500000
v 8.72500000 6.32500000 4.30500000
v 8.72500000 6.32500000 4.47500000
v 8.72500000 6.87500000 4.30500000
v 8.72500000 6.87500000 4.47500000
f 3706 3708 3705
f 3709 3706 3705
f 3705 3708 3707
f 3707 3709 3705
f 3706 3712 3708
f 3710 3706 3709
f 3710 3712 3706
f 3708 3712 3707
f 3711 3709 3707
f 3707 3712 3711
f 3711 3710 3709
f 3712 3710 3711

o FLOOR_1_STAIR_10
v 7.95500000 6.32500000 4.41500000
v 7.95500000 6.32500000 4.58500000
v 7.95500000 6.87500000 4.41500000
v 7.95500000 6.87500000 4.58500000
v 8.90500000 6.32500000 4.41500000
v 8.90500000 6.32500000 4.58500000
v 8.90500000 6.87500000 4.41500000
v 8.90500000 6.87500000 4.58500000
f 3714 3716 3713
f 3717 3714 3713
f 3713 3716 3715
f 3715 3717 3713
f 3714 3720 3716
f 3718 3714 3717
f 3718 3720 3714
f 3716 3720 3715
f 3719 3717 3715
f 3715 3720 3719
f 3719 3718 3717
f 3720 3718 3719

o FLOOR_1_STAIR_11
v 8.13500000 6.32500000 4.52500000
v 8.13500000 6.32500000 4.69500000
v 8.13500000 6.87500000 4.52500000
v 8.13500000 6.87500000 4.69500000
v 9.08500000 6.32500000 4.52500000
v 9.08500000 6.32500000 4.69500000
v 9.08500000 6.87500000 4.52500000
v 9.08500000 6.87500000 4.69500000
f 3722 3724 3721
f 3725 3722 3721
f 3721 3724 3723
f 3723 3725 3721
f 3722 3728 3724
f 3726 3722 3725
f 3726 3728 3722
f 3724 3728 3723
f 3727 3725 3723
f 3723 3728 3727
f 3727 3726 3725
f 3728 3726 3727

o FLOOR_1_STAIR_12
v 8.31500000 6.32500000 4.63500000
v 8.31500000 6.32500000 4.80500000
v 8.31500000 6.87500000 4.63500000
v 8.31500000 6.87500000 4.80500000
v 9.26500000 6.32500000 4.63500000
v 9.26500000 6.32500000 4.80500000
v 9.26500000 6.87500000 4.63500000
v 9.26500000 6.87500000 4.80500000
f 3730 3732 3729
f 3733 3730 3729
f 3729 3732 3731
f 3731 3733 3729
f 3730 3736 3732
f 3734 3730 3733
f 3734 3736 3730
f 3732 3736 3731
f 3735 3733 3731
f 3731 3736 3735
f 3735 3734 3733
f 3736 3734 3735

o FLOOR_1_STAIR_13
v 8.49500000 6.32500000 4.74500000
v 8.49500000 6.32500000 4.91500000
v 8.49500000 6.87500000 4.74500000
v 8.49500000 6.87500000 4.91500000
v 9.44500000 6.32500000 4.74500000
v 9.44500000 6.32500000 4.91500000
v 9.44500000 6.87500000 4.74500000
v 9.44500000 6.87500000 4.91500000
f 3738 3740 3737
f 3741 3738 3737
f 3737 3740 3739
f 3739 3741 3737
f 3738 3744 3740
f 3742 3738 3741
f 3742 3744 3738
f 3740 3744 3739
f 3743 3741 3739
f 3739 3744 3743
f 3743 3742 3741
f 3744 3742 3743

o FLOOR_1_STAIR_14
v 8.67500000 6.32500000 4.85500000
v 8.67500000 6.32500000 5.02500000
v 8.67500000 6.87500000 4.85500000
v 8.67500000 6.87500000 5.02500000
v 9.62500000 6.32500000 4.85500000
v 9.62500000 6.32500000 5.02500000
v 9.62500000 6.87500000 4.85500000
v 9.62500000 6.87500000 5.02500000
f 3746 3748 3745
f 3749 3746 3745
f 3745 3748 3747
f 3747 3749 3745
f 3746 3752 3748
f 3750 3746 3749
f 3750 3752 3746
f 3748 3752 3747
f 3751 3749 3747
f 3747 3752 3751
f 3751 3750 3749
f 3752 3750 3751

o FLOOR_1_STAIR_15
v 8.85500000 6.32500000 4.96500000
v 8.85500000 6.32500000 5.13500000
v 8.85500000 6.87500000 4.96500000
v 8.85500000 6.87500000 5.13500000
v 9.80500000 6.32500000 4.96500000
v 9.80500000 6.32500000 5.13500000
v 9.80500000 6.87500000 4.96500000
v 9.80500000 6.87500000 5.13500000
f 3754 3756 3753
f 3757 3754 3753
f 3753 3756 3755
f 3755 3757 3753
f 3754 3760 3756
f 3758 3754 3757
f 3758 3760 3754
f 3756 3760 3755
f 3759 3757 3755
f 3755 3760 3759
f 3759 3758 3757
f 3760 3758 3759

o FLOOR_1_STAIR_16
v 9.03500000 6.32500000 5.07500000
v 9.03500000 6.32500000 5.24500000
v 9.03500000 6.87500000 5.07500000
v 9.03500000 6.87500000 5.24500000
v 9.98500000 6.32500000 5.07500000
v 9.98500000 6.32500000 5.24500000
v 9.98500000 6.87500000 5.07500000
v 9.98500000 6.87500000 5.24500000
f 3762 3764 3761
f 3765 3762 3761
f 3761 3764 3763
f 3763 3765 3761
f 3762 3768 3764
f 3766 3762 3765
f 3766 3768 3762
f 3764 3768 3763
f 3767 3765 3763
f 3763 3768 3767
f 3767 3766 3765
f 3768 3766 3767

o FLOOR_1_STAIR_17
v 9.21500000 6.32500000 5.18500000
v 9.21500000 6.32500000 5.35500000
v 9.21500000 6.87500000 5.18500000
v 9.21500000 6.87500000 5.35500000
v 10.16500000 6.32500000 5.18500000
v 10.16500000 6.32500000 5.35500000
v 10.16500000 6.87500000 5.18500000
v 10.16500000 6.87500000 5.35500000
f 3770 3772 3769
f 3773 3770 3769
f 3769 3772 3771
f 3771 3773 3769
f 3770 3776 3772
f 3774 3770 3773
f 3774 3776 3770
f 3772 3776 3771
f 3775 3773 3771
f 3771 3776 3775
f 3775 3774 3773
f 3776 3774 3775

o FLOOR_1_ELEVATOR_DOOR
v 9.75000000 7.16000000 3.30000000
v 9.75000000 7.16000000 5.50000000
v 9.75000000 7.24000000 3.30000000
v 9.75000000 7.24000000 5.50000000
v 10.65000000 7.16000000 3.30000000
v 10.65000000 7.16000000 5.50000000
v 10.65000000 7.24000000 3.30000000
v 10.65000000 7.24000000 5.50000000
f 3778 3780 3777
f 3781 3778 3777
f 3777 3780 3779
f 3779 3781 3777
f 3778 3784 3780
f 3782 3778 3781
f 3782 3784 3778
f 3780 3784 3779
f 3783 3781 3779
f 3779 3784 3783
f 3783 3782 3781
f 3784 3782 3783

o FLOOR_2_STAIR_00
v 7.77500000 5.27500000 6.61500000
v 7.77500000 5.27500000 6.78500000
v 7.77500000 5.82500000 6.61500000
v 7.77500000 5.82500000 6.78500000
v 8.72500000 5.27500000 6.61500000
v 8.72500000 5.27500000 6.78500000
v 8.72500000 5.82500000 6.61500000
v 8.72500000 5.82500000 6.78500000
f 3786 3788 3785
f 3789 3786 3785
f 3785 3788 3787
f 3787 3789 3785
f 3786 3792 3788
f 3790 3786 3789
f 3790 3792 3786
f 3788 3792 3787
f 3791 3789 3787
f 3787 3792 3791
f 3791 3790 3789
f 3792 3790 3791

o FLOOR_2_STAIR_01
v 7.95500000 5.27500000 6.72500000
v 7.95500000 5.27500000 6.89500000
v 7.95500000 5.82500000 6.72500000
v 7.95500000 5.82500000 6.89500000
v 8.90500000 5.27500000 6.72500000
v 8.90500000 5.27500000 6.89500000
v 8.90500000 5.82500000 6.72500000
v 8.90500000 5.82500000 6.89500000
f 3794 3796 3793
f 3797 3794 3793
f 3793 3796 3795
f 3795 3797 3793
f 3794 3800 3796
f 3798 3794 3797
f 3798 3800 3794
f 3796 3800 3795
f 3799 3797 3795
f 3795 3800 3799
f 3799 3798 3797
f 3800 3798 3799

o FLOOR_2_STAIR_02
v 8.13500000 5.27500000 6.83500000
v 8.13500000 5.27500000 7.00500000
v 8.13500000 5.82500000 6.83500000
v 8.13500000 5.82500000 7.00500000
v 9.08500000 5.27500000 6.83500000
v 9.08500000 5.27500000 7.00500000
v 9.08500000 5.82500000 6.83500000
v 9.08500000 5.82500000 7.00500000
f 3802 3804 3801
f 3805 3802 3801
f 3801 3804 3803
f 3803 3805 3801
f 3802 3808 3804
f 3806 3802 3805
f 3806 3808 3802
f 3804 3808 3803
f 3807 3805 3803
f 3803 3808 3807
f 3807 3806 3805
f 3808 3806 3807

o FLOOR_2_STAIR_03
v 8.31500000 5.27500000 6.94500000
v 8.31500000 5.27500000 7.11500000
v 8.31500000 5.82500000 6.94500000
v 8.31500000 5.82500000 7.11500000
v 9.26500000 5.27500000 6.94500000
v 9.26500000 5.27500000 7.11500000
v 9.26500000 5.82500000 6.94500000
v 9.26500000 5.82500000 7.11500000
f 3810 3812 3809
f 3813 3810 3809
f 3809 3812 3811
f 3811 3813 3809
f 3810 3816 3812
f 3814 3810 3813
f 3814 3816 3810
f 3812 3816 3811
f 3815 3813 3811
f 3811 3816 3815
f 3815 3814 3813
f 3816 3814 3815

o FLOOR_2_STAIR_04
v 8.49500000 5.27500000 7.05500000
v 8.49500000 5.27500000 7.22500000
v 8.49500000 5.82500000 7.05500000
v 8.49500000 5.82500000 7.22500000
v 9.44500000 5.27500000 7.05500000
v 9.44500000 5.27500000 7.22500000
v 9.44500000 5.82500000 7.05500000
v 9.44500000 5.82500000 7.22500000
f 3818 3820 3817
f 3821 3818 3817
f 3817 3820 3819
f 3819 3821 3817
f 3818 3824 3820
f 3822 3818 3821
f 3822 3824 3818
f 3820 3824 3819
f 3823 3821 3819
f 3819 3824 3823
f 3823 3822 3821
f 3824 3822 3823

o FLOOR_2_STAIR_05
v 8.67500000 5.27500000 7.16500000
v 8.67500000 5.27500000 7.33500000
v 8.67500000 5.82500000 7.16500000
v 8.67500000 5.82500000 7.33500000
v 9.62500000 5.27500000 7.16500000
v 9.62500000 5.27500000 7.33500000
v 9.62500000 5.82500000 7.16500000
v 9.62500000 5.82500000 7.33500000
f 3826 3828 3825
f 3829 3826 3825
f 3825 3828 3827
f 3827 3829 3825
f 3826 3832 3828
f 3830 3826 3829
f 3830 3832 3826
f 3828 3832 3827
f 3831 3829 3827
f 3827 3832 3831
f 3831 3830 3829
f 3832 3830 3831

o FLOOR_2_STAIR_06
v 8.85500000 5.27500000 7.27500000
v 8.85500000 5.27500000 7.44500000
v 8.85500000 5.82500000 7.27500000
v 8.85500000 5.82500000 7.44500000
v 9.80500000 5.27500000 7.27500000
v 9.80500000 5.27500000 7.44500000
v 9.80500000 5.82500000 7.27500000
v 9.80500000 5.82500000 7.44500000
f 3834 3836 3833
f 3837 3834 3833
f 3833 3836 3835
f 3835 3837 3833
f 3834 3840 3836
f 3838 3834 3837
f 3838 3840 3834
f 3836 3840 3835
f 3839 3837 3835
f 3835 3840 3839
f 3839 3838 3837
f 3840 3838 3839

o FLOOR_2_STAIR_07
v 9.03500000 5.27500000 7.38500000
v 9.03500000 5.27500000 7.55500000
v 9.03500000 5.82500000 7.38500000
v 9.03500000 5.82500000 7.55500000
v 9.98500000 5.27500000 7.38500000
v 9.98500000 5.27500000 7.55500000
v 9.98500000 5.82500000 7.38500000
v 9.98500000 5.82500000 7.55500000
f 3842 3844 3841
f 3845 3842 3841
f 3841 3844 3843
f 3843 3845 3841
f 3842 3848 3844
f 3846 3842 3845
f 3846 3848 3842
f 3844 3848 3843
f 3847 3845 3843
f 3843 3848 3847
f 3847 3846 3845
f 3848 3846 3847

o FLOOR_2_STAIR_08
v 9.21500000 5.27500000 7.49500000
v 9.21500000 5.27500000 7.66500000
v 9.21500000 5.82500000 7.49500000
v 9.21500000 5.82500000 7.66500000
v 10.16500000 5.27500000 7.49500000
v 10.16500000 5.27500000 7.66500000
v 10.16500000 5.82500000 7.49500000
v 10.16500000 5.82500000 7.66500000
f 3850 3852 3849
f 3853 3850 3849
f 3849 3852 3851
f 3851 3853 3849
f 3850 3856 3852
f 3854 3850 3853
f 3854 3856 3850
f 3852 3856 3851
f 3855 3853 3851
f 3851 3856 3855
f 3855 3854 3853
f 3856 3854 3855

o FLOOR_2_STAIR_09
v 7.77500000 6.32500000 7.60500000
v 7.77500000 6.32500000 7.77500000
v 7.77500000 6.87500000 7.60500000
v 7.77500000 6.87500000 7.77500000
v 8.72500000 6.32500000 7.60500000
v 8.72500000 6.32500000 7.77500000
v 8.72500000 6.87500000 7.60500000
v 8.72500000 6.87500000 7.77500000
f 3858 3860 3857
f 3861 3858 3857
f 3857 3860 3859
f 3859 3861 3857
f 3858 3864 3860
f 3862 3858 3861
f 3862 3864 3858
f 3860 3864 3859
f 3863 3861 3859
f 3859 3864 3863
f 3863 3862 3861
f 3864 3862 3863

o FLOOR_2_STAIR_10
v 7.95500000 6.32500000 7.71500000
v 7.95500000 6.32500000 7.88500000
v 7.95500000 6.87500000 7.71500000
v 7.95500000 6.87500000 7.88500000
v 8.90500000 6.32500000 7.71500000
v 8.90500000 6.32500000 7.88500000
v 8.90500000 6.87500000 7.71500000
v 8.90500000 6.87500000 7.88500000
f 3866 3868 3865
f 3869 3866 3865
f 3865 3868 3867
f 3867 3869 3865
f 3866 3872 3868
f 3870 3866 3869
f 3870 3872 3866
f 3868 3872 3867
f 3871 3869 3867
f 3867 3872 3871
f 3871 3870 3869
f 3872 3870 3871

o FLOOR_2_STAIR_11
v 8.13500000 6.32500000 7.82500000
v 8.13500000 6.32500000 7.99500000
v 8.13500000 6.87500000 7.82500000
v 8.13500000 6.87500000 7.99500000
v 9.08500000 6.32500000 7.82500000
v 9.08500000 6.32500000 7.99500000
v 9.08500000 6.87500000 7.82500000
v 9.08500000 6.87500000 7.99500000
f 3874 3876 3873
f 3877 3874 3873
f 3873 3876 3875
f 3875 3877 3873
f 3874 3880 3876
f 3878 3874 3877
f 3878 3880 3874
f 3876 3880 3875
f 3879 3877 3875
f 3875 3880 3879
f 3879 3878 3877
f 3880 3878 3879

o FLOOR_2_STAIR_12
v 8.31500000 6.32500000 7.93500000
v 8.31500000 6.32500000 8.10500000
v 8.31500000 6.87500000 7.93500000
v 8.31500000 6.87500000 8.10500000
v 9.26500000 6.32500000 7.93500000
v 9.26500000 6.32500000 8.10500000
v 9.26500000 6.87500000 7.93500000
v 9.26500000 6.87500000 8.10500000
f 3882 3884 3881
f 3885 3882 3881
f 3881 3884 3883
f 3883 3885 3881
f 3882 3888 3884
f 3886 3882 3885
f 3886 3888 3882
f 3884 3888 3883
f 3887 3885 3883
f 3883 3888 3887
f 3887 3886 3885
f 3888 3886 3887

o FLOOR_2_STAIR_13
v 8.49500000 6.32500000 8.04500000
v 8.49500000 6.32500000 8.21500000
v 8.49500000 6.87500000 8.04500000
v 8.49500000 6.87500000 8.21500000
v 9.44500000 6.32500000 8.04500000
v 9.44500000 6.32500000 8.21500000
v 9.44500000 6.87500000 8.04500000
v 9.44500000 6.87500000 8.21500000
f 3890 3892 3889
f 3893 3890 3889
f 3889 3892 3891
f 3891 3893 3889
f 3890 3896 3892
f 3894 3890 3893
f 3894 3896 3890
f 3892 3896 3891
f 3895 3893 3891
f 3891 3896 3895
f 3895 3894 3893
f 3896 3894 3895

o FLOOR_2_STAIR_14
v 8.67500000 6.32500000 8.15500000
v 8.67500000 6.32500000 8.32500000
v 8.67500000 6.87500000 8.15500000
v 8.67500000 6.87500000 8.32500000
v 9.62500000 6.32500000 8.15500000
v 9.62500000 6.32500000 8.32500000
v 9.62500000 6.87500000 8.15500000
v 9.62500000 6.87500000 8.32500000
f 3898 3900 3897
f 3901 3898 3897
f 3897 3900 3899
f 3899 3901 3897
f 3898 3904 3900
f 3902 3898 3901
f 3902 3904 3898
f 3900 3904 3899
f 3903 3901 3899
f 3899 3904 3903
f 3903 3902 3901
f 3904 3902 3903

o FLOOR_2_STAIR_15
v 8.85500000 6.32500000 8.26500000
v 8.85500000 6.32500000 8.43500000
v 8.85500000 6.87500000 8.26500000
v 8.85500000 6.87500000 8.43500000
v 9.80500000 6.32500000 8.26500000
v 9.80500000 6.32500000 8.43500000
v 9.80500000 6.87500000 8.26500000
v 9.80500000 6.87500000 8.43500000
f 3906 3908 3905
f 3909 3906 3905
f 3905 3908 3907
f 3907 3909 3905
f 3906 3912 3908
f 3910 3906 3909
f 3910 3912 3906
f 3908 3912 3907
f 3911 3909 3907
f 3907 3912 3911
f 3911 3910 3909
f 3912 3910 3911

o FLOOR_2_STAIR_16
v 9.03500000 6.32500000 8.37500000
v 9.03500000 6.32500000 8.54500000
v 9.03500000 6.87500000 8.37500000
v 9.03500000 6.87500000 8.54500000
v 9.98500000 6.32500000 8.37500000
v 9.98500000 6.32500000 8.54500000
v 9.98500000 6.87500000 8.37500000
v 9.98500000 6.87500000 8.54500000
f 3914 3916 3913
f 3917 3914 3913
f 3913 3916 3915
f 3915 3917 3913
f 3914 3920 3916
f 3918 3914 3917
f 3918 3920 3914
f 3916 3920 3915
f 3919 3917 3915
f 3915 3920 3919
f 3919 3918 3917
f 3920 3918 3919

o FLOOR_2_STAIR_17
v 9.21500000 6.32500000 8.48500000
v 9.21500000 6.32500000 8.65500000
v 9.21500000 6.87500000 8.48500000
v 9.21500000 6.87500000 8.65500000
v 10.16500000 6.32500000 8.48500000
v 10.16500000 6.32500000 8.65500000
v 10.16500000 6.87500000 8.48500000
v 10.16500000 6.87500000 8.65500000
f 3922 3924 3921
f 3925 3922 3921
f 3921 3924 3923
f 3923 3925 3921
f 3922 3928 3924
f 3926 3922 3925
f 3926 3928 3922
f 3924 3928 3923
f 3927 3925 3923
f 3923 3928 3927
f 3927 3926 3925
f 3928 3926 3927

o FLOOR_2_ELEVATOR_DOOR
v 9.75000000 7.16000000 6.60000000
v 9.75000000 7.16000000 8.80000000
v 9.75000000 7.24000000 6.60000000
v 9.75000000 7.24000000 8.80000000
v 10.65000000 7.16000000 6.60000000
v 10.65000000 7.16000000 8.80000000
v 10.65000000 7.24000000 6.60000000
v 10.65000000 7.24000000 8.80000000
f 3930 3932 3929
f 3933 3930 3929
f 3929 3932 3931
f 3931 3933 3929
f 3930 3936 3932
f 3934 3930 3933
f 3934 3936 3930
f 3932 3936 3931
f 3935 3933 3931
f 3931 3936 3935
f 3935 3934 3933
f 3936 3934 3935

o FLOOR_3_STAIR_00
v 7.77500000 5.27500000 9.91500000
v 7.77500000 5.27500000 10.08500000
v 7.77500000 5.82500000 9.91500000
v 7.77500000 5.82500000 10.08500000
v 8.72500000 5.27500000 9.91500000
v 8.72500000 5.27500000 10.08500000
v 8.72500000 5.82500000 9.91500000
v 8.72500000 5.82500000 10.08500000
f 3938 3940 3937
f 3941 3938 3937
f 3937 3940 3939
f 3939 3941 3937
f 3938 3944 3940
f 3942 3938 3941
f 3942 3944 3938
f 3940 3944 3939
f 3943 3941 3939
f 3939 3944 3943
f 3943 3942 3941
f 3944 3942 3943

o FLOOR_3_STAIR_01
v 7.95500000 5.27500000 10.02500000
v 7.95500000 5.27500000 10.19500000
v 7.95500000 5.82500000 10.02500000
v 7.95500000 5.82500000 10.19500000
v 8.90500000 5.27500000 10.02500000
v 8.90500000 5.27500000 10.19500000
v 8.90500000 5.82500000 10.02500000
v 8.90500000 5.82500000 10.19500000
f 3946 3948 3945
f 3949 3946 3945
f 3945 3948 3947
f 3947 3949 3945
f 3946 3952 3948
f 3950 3946 3949
f 3950 3952 3946
f 3948 3952 3947
f 3951 3949 3947
f 3947 3952 3951
f 3951 3950 3949
f 3952 3950 3951

o FLOOR_3_STAIR_02
v 8.13500000 5.27500000 10.13500000
v 8.13500000 5.27500000 10.30500000
v 8.13500000 5.82500000 10.13500000
v 8.13500000 5.82500000 10.30500000
v 9.08500000 5.27500000 10.13500000
v 9.08500000 5.27500000 10.30500000
v 9.08500000 5.82500000 10.13500000
v 9.08500000 5.82500000 10.30500000
f 3954 3956 3953
f 3957 3954 3953
f 3953 3956 3955
f 3955 3957 3953
f 3954 3960 3956
f 3958 3954 3957
f 3958 3960 3954
f 3956 3960 3955
f 3959 3957 3955
f 3955 3960 3959
f 3959 3958 3957
f 3960 3958 3959

o FLOOR_3_STAIR_03
v 8.31500000 5.27500000 10.24500000
v 8.31500000 5.27500000 10.41500000
v 8.31500000 5.82500000 10.24500000
v 8.31500000 5.82500000 10.41500000
v 9.26500000 5.27500000 10.24500000
v 9.26500000 5.27500000 10.41500000
v 9.26500000 5.82500000 10.24500000
v 9.26500000 5.82500000 10.41500000
f 3962 3964 3961
f 3965 3962 3961
f 3961 3964 3963
f 3963 3965 3961
f 3962 3968 3964
f 3966 3962 3965
f 3966 3968 3962
f 3964 3968 3963
f 3967 3965 3963
f 3963 3968 3967
f 3967 3966 3965
f 3968 3966 3967

o FLOOR_3_STAIR_04
v 8.49500000 5.27500000 10.35500000
v 8.49500000 5.27500000 10.52500000
v 8.49500000 5.82500000 10.35500000
v 8.49500000 5.82500000 10.52500000
v 9.44500000 5.27500000 10.35500000
v 9.44500000 5.27500000 10.52500000
v 9.44500000 5.82500000 10.35500000
v 9.44500000 5.82500000 10.52500000
f 3970 3972 3969
f 3973 3970 3969
f 3969 3972 3971
f 3971 3973 3969
f 3970 3976 3972
f 3974 3970 3973
f 3974 3976 3970
f 3972 3976 3971
f 3975 3973 3971
f 3971 3976 3975
f 3975 3974 3973
f 3976 3974 3975

o FLOOR_3_STAIR_05
v 8.67500000 5.27500000 10.46500000
v 8.67500000 5.27500000 10.63500000
v 8.67500000 5.82500000 10.46500000
v 8.67500000 5.82500000 10.63500000
v 9.62500000 5.27500000 10.46500000
v 9.62500000 5.27500000 10.63500000
v 9.62500000 5.82500000 10.46500000
v 9.62500000 5.82500000 10.63500000
f 3978 3980 3977
f 3981 3978 3977
f 3977 3980 3979
f 3979 3981 3977
f 3978 3984 3980
f 3982 3978 3981
f 3982 3984 3978
f 3980 3984 3979
f 3983 3981 3979
f 3979 3984 3983
f 3983 3982 3981
f 3984 3982 3983

o FLOOR_3_STAIR_06
v 8.85500000 5.27500000 10.57500000
v 8.85500000 5.27500000 10.74500000
v 8.85500000 5.82500000 10.57500000
v 8.85500000 5.82500000 10.74500000
v 9.80500000 5.27500000 10.57500000
v 9.80500000 5.27500000 10.74500000
v 9.80500000 5.82500000 10.57500000
v 9.80500000 5.82500000 10.74500000
f 3986 3988 3985
f 3989 3986 3985
f 3985 3988 3987
f 3987 3989 3985
f 3986 3992 3988
f 3990 3986 3989
f 3990 3992 3986
f 3988 3992 3987
f 3991 3989 3987
f 3987 3992 3991
f 3991 3990 3989
f 3992 3990 3991

o FLOOR_3_STAIR_07
v 9.03500000 5.27500000 10.68500000
v 9.03500000 5.27500000 10.85500000
v 9.03500000 5.82500000 10.68500000
v 9.03500000 5.82500000 10.85500000
v 9.98500000 5.27500000 10.68500000
v 9.98500000 5.27500000 10.85500000
v 9.98500000 5.82500000 10.68500000
v 9.98500000 5.82500000 10.85500000
f 3994 3996 3993
f 3997 3994 3993
f 3993 3996 3995
f 3995 3997 3993
f 3994 4000 3996
f 3998 3994 3997
f 3998 4000 3994
f 3996 4000 3995
f 3999 3997 3995
f 3995 4000 3999
f 3999 3998 3997
f 4000 3998 3999

o FLOOR_3_STAIR_08
v 9.21500000 5.27500000 10.79500000
v 9.21500000 5.27500000 10.96500000
v 9.21500000 5.82500000 10.79500000
v 9.21500000 5.82500000 10.96500000
v 10.16500000 5.27500000 10.79500000
v 10.16500000 5.27500000 10.96500000
v 10.16500000 5.82500000 10.79500000
v 10.16500000 5.82500000 10.96500000
f 4002 4004 4001
f 4005 4002 4001
f 4001 4004 4003
f 4003 4005 4001
f 4002 4008 4004
f 4006 4002 4005
f 4006 4008 4002
f 4004 4008 4003
f 4007 4005 4003
f 4003 4008 4007
f 4007 4006 4005
f 4008 4006 4007

o FLOOR_3_STAIR_09
v 7.77500000 6.32500000 10.90500000
v 7.77500000 6.32500000 11.07500000
v 7.77500000 6.87500000 10.90500000
v 7.77500000 6.87500000 11.07500000
v 8.72500000 6.32500000 10.90500000
v 8.72500000 6.32500000 11.07500000
v 8.72500000 6.87500000 10.90500000
v 8.72500000 6.87500000 11.07500000
f 4010 4012 4009
f 4013 4010 4009
f 4009 4012 4011
f 4011 4013 4009
f 4010 4016 4012
f 4014 4010 4013
f 4014 4016 4010
f 4012 4016 4011
f 4015 4013 4011
f 4011 4016 4015
f 4015 4014 4013
f 4016 4014 4015

o FLOOR_3_STAIR_10
v 7.95500000 6.32500000 11.01500000
v 7.95500000 6.32500000 11.18500000
v 7.95500000 6.87500000 11.01500000
v 7.95500000 6.87500000 11.18500000
v 8.90500000 6.32500000 11.01500000
v 8.90500000 6.32500000 11.18500000
v 8.90500000 6.87500000 11.01500000
v 8.90500000 6.87500000 11.18500000
f 4018 4020 4017
f 4021 4018 4017
f 4017 4020 4019
f 4019 4021 4017
f 4018 4024 4020
f 4022 4018 4021
f 4022 4024 4018
f 4020 4024 4019
f 4023 4021 4019
f 4019 4024 4023
f 4023 4022 4021
f 4024 4022 4023

o FLOOR_3_STAIR_11
v 8.13500000 6.32500000 11.12500000
v 8.13500000 6.32500000 11.29500000
v 8.13500000 6.87500000 11.12500000
v 8.13500000 6.87500000 11.29500000
v 9.08500000 6.32500000 11.12500000
v 9.08500000 6.32500000 11.29500000
v 9.08500000 6.87500000 11.12500000
v 9.08500000 6.87500000 11.29500000
f 4026 4028 4025
f 4029 4026 4025
f 4025 4028 4027
f 4027 4029 4025
f 4026 4032 4028
f 4030 4026 4029
f 4030 4032 4026
f 4028 4032 4027
f 4031 4029 4027
f 4027 4032 4031
f 4031 4030 4029
f 4032 4030 4031

o FLOOR_3_STAIR_12
v 8.31500000 6.32500000 11.23500000
v 8.31500000 6.32500000 11.40500000
v 8.31500000 6.87500000 11.23500000
v 8.31500000 6.87500000 11.40500000
v 9.26500000 6.32500000 11.23500000
v 9.26500000 6.32500000 11.40500000
v 9.26500000 6.87500000 11.23500000
v 9.26500000 6.87500000 11.40500000
f 4034 4036 4033
f 4037 4034 4033
f 4033 4036 4035
f 4035 4037 4033
f 4034 4040 4036
f 4038 4034 4037
f 4038 4040 4034
f 4036 4040 4035
f 4039 4037 4035
f 4035 4040 4039
f 4039 4038 4037
f 4040 4038 4039

o FLOOR_3_STAIR_13
v 8.49500000 6.32500000 11.34500000
v 8.49500000 6.32500000 11.51500000
v 8.49500000 6.87500000 11.34500000
v 8.49500000 6.87500000 11.51500000
v 9.44500000 6.32500000 11.34500000
v 9.44500000 6.32500000 11.51500000
v 9.44500000 6.87500000 11.34500000
v 9.44500000 6.87500000 11.51500000
f 4042 4044 4041
f 4045 4042 4041
f 4041 4044 4043
f 4043 4045 4041
f 4042 4048 4044
f 4046 4042 4045
f 4046 4048 4042
f 4044 4048 4043
f 4047 4045 4043
f 4043 4048 4047
f 4047 4046 4045
f 4048 4046 4047

o FLOOR_3_STAIR_14
v 8.67500000 6.32500000 11.45500000
v 8.67500000 6.32500000 11.62500000
v 8.67500000 6.87500000 11.45500000
v 8.67500000 6.87500000 11.62500000
v 9.62500000 6.32500000 11.45500000
v 9.62500000 6.32500000 11.62500000
v 9.62500000 6.87500000 11.45500000
v 9.62500000 6.87500000 11.62500000
f 4050 4052 4049
f 4053 4050 4049
f 4049 4052 4051
f 4051 4053 4049
f 4050 4056 4052
f 4054 4050 4053
f 4054 4056 4050
f 4052 4056 4051
f 4055 4053 4051
f 4051 4056 4055
f 4055 4054 4053
f 4056 4054 4055

o FLOOR_3_STAIR_15
v 8.85500000 6.32500000 11.56500000
v 8.85500000 6.32500000 11.73500000
v 8.85500000 6.87500000 11.56500000
v 8.85500000 6.87500000 11.73500000
v 9.80500000 6.32500000 11.56500000
v 9.80500000 6.32500000 11.73500000
v 9.80500000 6.87500000 11.56500000
v 9.80500000 6.87500000 11.73500000
f 4058 4060 4057
f 4061 4058 4057
f 4057 4060 4059
f 4059 4061 4057
f 4058 4064 4060
f 4062 4058 4061
f 4062 4064 4058
f 4060 4064 4059
f 4063 4061 4059
f 4059 4064 4063
f 4063 4062 4061
f 4064 4062 4063

o FLOOR_3_STAIR_16
v 9.03500000 6.32500000 11.67500000
v 9.03500000 6.32500000 11.84500000
v 9.03500000 6.87500000 11.67500000
v 9.03500000 6.87500000 11.84500000
v 9.98500000 6.32500000 11.67500000
v 9.98500000 6.32500000 11.84500000
v 9.98500000 6.87500000 11.67500000
v 9.98500000 6.87500000 11.84500000
f 4066 4068 4065
f 4069 4066 4065
f 4065 4068 4067
f 4067 4069 4065
f 4066 4072 4068
f 4070 4066 4069
f 4070 4072 4066
f 4068 4072 4067
f 4071 4069 4067
f 4067 4072 4071
f 4071 4070 4069
f 4072 4070 4071

o FLOOR_3_STAIR_17
v 9.21500000 6.32500000 11.78500000
v 9.21500000 6.32500000 11.95500000
v 9.21500000 6.87500000 11.78500000
v 9.21500000 6.87500000 11.95500000
v 10.16500000 6.32500000 11.78500000
v 10.16500000 6.32500000 11.95500000
v 10.16500000 6.87500000 11.78500000
v 10.16500000 6.87500000 11.95500000
f 4074 4076 4073
f 4077 4074 4073
f 4073 4076 4075
f 4075 4077 4073
f 4074 4080 4076
f 4078 4074 4077
f 4078 4080 4074
f 4076 4080 4075
f 4079 4077 4075
f 4075 4080 4079
f 4079 4078 4077
f 4080 4078 4079

o FLOOR_3_ELEVATOR_DOOR
v 9.75000000 7.16000000 9.90000000
v 9.75000000 7.16000000 12.10000000
v 9.75000000 7.24000000 9.90000000
v 9.75000000 7.24000000 12.10000000
v 10.65000000 7.16000000 9.90000000
v 10.65000000 7.16000000 12.10000000
v 10.65000000 7.24000000 9.90000000
v 10.65000000 7.24000000 12.10000000
f 4082 4084 4081
f 4085 4082 4081
f 4081 4084 4083
f 4083 4085 4081
f 4082 4088 4084
f 4086 4082 4085
f 4086 4088 4082
f 4084 4088 4083
f 4087 4085 4083
f 4083 4088 4087
f 4087 4086 4085
f 4088 4086 4087

o PILASTER_N_0_1.15
v 1.04000000 13.81000000 0.00000000
v 1.04000000 13.81000000 3.10000000
v 1.04000000 14.01000000 0.00000000
v 1.04000000 14.01000000 3.10000000
v 1.26000000 13.81000000 0.00000000
v 1.26000000 13.81000000 3.10000000
v 1.26000000 14.01000000 0.00000000
v 1.26000000 14.01000000 3.10000000
f 4090 4092 4089
f 4093 4090 4089
f 4089 4092 4091
f 4091 4093 4089
f 4090 4096 4092
f 4094 4090 4093
f 4094 4096 4090
f 4092 4096 4091
f 4095 4093 4091
f 4091 4096 4095
f 4095 4094 4093
f 4096 4094 4095

o PILASTER_S_0_1.15
v 1.04000000 -0.21000000 0.00000000
v 1.04000000 -0.21000000 3.10000000
v 1.04000000 -0.01000000 0.00000000
v 1.04000000 -0.01000000 3.10000000
v 1.26000000 -0.21000000 0.00000000
v 1.26000000 -0.21000000 3.10000000
v 1.26000000 -0.01000000 0.00000000
v 1.26000000 -0.01000000 3.10000000
f 4098 4100 4097
f 4101 4098 4097
f 4097 4100 4099
f 4099 4101 4097
f 4098 4104 4100
f 4102 4098 4101
f 4102 4104 4098
f 4100 4104 4099
f 4103 4101 4099
f 4099 4104 4103
f 4103 4102 4101
f 4104 4102 4103

o PILASTER_N_0_4.6
v 4.49000000 13.81000000 0.00000000
v 4.49000000 13.81000000 3.10000000
v 4.49000000 14.01000000 0.00000000
v 4.49000000 14.01000000 3.10000000
v 4.71000000 13.81000000 0.00000000
v 4.71000000 13.81000000 3.10000000
v 4.71000000 14.01000000 0.00000000
v 4.71000000 14.01000000 3.10000000
f 4106 4108 4105
f 4109 4106 4105
f 4105 4108 4107
f 4107 4109 4105
f 4106 4112 4108
f 4110 4106 4109
f 4110 4112 4106
f 4108 4112 4107
f 4111 4109 4107
f 4107 4112 4111
f 4111 4110 4109
f 4112 4110 4111

o PILASTER_S_0_4.6
v 4.49000000 -0.21000000 0.00000000
v 4.49000000 -0.21000000 3.10000000
v 4.49000000 -0.01000000 0.00000000
v 4.49000000 -0.01000000 3.10000000
v 4.71000000 -0.21000000 0.00000000
v 4.71000000 -0.21000000 3.10000000
v 4.71000000 -0.01000000 0.00000000
v 4.71000000 -0.01000000 3.10000000
f 4114 4116 4113
f 4117 4114 4113
f 4113 4116 4115
f 4115 4117 4113
f 4114 4120 4116
f 4118 4114 4117
f 4118 4120 4114
f 4116 4120 4115
f 4119 4117 4115
f 4115 4120 4119
f 4119 4118 4117
f 4120 4118 4119

o PILASTER_N_0_6.9
v 6.79000000 13.81000000 0.00000000
v 6.79000000 13.81000000 3.10000000
v 6.79000000 14.01000000 0.00000000
v 6.79000000 14.01000000 3.10000000
v 7.01000000 13.81000000 0.00000000
v 7.01000000 13.81000000 3.10000000
v 7.01000000 14.01000000 0.00000000
v 7.01000000 14.01000000 3.10000000
f 4122 4124 4121
f 4125 4122 4121
f 4121 4124 4123
f 4123 4125 4121
f 4122 4128 4124
f 4126 4122 4125
f 4126 4128 4122
f 4124 4128 4123
f 4127 4125 4123
f 4123 4128 4127
f 4127 4126 4125
f 4128 4126 4127

o PILASTER_S_0_6.9
v 6.79000000 -0.21000000 0.00000000
v 6.79000000 -0.21000000 3.10000000
v 6.79000000 -0.01000000 0.00000000
v 6.79000000 -0.01000000 3.10000000
v 7.01000000 -0.21000000 0.00000000
v 7.01000000 -0.21000000 3.10000000
v 7.01000000 -0.01000000 0.00000000
v 7.01000000 -0.01000000 3.10000000
f 4130 4132 4129
f 4133 4130 4129
f 4129 4132 4131
f 4131 4133 4129
f 4130 4136 4132
f 4134 4130 4133
f 4134 4136 4130
f 4132 4136 4131
f 4135 4133 4131
f 4131 4136 4135
f 4135 4134 4133
f 4136 4134 4135

o PILASTER_N_0_9.15
v 9.04000000 13.81000000 0.00000000
v 9.04000000 13.81000000 3.10000000
v 9.04000000 14.01000000 0.00000000
v 9.04000000 14.01000000 3.10000000
v 9.26000000 13.81000000 0.00000000
v 9.26000000 13.81000000 3.10000000
v 9.26000000 14.01000000 0.00000000
v 9.26000000 14.01000000 3.10000000
f 4138 4140 4137
f 4141 4138 4137
f 4137 4140 4139
f 4139 4141 4137
f 4138 4144 4140
f 4142 4138 4141
f 4142 4144 4138
f 4140 4144 4139
f 4143 4141 4139
f 4139 4144 4143
f 4143 4142 4141
f 4144 4142 4143

o PILASTER_S_0_9.15
v 9.04000000 -0.21000000 0.00000000
v 9.04000000 -0.21000000 3.10000000
v 9.04000000 -0.01000000 0.00000000
v 9.04000000 -0.01000000 3.10000000
v 9.26000000 -0.21000000 0.00000000
v 9.26000000 -0.21000000 3.10000000
v 9.26000000 -0.01000000 0.00000000
v 9.26000000 -0.01000000 3.10000000
f 4146 4148 4145
f 4149 4146 4145
f 4145 4148 4147
f 4147 4149 4145
f 4146 4152 4148
f 4150 4146 4149
f 4150 4152 4146
f 4148 4152 4147
f 4151 4149 4147
f 4147 4152 4151
f 4151 4150 4149
f 4152 4150 4151

o PILASTER_N_0_12.65
v 12.54000000 13.81000000 0.00000000
v 12.54000000 13.81000000 3.10000000
v 12.54000000 14.01000000 0.00000000
v 12.54000000 14.01000000 3.10000000
v 12.76000000 13.81000000 0.00000000
v 12.76000000 13.81000000 3.10000000
v 12.76000000 14.01000000 0.00000000
v 12.76000000 14.01000000 3.10000000
f 4154 4156 4153
f 4157 4154 4153
f 4153 4156 4155
f 4155 4157 4153
f 4154 4160 4156
f 4158 4154 4157
f 4158 4160 4154
f 4156 4160 4155
f 4159 4157 4155
f 4155 4160 4159
f 4159 4158 4157
f 4160 4158 4159

o PILASTER_S_0_12.65
v 12.54000000 -0.21000000 0.00000000
v 12.54000000 -0.21000000 3.10000000
v 12.54000000 -0.01000000 0.00000000
v 12.54000000 -0.01000000 3.10000000
v 12.76000000 -0.21000000 0.00000000
v 12.76000000 -0.21000000 3.10000000
v 12.76000000 -0.01000000 0.00000000
v 12.76000000 -0.01000000 3.10000000
f 4162 4164 4161
f 4165 4162 4161
f 4161 4164 4163
f 4163 4165 4161
f 4162 4168 4164
f 4166 4162 4165
f 4166 4168 4162
f 4164 4168 4163
f 4167 4165 4163
f 4163 4168 4167
f 4167 4166 4165
f 4168 4166 4167

o PILASTER_N_3.3_1.15
v 1.04000000 13.81000000 3.30000000
v 1.04000000 13.81000000 6.40000000
v 1.04000000 14.01000000 3.30000000
v 1.04000000 14.01000000 6.40000000
v 1.26000000 13.81000000 3.30000000
v 1.26000000 13.81000000 6.40000000
v 1.26000000 14.01000000 3.30000000
v 1.26000000 14.01000000 6.40000000
f 4170 4172 4169
f 4173 4170 4169
f 4169 4172 4171
f 4171 4173 4169
f 4170 4176 4172
f 4174 4170 4173
f 4174 4176 4170
f 4172 4176 4171
f 4175 4173 4171
f 4171 4176 4175
f 4175 4174 4173
f 4176 4174 4175

o PILASTER_S_3.3_1.15
v 1.04000000 -0.21000000 3.30000000
v 1.04000000 -0.21000000 6.40000000
v 1.04000000 -0.01000000 3.30000000
v 1.04000000 -0.01000000 6.40000000
v 1.26000000 -0.21000000 3.30000000
v 1.26000000 -0.21000000 6.40000000
v 1.26000000 -0.01000000 3.30000000
v 1.26000000 -0.01000000 6.40000000
f 4178 4180 4177
f 4181 4178 4177
f 4177 4180 4179
f 4179 4181 4177
f 4178 4184 4180
f 4182 4178 4181
f 4182 4184 4178
f 4180 4184 4179
f 4183 4181 4179
f 4179 4184 4183
f 4183 4182 4181
f 4184 4182 4183

o PILASTER_N_3.3_4.6
v 4.49000000 13.81000000 3.30000000
v 4.49000000 13.81000000 6.40000000
v 4.49000000 14.01000000 3.30000000
v 4.49000000 14.01000000 6.40000000
v 4.71000000 13.81000000 3.30000000
v 4.71000000 13.81000000 6.40000000
v 4.71000000 14.01000000 3.30000000
v 4.71000000 14.01000000 6.40000000
f 4186 4188 4185
f 4189 4186 4185
f 4185 4188 4187
f 4187 4189 4185
f 4186 4192 4188
f 4190 4186 4189
f 4190 4192 4186
f 4188 4192 4187
f 4191 4189 4187
f 4187 4192 4191
f 4191 4190 4189
f 4192 4190 4191

o PILASTER_S_3.3_4.6
v 4.49000000 -0.21000000 3.30000000
v 4.49000000 -0.21000000 6.40000000
v 4.49000000 -0.01000000 3.30000000
v 4.49000000 -0.01000000 6.40000000
v 4.71000000 -0.21000000 3.30000000
v 4.71000000 -0.21000000 6.40000000
v 4.71000000 -0.01000000 3.30000000
v 4.71000000 -0.01000000 6.40000000
f 4194 4196 4193
f 4197 4194 4193
f 4193 4196 4195
f 4195 4197 4193
f 4194 4200 4196
f 4198 4194 4197
f 4198 4200 4194
f 4196 4200 4195
f 4199 4197 4195
f 4195 4200 4199
f 4199 4198 4197
f 4200 4198 4199

o PILASTER_N_3.3_6.9
v 6.79000000 13.81000000 3.30000000
v 6.79000000 13.81000000 6.40000000
v 6.79000000 14.01000000 3.30000000
v 6.79000000 14.01000000 6.40000000
v 7.01000000 13.81000000 3.30000000
v 7.01000000 13.81000000 6.40000000
v 7.01000000 14.01000000 3.30000000
v 7.01000000 14.01000000 6.40000000
f 4202 4204 4201
f 4205 4202 4201
f 4201 4204 4203
f 4203 4205 4201
f 4202 4208 4204
f 4206 4202 4205
f 4206 4208 4202
f 4204 4208 4203
f 4207 4205 4203
f 4203 4208 4207
f 4207 4206 4205
f 4208 4206 4207

o PILASTER_S_3.3_6.9
v 6.79000000 -0.21000000 3.30000000
v 6.79000000 -0.21000000 6.40000000
v 6.79000000 -0.01000000 3.30000000
v 6.79000000 -0.01000000 6.40000000
v 7.01000000 -0.21000000 3.30000000
v 7.01000000 -0.21000000 6.40000000
v 7.01000000 -0.01000000 3.30000000
v 7.01000000 -0.01000000 6.40000000
f 4210 4212 4209
f 4213 4210 4209
f 4209 4212 4211
f 4211 4213 4209
f 4210 4216 4212
f 4214 4210 4213
f 4214 4216 4210
f 4212 4216 4211
f 4215 4213 4211
f 4211 4216 4215
f 4215 4214 4213
f 4216 4214 4215

o PILASTER_N_3.3_9.15
v 9.04000000 13.81000000 3.30000000
v 9.04000000 13.81000000 6.40000000
v 9.04000000 14.01000000 3.30000000
v 9.04000000 14.01000000 6.40000000
v 9.26000000 13.81000000 3.30000000
v 9.26000000 13.81000000 6.40000000
v 9.26000000 14.01000000 3.30000000
v 9.26000000 14.01000000 6.40000000
f 4218 4220 4217
f 4221 4218 4217
f 4217 4220 4219
f 4219 4221 4217
f 4218 4224 4220
f 4222 4218 4221
f 4222 4224 4218
f 4220 4224 4219
f 4223 4221 4219
f 4219 4224 4223
f 4223 4222 4221
f 4224 4222 4223

o PILASTER_S_3.3_9.15
v 9.04000000 -0.21000000 3.30000000
v 9.04000000 -0.21000000 6.40000000
v 9.04000000 -0.01000000 3.30000000
v 9.04000000 -0.01000000 6.40000000
v 9.26000000 -0.21000000 3.30000000
v 9.26000000 -0.21000000 6.40000000
v 9.26000000 -0.01000000 3.30000000
v 9.26000000 -0.01000000 6.40000000
f 4226 4228 4225
f 4229 4226 4225
f 4225 4228 4227
f 4227 4229 4225
f 4226 4232 4228
f 4230 4226 4229
f 4230 4232 4226
f 4228 4232 4227
f 4231 4229 4227
f 4227 4232 4231
f 4231 4230 4229
f 4232 4230 4231

o PILASTER_N_3.3_12.65
v 12.54000000 13.81000000 3.30000000
v 12.54000000 13.81000000 6.40000000
v 12.54000000 14.01000000 3.30000000
v 12.54000000 14.01000000 6.40000000
v 12.76000000 13.81000000 3.30000000
v 12.76000000 13.81000000 6.40000000
v 12.76000000 14.01000000 3.30000000
v 12.76000000 14.01000000 6.40000000
f 4234 4236 4233
f 4237 4234 4233
f 4233 4236 4235
f 4235 4237 4233
f 4234 4240 4236
f 4238 4234 4237
f 4238 4240 4234
f 4236 4240 4235
f 4239 4237 4235
f 4235 4240 4239
f 4239 4238 4237
f 4240 4238 4239

o PILASTER_S_3.3_12.65
v 12.54000000 -0.21000000 3.30000000
v 12.54000000 -0.21000000 6.40000000
v 12.54000000 -0.01000000 3.30000000
v 12.54000000 -0.01000000 6.40000000
v 12.76000000 -0.21000000 3.30000000
v 12.76000000 -0.21000000 6.40000000
v 12.76000000 -0.01000000 3.30000000
v 12.76000000 -0.01000000 6.40000000
f 4242 4244 4241
f 4245 4242 4241
f 4241 4244 4243
f 4243 4245 4241
f 4242 4248 4244
f 4246 4242 4245
f 4246 4248 4242
f 4244 4248 4243
f 4247 4245 4243
f 4243 4248 4247
f 4247 4246 4245
f 4248 4246 4247

o PILASTER_N_6.6_1.15
v 1.04000000 13.81000000 6.60000000
v 1.04000000 13.81000000 9.70000000
v 1.04000000 14.01000000 6.60000000
v 1.04000000 14.01000000 9.70000000
v 1.26000000 13.81000000 6.60000000
v 1.26000000 13.81000000 9.70000000
v 1.26000000 14.01000000 6.60000000
v 1.26000000 14.01000000 9.70000000
f 4250 4252 4249
f 4253 4250 4249
f 4249 4252 4251
f 4251 4253 4249
f 4250 4256 4252
f 4254 4250 4253
f 4254 4256 4250
f 4252 4256 4251
f 4255 4253 4251
f 4251 4256 4255
f 4255 4254 4253
f 4256 4254 4255

o PILASTER_S_6.6_1.15
v 1.04000000 -0.21000000 6.60000000
v 1.04000000 -0.21000000 9.70000000
v 1.04000000 -0.01000000 6.60000000
v 1.04000000 -0.01000000 9.70000000
v 1.26000000 -0.21000000 6.60000000
v 1.26000000 -0.21000000 9.70000000
v 1.26000000 -0.01000000 6.60000000
v 1.26000000 -0.01000000 9.70000000
f 4258 4260 4257
f 4261 4258 4257
f 4257 4260 4259
f 4259 4261 4257
f 4258 4264 4260
f 4262 4258 4261
f 4262 4264 4258
f 4260 4264 4259
f 4263 4261 4259
f 4259 4264 4263
f 4263 4262 4261
f 4264 4262 4263

o PILASTER_N_6.6_4.6
v 4.49000000 13.81000000 6.60000000
v 4.49000000 13.81000000 9.70000000
v 4.49000000 14.01000000 6.60000000
v 4.49000000 14.01000000 9.70000000
v 4.71000000 13.81000000 6.60000000
v 4.71000000 13.81000000 9.70000000
v 4.71000000 14.01000000 6.60000000
v 4.71000000 14.01000000 9.70000000
f 4266 4268 4265
f 4269 4266 4265
f 4265 4268 4267
f 4267 4269 4265
f 4266 4272 4268
f 4270 4266 4269
f 4270 4272 4266
f 4268 4272 4267
f 4271 4269 4267
f 4267 4272 4271
f 4271 4270 4269
f 4272 4270 4271

o PILASTER_S_6.6_4.6
v 4.49000000 -0.21000000 6.60000000
v 4.49000000 -0.21000000 9.70000000
v 4.49000000 -0.01000000 6.60000000
v 4.49000000 -0.01000000 9.70000000
v 4.71000000 -0.21000000 6.60000000
v 4.71000000 -0.21000000 9.70000000
v 4.71000000 -0.01000000 6.60000000
v 4.71000000 -0.01000000 9.70000000
f 4274 4276 4273
f 4277 4274 4273
f 4273 4276 4275
f 4275 4277 4273
f 4274 4280 4276
f 4278 4274 4277
f 4278 4280 4274
f 4276 4280 4275
f 4279 4277 4275
f 4275 4280 4279
f 4279 4278 4277
f 4280 4278 4279

o PILASTER_N_6.6_6.9
v 6.79000000 13.81000000 6.60000000
v 6.79000000 13.81000000 9.70000000
v 6.79000000 14.01000000 6.60000000
v 6.79000000 14.01000000 9.70000000
v 7.01000000 13.81000000 6.60000000
v 7.01000000 13.81000000 9.70000000
v 7.01000000 14.01000000 6.60000000
v 7.01000000 14.01000000 9.70000000
f 4282 4284 4281
f 4285 4282 4281
f 4281 4284 4283
f 4283 4285 4281
f 4282 4288 4284
f 4286 4282 4285
f 4286 4288 4282
f 4284 4288 4283
f 4287 4285 4283
f 4283 4288 4287
f 4287 4286 4285
f 4288 4286 4287

o PILASTER_S_6.6_6.9
v 6.79000000 -0.21000000 6.60000000
v 6.79000000 -0.21000000 9.70000000
v 6.79000000 -0.01000000 6.60000000
v 6.79000000 -0.01000000 9.70000000
v 7.01000000 -0.21000000 6.60000000
v 7.01000000 -0.21000000 9.70000000
v 7.01000000 -0.01000000 6.60000000
v 7.01000000 -0.01000000 9.70000000
f 4290 4292 4289
f 4293 4290 4289
f 4289 4292 4291
f 4291 4293 4289
f 4290 4296 4292
f 4294 4290 4293
f 4294 4296 4290
f 4292 4296 4291
f 4295 4293 4291
f 4291 4296 4295
f 4295 4294 4293
f 4296 4294 4295

o PILASTER_N_6.6_9.15
v 9.04000000 13.81000000 6.60000000
v 9.04000000 13.81000000 9.70000000
v 9.04000000 14.01000000 6.60000000
v 9.04000000 14.01000000 9.70000000
v 9.26000000 13.81000000 6.60000000
v 9.26000000 13.81000000 9.70000000
v 9.26000000 14.01000000 6.60000000
v 9.26000000 14.01000000 9.70000000
f 4298 4300 4297
f 4301 4298 4297
f 4297 4300 4299
f 4299 4301 4297
f 4298 4304 4300
f 4302 4298 4301
f 4302 4304 4298
f 4300 4304 4299
f 4303 4301 4299
f 4299 4304 4303
f 4303 4302 4301
f 4304 4302 4303

o PILASTER_S_6.6_9.15
v 9.04000000 -0.21000000 6.60000000
v 9.04000000 -0.21000000 9.70000000
v 9.04000000 -0.01000000 6.60000000
v 9.04000000 -0.01000000 9.70000000
v 9.26000000 -0.21000000 6.60000000
v 9.26000000 -0.21000000 9.70000000
v 9.26000000 -0.01000000 6.60000000
v 9.26000000 -0.01000000 9.70000000
f 4306 4308 4305
f 4309 4306 4305
f 4305 4308 4307
f 4307 4309 4305
f 4306 4312 4308
f 4310 4306 4309
f 4310 4312 4306
f 4308 4312 4307
f 4311 4309 4307
f 4307 4312 4311
f 4311 4310 4309
f 4312 4310 4311

o PILASTER_N_6.6_12.65
v 12.54000000 13.81000000 6.60000000
v 12.54000000 13.81000000 9.70000000
v 12.54000000 14.01000000 6.60000000
v 12.54000000 14.01000000 9.70000000
v 12.76000000 13.81000000 6.60000000
v 12.76000000 13.81000000 9.70000000
v 12.76000000 14.01000000 6.60000000
v 12.76000000 14.01000000 9.70000000
f 4314 4316 4313
f 4317 4314 4313
f 4313 4316 4315
f 4315 4317 4313
f 4314 4320 4316
f 4318 4314 4317
f 4318 4320 4314
f 4316 4320 4315
f 4319 4317 4315
f 4315 4320 4319
f 4319 4318 4317
f 4320 4318 4319

o PILASTER_S_6.6_12.65
v 12.54000000 -0.21000000 6.60000000
v 12.54000000 -0.21000000 9.70000000
v 12.54000000 -0.01000000 6.60000000
v 12.54000000 -0.01000000 9.70000000
v 12.76000000 -0.21000000 6.60000000
v 12.76000000 -0.21000000 9.70000000
v 12.76000000 -0.01000000 6.60000000
v 12.76000000 -0.01000000 9.70000000
f 4322 4324 4321
f 4325 4322 4321
f 4321 4324 4323
f 4323 4325 4321
f 4322 4328 4324
f 4326 4322 4325
f 4326 4328 4322
f 4324 4328 4323
f 4327 4325 4323
f 4323 4328 4327
f 4327 4326 4325
f 4328 4326 4327

o PILASTER_N_9.9_1.15
v 1.04000000 13.81000000 9.90000000
v 1.04000000 13.81000000 13.00000000
v 1.04000000 14.01000000 9.90000000
v 1.04000000 14.01000000 13.00000000
v 1.26000000 13.81000000 9.90000000
v 1.26000000 13.81000000 13.00000000
v 1.26000000 14.01000000 9.90000000
v 1.26000000 14.01000000 13.00000000
f 4330 4332 4329
f 4333 4330 4329
f 4329 4332 4331
f 4331 4333 4329
f 4330 4336 4332
f 4334 4330 4333
f 4334 4336 4330
f 4332 4336 4331
f 4335 4333 4331
f 4331 4336 4335
f 4335 4334 4333
f 4336 4334 4335

o PILASTER_S_9.9_1.15
v 1.04000000 -0.21000000 9.90000000
v 1.04000000 -0.21000000 13.00000000
v 1.04000000 -0.01000000 9.90000000
v 1.04000000 -0.01000000 13.00000000
v 1.26000000 -0.21000000 9.90000000
v 1.26000000 -0.21000000 13.00000000
v 1.26000000 -0.01000000 9.90000000
v 1.26000000 -0.01000000 13.00000000
f 4338 4340 4337
f 4341 4338 4337
f 4337 4340 4339
f 4339 4341 4337
f 4338 4344 4340
f 4342 4338 4341
f 4342 4344 4338
f 4340 4344 4339
f 4343 4341 4339
f 4339 4344 4343
f 4343 4342 4341
f 4344 4342 4343

o PILASTER_N_9.9_4.6
v 4.49000000 13.81000000 9.90000000
v 4.49000000 13.81000000 13.00000000
v 4.49000000 14.01000000 9.90000000
v 4.49000000 14.01000000 13.00000000
v 4.71000000 13.81000000 9.90000000
v 4.71000000 13.81000000 13.00000000
v 4.71000000 14.01000000 9.90000000
v 4.71000000 14.01000000 13.00000000
f 4346 4348 4345
f 4349 4346 4345
f 4345 4348 4347
f 4347 4349 4345
f 4346 4352 4348
f 4350 4346 4349
f 4350 4352 4346
f 4348 4352 4347
f 4351 4349 4347
f 4347 4352 4351
f 4351 4350 4349
f 4352 4350 4351

o PILASTER_S_9.9_4.6
v 4.49000000 -0.21000000 9.90000000
v 4.49000000 -0.21000000 13.00000000
v 4.49000000 -0.01000000 9.90000000
v 4.49000000 -0.01000000 13.00000000
v 4.71000000 -0.21000000 9.90000000
v 4.71000000 -0.21000000 13.00000000
v 4.71000000 -0.01000000 9.90000000
v 4.71000000 -0.01000000 13.00000000
f 4354 4356 4353
f 4357 4354 4353
f 4353 4356 4355
f 4355 4357 4353
f 4354 4360 4356
f 4358 4354 4357
f 4358 4360 4354
f 4356 4360 4355
f 4359 4357 4355
f 4355 4360 4359
f 4359 4358 4357
f 4360 4358 4359

o PILASTER_N_9.9_6.9
v 6.79000000 13.81000000 9.90000000
v 6.79000000 13.81000000 13.00000000
v 6.79000000 14.01000000 9.90000000
v 6.79000000 14.01000000 13.00000000
v 7.01000000 13.81000000 9.90000000
v 7.01000000 13.81000000 13.00000000
v 7.01000000 14.01000000 9.90000000
v 7.01000000 14.01000000 13.00000000
f 4362 4364 4361
f 4365 4362 4361
f 4361 4364 4363
f 4363 4365 4361
f 4362 4368 4364
f 4366 4362 4365
f 4366 4368 4362
f 4364 4368 4363
f 4367 4365 4363
f 4363 4368 4367
f 4367 4366 4365
f 4368 4366 4367

o PILASTER_S_9.9_6.9
v 6.79000000 -0.21000000 9.90000000
v 6.79000000 -0.21000000 13.00000000
v 6.79000000 -0.01000000 9.90000000
v 6.79000000 -0.01000000 13.00000000
v 7.01000000 -0.21000000 9.90000000
v 7.01000000 -0.21000000 13.00000000
v 7.01000000 -0.01000000 9.90000000
v 7.01000000 -0.01000000 13.00000000
f 4370 4372 4369
f 4373 4370 4369
f 4369 4372 4371
f 4371 4373 4369
f 4370 4376 4372
f 4374 4370 4373
f 4374 4376 4370
f 4372 4376 4371
f 4375 4373 4371
f 4371 4376 4375
f 4375 4374 4373
f 4376 4374 4375

o PILASTER_N_9.9_9.15
v 9.04000000 13.81000000 9.90000000
v 9.04000000 13.81000000 13.00000000
v 9.04000000 14.01000000 9.90000000
v 9.04000000 14.01000000 13.00000000
v 9.26000000 13.81000000 9.90000000
v 9.26000000 13.81000000 13.00000000
v 9.26000000 14.01000000 9.90000000
v 9.26000000 14.01000000 13.00000000
f 4378 4380 4377
f 4381 4378 4377
f 4377 4380 4379
f 4379 4381 4377
f 4378 4384 4380
f 4382 4378 4381
f 4382 4384 4378
f 4380 4384 4379
f 4383 4381 4379
f 4379 4384 4383
f 4383 4382 4381
f 4384 4382 4383

o PILASTER_S_9.9_9.15
v 9.04000000 -0.21000000 9.90000000
v 9.04000000 -0.21000000 13.00000000
v 9.04000000 -0.01000000 9.90000000
v 9.04000000 -0.01000000 13.00000000
v 9.26000000 -0.21000000 9.90000000
v 9.26000000 -0.21000000 13.00000000
v 9.26000000 -0.01000000 9.90000000
v 9.26000000 -0.01000000 13.00000000
f 4386 4388 4385
f 4389 4386 4385
f 4385 4388 4387
f 4387 4389 4385
f 4386 4392 4388
f 4390 4386 4389
f 4390 4392 4386
f 4388 4392 4387
f 4391 4389 4387
f 4387 4392 4391
f 4391 4390 4389
f 4392 4390 4391

o PILASTER_N_9.9_12.65
v 12.54000000 13.81000000 9.90000000
v 12.54000000 13.81000000 13.00000000
v 12.54000000 14.01000000 9.90000000
v 12.54000000 14.01000000 13.00000000
v 12.76000000 13.81000000 9.90000000
v 12.76000000 13.81000000 13.00000000
v 12.76000000 14.01000000 9.90000000
v 12.76000000 14.01000000 13.00000000
f 4394 4396 4393
f 4397 4394 4393
f 4393 4396 4395
f 4395 4397 4393
f 4394 4400 4396
f 4398 4394 4397
f 4398 4400 4394
f 4396 4400 4395
f 4399 4397 4395
f 4395 4400 4399
f 4399 4398 4397
f 4400 4398 4399

o PILASTER_S_9.9_12.65
v 12.54000000 -0.21000000 9.90000000
v 12.54000000 -0.21000000 13.00000000
v 12.54000000 -0.01000000 9.90000000
v 12.54000000 -0.01000000 13.00000000
v 12.76000000 -0.21000000 9.90000000
v 12.76000000 -0.21000000 13.00000000
v 12.76000000 -0.01000000 9.90000000
v 12.76000000 -0.01000000 13.00000000
f 4402 4404 4401
f 4405 4402 4401
f 4401 4404 4403
f 4403 4405 4401
f 4402 4408 4404
f 4406 4402 4405
f 4406 4408 4402
f 4404 4408 4403
f 4407 4405 4403
f 4403 4408 4407
f 4407 4406 4405
f 4408 4406 4407

o CORNICE_N_3.22
v -0.15000000 13.82500000 3.11000000
v -0.15000000 13.82500000 3.33000000
v -0.15000000 14.17500000 3.11000000
v -0.15000000 14.17500000 3.33000000
v 13.95000000 13.82500000 3.11000000
v 13.95000000 13.82500000 3.33000000
v 13.95000000 14.17500000 3.11000000
v 13.95000000 14.17500000 3.33000000
f 4410 4412 4409
f 4413 4410 4409
f 4409 4412 4411
f 4411 4413 4409
f 4410 4416 4412
f 4414 4410 4413
f 4414 4416 4410
f 4412 4416 4411
f 4415 4413 4411
f 4411 4416 4415
f 4415 4414 4413
f 4416 4414 4415

o CORNICE_S_3.22
v -0.15000000 -0.37500000 3.11000000
v -0.15000000 -0.37500000 3.33000000
v -0.15000000 -0.02500000 3.11000000
v -0.15000000 -0.02500000 3.33000000
v 13.95000000 -0.37500000 3.11000000
v 13.95000000 -0.37500000 3.33000000
v 13.95000000 -0.02500000 3.11000000
v 13.95000000 -0.02500000 3.33000000
f 4418 4420 4417
f 4421 4418 4417
f 4417 4420 4419
f 4419 4421 4417
f 4418 4424 4420
f 4422 4418 4421
f 4422 4424 4418
f 4420 4424 4419
f 4423 4421 4419
f 4419 4424 4423
f 4423 4422 4421
f 4424 4422 4423

o CORNICE_W_3.22
v -0.37500000 -0.15000000 3.11000000
v -0.37500000 -0.15000000 3.33000000
v -0.37500000 13.95000000 3.11000000
v -0.37500000 13.95000000 3.33000000
v -0.02500000 -0.15000000 3.11000000
v -0.02500000 -0.15000000 3.33000000
v -0.02500000 13.95000000 3.11000000
v -0.02500000 13.95000000 3.33000000
f 4426 4428 4425
f 4429 4426 4425
f 4425 4428 4427
f 4427 4429 4425
f 4426 4432 4428
f 4430 4426 4429
f 4430 4432 4426
f 4428 4432 4427
f 4431 4429 4427
f 4427 4432 4431
f 4431 4430 4429
f 4432 4430 4431

o CORNICE_N_6.52
v -0.15000000 13.82500000 6.41000000
v -0.15000000 13.82500000 6.63000000
v -0.15000000 14.17500000 6.41000000
v -0.15000000 14.17500000 6.63000000
v 13.95000000 13.82500000 6.41000000
v 13.95000000 13.82500000 6.63000000
v 13.95000000 14.17500000 6.41000000
v 13.95000000 14.17500000 6.63000000
f 4434 4436 4433
f 4437 4434 4433
f 4433 4436 4435
f 4435 4437 4433
f 4434 4440 4436
f 4438 4434 4437
f 4438 4440 4434
f 4436 4440 4435
f 4439 4437 4435
f 4435 4440 4439
f 4439 4438 4437
f 4440 4438 4439

o CORNICE_S_6.52
v -0.15000000 -0.37500000 6.41000000
v -0.15000000 -0.37500000 6.63000000
v -0.15000000 -0.02500000 6.41000000
v -0.15000000 -0.02500000 6.63000000
v 13.95000000 -0.37500000 6.41000000
v 13.95000000 -0.37500000 6.63000000
v 13.95000000 -0.02500000 6.41000000
v 13.95000000 -0.02500000 6.63000000
f 4442 4444 4441
f 4445 4442 4441
f 4441 4444 4443
f 4443 4445 4441
f 4442 4448 4444
f 4446 4442 4445
f 4446 4448 4442
f 4444 4448 4443
f 4447 4445 4443
f 4443 4448 4447
f 4447 4446 4445
f 4448 4446 4447

o CORNICE_W_6.52
v -0.37500000 -0.15000000 6.41000000
v -0.37500000 -0.15000000 6.63000000
v -0.37500000 13.95000000 6.41000000
v -0.37500000 13.95000000 6.63000000
v -0.02500000 -0.15000000 6.41000000
v -0.02500000 -0.15000000 6.63000000
v -0.02500000 13.95000000 6.41000000
v -0.02500000 13.95000000 6.63000000
f 4450 4452 4449
f 4453 4450 4449
f 4449 4452 4451
f 4451 4453 4449
f 4450 4456 4452
f 4454 4450 4453
f 4454 4456 4450
f 4452 4456 4451
f 4455 4453 4451
f 4451 4456 4455
f 4455 4454 4453
f 4456 4454 4455

o CORNICE_N_9.82
v -0.15000000 13.82500000 9.71000000
v -0.15000000 13.82500000 9.93000000
v -0.15000000 14.17500000 9.71000000
v -0.15000000 14.17500000 9.93000000
v 13.95000000 13.82500000 9.71000000
v 13.95000000 13.82500000 9.93000000
v 13.95000000 14.17500000 9.71000000
v 13.95000000 14.17500000 9.93000000
f 4458 4460 4457
f 4461 4458 4457
f 4457 4460 4459
f 4459 4461 4457
f 4458 4464 4460
f 4462 4458 4461
f 4462 4464 4458
f 4460 4464 4459
f 4463 4461 4459
f 4459 4464 4463
f 4463 4462 4461
f 4464 4462 4463

o CORNICE_S_9.82
v -0.15000000 -0.37500000 9.71000000
v -0.15000000 -0.37500000 9.93000000
v -0.15000000 -0.02500000 9.71000000
v -0.15000000 -0.02500000 9.93000000
v 13.95000000 -0.37500000 9.71000000
v 13.95000000 -0.37500000 9.93000000
v 13.95000000 -0.02500000 9.71000000
v 13.95000000 -0.02500000 9.93000000
f 4466 4468 4465
f 4469 4466 4465
f 4465 4468 4467
f 4467 4469 4465
f 4466 4472 4468
f 4470 4466 4469
f 4470 4472 4466
f 4468 4472 4467
f 4471 4469 4467
f 4467 4472 4471
f 4471 4470 4469
f 4472 4470 4471

o CORNICE_W_9.82
v -0.37500000 -0.15000000 9.71000000
v -0.37500000 -0.15000000 9.93000000
v -0.37500000 13.95000000 9.71000000
v -0.37500000 13.95000000 9.93000000
v -0.02500000 -0.15000000 9.71000000
v -0.02500000 -0.15000000 9.93000000
v -0.02500000 13.95000000 9.71000000
v -0.02500000 13.95000000 9.93000000
f 4474 4476 4473
f 4477 4474 4473
f 4473 4476 4475
f 4475 4477 4473
f 4474 4480 4476
f 4478 4474 4477
f 4478 4480 4474
f 4476 4480 4475
f 4479 4477 4475
f 4475 4480 4479
f 4479 4478 4477
f 4480 4478 4479

o CORNICE_N_13.15
v -0.15000000 13.82500000 13.04000000
v -0.15000000 13.82500000 13.26000000
v -0.15000000 14.17500000 13.04000000
v -0.15000000 14.17500000 13.26000000
v 13.95000000 13.82500000 13.04000000
v 13.95000000 13.82500000 13.26000000
v 13.95000000 14.17500000 13.04000000
v 13.95000000 14.17500000 13.26000000
f 4482 4484 4481
f 4485 4482 4481
f 4481 4484 4483
f 4483 4485 4481
f 4482 4488 4484
f 4486 4482 4485
f 4486 4488 4482
f 4484 4488 4483
f 4487 4485 4483
f 4483 4488 4487
f 4487 4486 4485
f 4488 4486 4487

o CORNICE_S_13.15
v -0.15000000 -0.37500000 13.04000000
v -0.15000000 -0.37500000 13.26000000
v -0.15000000 -0.02500000 13.04000000
v -0.15000000 -0.02500000 13.26000000
v 13.95000000 -0.37500000 13.04000000
v 13.95000000 -0.37500000 13.26000000
v 13.95000000 -0.02500000 13.04000000
v 13.95000000 -0.02500000 13.26000000
f 4490 4492 4489
f 4493 4490 4489
f 4489 4492 4491
f 4491 4493 4489
f 4490 4496 4492
f 4494 4490 4493
f 4494 4496 4490
f 4492 4496 4491
f 4495 4493 4491
f 4491 4496 4495
f 4495 4494 4493
f 4496 4494 4495

o CORNICE_W_13.15
v -0.37500000 -0.15000000 13.04000000
v -0.37500000 -0.15000000 13.26000000
v -0.37500000 13.95000000 13.04000000
v -0.37500000 13.95000000 13.26000000
v -0.02500000 -0.15000000 13.04000000
v -0.02500000 -0.15000000 13.26000000
v -0.02500000 13.95000000 13.04000000
v -0.02500000 13.95000000 13.26000000
f 4498 4500 4497
f 4501 4498 4497
f 4497 4500 4499
f 4499 4501 4497
f 4498 4504 4500
f 4502 4498 4501
f 4502 4504 4498
f 4500 4504 4499
f 4503 4501 4499
f 4499 4504 4503
f 4503 4502 4501
f 4504 4502 4503

o ROOF_SLAB
v -0.05000000 -0.05000000 13.00000000
v -0.05000000 -0.05000000 13.20000000
v -0.05000000 13.85000000 13.00000000
v -0.05000000 13.85000000 13.20000000
v 13.85000000 -0.05000000 13.00000000
v 13.85000000 -0.05000000 13.20000000
v 13.85000000 13.85000000 13.00000000
v 13.85000000 13.85000000 13.20000000
f 4506 4508 4505
f 4509 4506 4505
f 4505 4508 4507
f 4507 4509 4505
f 4506 4512 4508
f 4510 4506 4509
f 4510 4512 4506
f 4508 4512 4507
f 4511 4509 4507
f 4507 4512 4511
f 4511 4510 4509
f 4512 4510 4511

o PARAPET_N
v -0.10000000 13.77500000 13.20500000
v -0.10000000 13.77500000 13.75500000
v -0.10000000 14.02500000 13.20500000
v -0.10000000 14.02500000 13.75500000
v 13.90000000 13.77500000 13.20500000
v 13.90000000 13.77500000 13.75500000
v 13.90000000 14.02500000 13.20500000
v 13.90000000 14.02500000 13.75500000
f 4514 4516 4513
f 4517 4514 4513
f 4513 4516 4515
f 4515 4517 4513
f 4514 4520 4516
f 4518 4514 4517
f 4518 4520 4514
f 4516 4520 4515
f 4519 4517 4515
f 4515 4520 4519
f 4519 4518 4517
f 4520 4518 4519

o PARAPET_S
v -0.10000000 -0.22500000 13.20500000
v -0.10000000 -0.22500000 13.75500000
v -0.10000000 0.02500000 13.20500000
v -0.10000000 0.02500000 13.75500000
v 13.90000000 -0.22500000 13.20500000
v 13.90000000 -0.22500000 13.75500000
v 13.90000000 0.02500000 13.20500000
v 13.90000000 0.02500000 13.75500000
f 4522 4524 4521
f 4525 4522 4521
f 4521 4524 4523
f 4523 4525 4521
f 4522 4528 4524
f 4526 4522 4525
f 4526 4528 4522
f 4524 4528 4523
f 4527 4525 4523
f 4523 4528 4527
f 4527 4526 4525
f 4528 4526 4527

o PARAPET_E
v 13.77500000 -0.10000000 13.20500000
v 13.77500000 -0.10000000 13.75500000
v 13.77500000 13.90000000 13.20500000
v 13.77500000 13.90000000 13.75500000
v 14.02500000 -0.10000000 13.20500000
v 14.02500000 -0.10000000 13.75500000
v 14.02500000 13.90000000 13.20500000
v 14.02500000 13.90000000 13.75500000
f 4530 4532 4529
f 4533 4530 4529
f 4529 4532 4531
f 4531 4533 4529
f 4530 4536 4532
f 4534 4530 4533
f 4534 4536 4530
f 4532 4536 4531
f 4535 4533 4531
f 4531 4536 4535
f 4535 4534 4533
f 4536 4534 4535

o PARAPET_W
v -0.22500000 -0.10000000 13.20500000
v -0.22500000 -0.10000000 13.75500000
v -0.22500000 13.90000000 13.20500000
v -0.22500000 13.90000000 13.75500000
v 0.02500000 -0.10000000 13.20500000
v 0.02500000 -0.10000000 13.75500000
v 0.02500000 13.90000000 13.20500000
v 0.02500000 13.90000000 13.75500000
f 4538 4540 4537
f 4541 4538 4537
f 4537 4540 4539
f 4539 4541 4537
f 4538 4544 4540
f 4542 4538 4541
f 4542 4544 4538
f 4540 4544 4539
f 4543 4541 4539
f 4539 4544 4543
f 4543 4542 4541
f 4544 4542 4543

o LIFT_HOUSE
v 7.50000000 6.75000000 13.15000000
v 7.50000000 6.75000000 14.75000000
v 7.50000000 9.25000000 13.15000000
v 7.50000000 9.25000000 14.75000000
v 10.50000000 6.75000000 13.15000000
v 10.50000000 6.75000000 14.75000000
v 10.50000000 9.25000000 13.15000000
v 10.50000000 9.25000000 14.75000000
f 4546 4548 4545
f 4549 4546 4545
f 4545 4548 4547
f 4547 4549 4545
f 4546 4552 4548
f 4550 4546 4549
f 4550 4552 4546
f 4548 4552 4547
f 4551 4549 4547
f 4547 4552 4551
f 4551 4550 4549
f 4552 4550 4551

o LIFT_HOUSE_DOOR
v 8.50000000 6.69000000 13.35000000
v 8.50000000 6.69000000 14.55000000
v 8.50000000 6.77000000 13.35000000
v 8.50000000 6.77000000 14.55000000
v 9.50000000 6.69000000 13.35000000
v 9.50000000 6.69000000 14.55000000
v 9.50000000 6.77000000 13.35000000
v 9.50000000 6.77000000 14.55000000
f 4554 4556 4553
f 4557 4554 4553
f 4553 4556 4555
f 4555 4557 4553
f 4554 4560 4556
f 4558 4554 4557
f 4558 4560 4554
f 4556 4560 4555
f 4559 4557 4555
f 4555 4560 4559
f 4559 4558 4557
f 4560 4558 4559

o ENTRANCE_STEPS
v 9.00000000 -1.20000000 0.00500000
v 9.00000000 -1.20000000 0.35500000
v 9.00000000 -0.10000000 0.00500000
v 9.00000000 -0.10000000 0.35500000
v 11.40000000 -1.20000000 0.00500000
v 11.40000000 -1.20000000 0.35500000
v 11.40000000 -0.10000000 0.00500000
v 11.40000000 -0.10000000 0.35500000
f 4562 4564 4561
f 4565 4562 4561
f 4561 4564 4563
f 4563 4565 4561
f 4562 4568 4564
f 4566 4562 4565
f 4566 4568 4562
f 4564 4568 4563
f 4567 4565 4563
f 4563 4568 4567
f 4567 4566 4565
f 4568 4566 4567

o ENTRANCE_CANOPY
v 8.80000000 -1.62500000 2.90000000
v 8.80000000 -1.62500000 3.10000000
v 8.80000000 -0.37500000 2.90000000
v 8.80000000 -0.37500000 3.10000000
v 11.60000000 -1.62500000 2.90000000
v 11.60000000 -1.62500000 3.10000000
v 11.60000000 -0.37500000 2.90000000
v 11.60000000 -0.37500000 3.10000000
f 4570 4572 4569
f 4573 4570 4569
f 4569 4572 4571
f 4571 4573 4569
f 4570 4576 4572
f 4574 4570 4573
f 4574 4576 4570
f 4572 4576 4571
f 4575 4573 4571
f 4571 4576 4575
f 4575 4574 4573
f 4576 4574 4575

o ENTRANCE_GLASS_PORTAL
v 9.25000000 -0.25000000 0.00000000
v 9.25000000 -0.25000000 2.50000000
v 9.25000000 -0.09000000 0.00000000
v 9.25000000 -0.09000000 2.50000000
v 11.15000000 -0.25000000 0.00000000
v 11.15000000 -0.25000000 2.50000000
v 11.15000000 -0.09000000 0.00000000
v 11.15000000 -0.09000000 2.50000000
f 4578 4580 4577
f 4581 4578 4577
f 4577 4580 4579
f 4579 4581 4577
f 4578 4584 4580
f 4582 4578 4581
f 4582 4584 4578
f 4580 4584 4579
f 4583 4581 4579
f 4579 4584 4583
f 4583 4582 4581
f 4584 4582 4583

o ENTRANCE_FRAME
v 9.10000000 -0.24000000 0.00000000
v 9.10000000 -0.24000000 2.80000000
v 9.10000000 0.00000000 0.00000000
v 9.10000000 0.00000000 2.80000000
v 11.30000000 -0.24000000 0.00000000
v 11.30000000 -0.24000000 2.80000000
v 11.30000000 0.00000000 0.00000000
v 11.30000000 0.00000000 2.80000000
f 4586 4588 4585
f 4589 4586 4585
f 4585 4588 4587
f 4587 4589 4585
f 4586 4592 4588
f 4590 4586 4589
f 4590 4592 4586
f 4588 4592 4587
f 4591 4589 4587
f 4587 4592 4591
f 4591 4590 4589
f 4592 4590 4591

o TREE_TRUNK_0
v 1.00000000 -2.50000000 0.00000000
v 1.10000000 -2.50000000 0.00000000
v 1.10000000 -2.50000000 2.20000000
v 1.00000000 -2.50000000 2.20000000
v 1.09238795 -2.46173166 0.00000000
v 1.09238795 -2.46173166 2.20000000
v 1.07071068 -2.42928932 0.00000000
v 1.07071068 -2.42928932 2.20000000
v 1.03826834 -2.40761205 0.00000000
v 1.03826834 -2.40761205 2.20000000
v 1.00000000 -2.40000000 0.00000000
v 1.00000000 -2.40000000 2.20000000
v 0.96173166 -2.40761205 0.00000000
v 0.96173166 -2.40761205 2.20000000
v 0.92928932 -2.42928932 0.00000000
v 0.92928932 -2.42928932 2.20000000
v 0.90761205 -2.46173166 0.00000000
v 0.90761205 -2.46173166 2.20000000
v 0.90000000 -2.50000000 0.00000000
v 0.90000000 -2.50000000 2.20000000
v 0.90761205 -2.53826834 0.00000000
v 0.90761205 -2.53826834 2.20000000
v 0.92928932 -2.57071068 0.00000000
v 0.92928932 -2.57071068 2.20000000
v 0.96173166 -2.59238795 0.00000000
v 0.96173166 -2.59238795 2.20000000
v 1.00000000 -2.60000000 0.00000000
v 1.00000000 -2.60000000 2.20000000
v 1.03826834 -2.59238795 0.00000000
v 1.03826834 -2.59238795 2.20000000
v 1.07071068 -2.57071068 0.00000000
v 1.07071068 -2.57071068 2.20000000
v 1.09238795 -2.53826834 0.00000000
v 1.09238795 -2.53826834 2.20000000
f 4594 4593 4597
f 4594 4597 4595
f 4595 4597 4598
f 4595 4598 4596
f 4597 4593 4599
f 4597 4599 4598
f 4598 4599 4600
f 4598 4600 4596
f 4599 4593 4601
f 4599 4601 4600
f 4600 4601 4602
f 4600 4602 4596
f 4601 4593 4603
f 4601 4603 4602
f 4602 4603 4604
f 4602 4604 4596
f 4603 4593 4605
f 4603 4605 4604
f 4604 4605 4606
f 4604 4606 4596
f 4605 4593 4607
f 4605 4607 4606
f 4606 4607 4608
f 4606 4608 4596
f 4607 4593 4609
f 4607 4609 4608
f 4608 4609 4610
f 4608 4610 4596
f 4609 4593 4611
f 4609 4611 4610
f 4610 4611 4612
f 4610 4612 4596
f 4611 4593 4613
f 4611 4613 4612
f 4612 4613 4614
f 4612 4614 4596
f 4613 4593 4615
f 4613 4615 4614
f 4614 4615 4616
f 4614 4616 4596
f 4615 4593 4617
f 4615 4617 4616
f 4616 4617 4618
f 4616 4618 4596
f 4617 4593 4619
f 4617 4619 4618
f 4618 4619 4620
f 4618 4620 4596
f 4619 4593 4621
f 4619 4621 4620
f 4620 4621 4622
f 4620 4622 4596
f 4621 4593 4623
f 4621 4623 4622
f 4622 4623 4624
f 4622 4624 4596
f 4623 4593 4625
f 4623 4625 4624
f 4624 4625 4626
f 4624 4626 4596
f 4625 4593 4594
f 4625 4594 4626
f 4626 4594 4595
f 4626 4595 4596

o TREE_CROWN_0
v 1.00000000 -2.50000000 1.90000000
v 2.10000000 -2.50000000 1.90000000
v 2.10000000 -2.50000000 4.10000000
v 1.00000000 -2.50000000 4.10000000
v 2.06251841 -2.21529905 1.90000000
v 2.06251841 -2.21529905 4.10000000
v 1.95262794 -1.95000000 1.90000000
v 1.95262794 -1.95000000 4.10000000
v 1.77781746 -1.72218254 1.90000000
v 1.77781746 -1.72218254 4.10000000
v 1.55000000 -1.54737206 1.90000000
v 1.55000000 -1.54737206 4.10000000
v 1.28470095 -1.43748159 1.90000000
v 1.28470095 -1.43748159 4.10000000
v 1.00000000 -1.40000000 1.90000000
v 1.00000000 -1.40000000 4.10000000
v 0.71529905 -1.43748159 1.90000000
v 0.71529905 -1.43748159 4.10000000
v 0.45000000 -1.54737206 1.90000000
v 0.45000000 -1.54737206 4.10000000
v 0.22218254 -1.72218254 1.90000000
v 0.22218254 -1.72218254 4.10000000
v 0.04737206 -1.95000000 1.90000000
v 0.04737206 -1.95000000 4.10000000
v -0.06251841 -2.21529905 1.90000000
v -0.06251841 -2.21529905 4.10000000
v -0.10000000 -2.50000000 1.90000000
v -0.10000000 -2.50000000 4.10000000
v -0.06251841 -2.78470095 1.90000000
v -0.06251841 -2.78470095 4.10000000
v 0.04737206 -3.05000000 1.90000000
v 0.04737206 -3.05000000 4.10000000
v 0.22218254 -3.27781746 1.90000000
v 0.22218254 -3.27781746 4.10000000
v 0.45000000 -3.45262794 1.90000000
v 0.45000000 -3.45262794 4.10000000
v 0.71529905 -3.56251841 1.90000000
v 0.71529905 -3.56251841 4.10000000
v 1.00000000 -3.60000000 1.90000000
v 1.00000000 -3.60000000 4.10000000
v 1.28470095 -3.56251841 1.90000000
v 1.28470095 -3.56251841 4.10000000
v 1.55000000 -3.45262794 1.90000000
v 1.55000000 -3.45262794 4.10000000
v 1.77781746 -3.27781746 1.90000000
v 1.77781746 -3.27781746 4.10000000
v 1.95262794 -3.05000000 1.90000000
v 1.95262794 -3.05000000 4.10000000
v 2.06251841 -2.78470095 1.90000000
v 2.06251841 -2.78470095 4.10000000
f 4628 4627 4631
f 4628 4631 4629
f 4629 4631 4632
f 4629 4632 4630
f 4631 4627 4633
f 4631 4633 4632
f 4632 4633 4634
f 4632 4634 4630
f 4633 4627 4635
f 4633 4635 4634
f 4634 4635 4636
f 4634 4636 4630
f 4635 4627 4637
f 4635 4637 4636
f 4636 4637 4638
f 4636 4638 4630
f 4637 4627 4639
f 4637 4639 4638
f 4638 4639 4640
f 4638 4640 4630
f 4639 4627 4641
f 4639 4641 4640
f 4640 4641 4642
f 4640 4642 4630
f 4641 4627 4643
f 4641 4643 4642
f 4642 4643 4644
f 4642 4644 4630
f 4643 4627 4645
f 4643 4645 4644
f 4644 4645 4646
f 4644 4646 4630
f 4645 4627 4647
f 4645 4647 4646
f 4646 4647 4648
f 4646 4648 4630
f 4647 4627 4649
f 4647 4649 4648
f 4648 4649 4650
f 4648 4650 4630
f 4649 4627 4651
f 4649 4651 4650
f 4650 4651 4652
f 4650 4652 4630
f 4651 4627 4653
f 4651 4653 4652
f 4652 4653 4654
f 4652 4654 4630
f 4653 4627 4655
f 4653 4655 4654
f 4654 4655 4656
f 4654 4656 4630
f 4655 4627 4657
f 4655 4657 4656
f 4656 4657 4658
f 4656 4658 4630
f 4657 4627 4659
f 4657 4659 4658
f 4658 4659 4660
f 4658 4660 4630
f 4659 4627 4661
f 4659 4661 4660
f 4660 4661 4662
f 4660 4662 4630
f 4661 4627 4663
f 4661 4663 4662
f 4662 4663 4664
f 4662 4664 4630
f 4663 4627 4665
f 4663 4665 4664
f 4664 4665 4666
f 4664 4666 4630
f 4665 4627 4667
f 4665 4667 4666
f 4666 4667 4668
f 4666 4668 4630
f 4667 4627 4669
f 4667 4669 4668
f 4668 4669 4670
f 4668 4670 4630
f 4669 4627 4671
f 4669 4671 4670
f 4670 4671 4672
f 4670 4672 4630
f 4671 4627 4673
f 4671 4673 4672
f 4672 4673 4674
f 4672 4674 4630
f 4673 4627 4675
f 4673 4675 4674
f 4674 4675 4676
f 4674 4676 4630
f 4675 4627 4628
f 4675 4628 4676
f 4676 4628 4629
f 4676 4629 4630

o TREE_TRUNK_1
v 15.20000000 -2.00000000 0.00000000
v 15.30000000 -2.00000000 0.00000000
v 15.30000000 -2.00000000 2.20000000
v 15.20000000 -2.00000000 2.20000000
v 15.29238795 -1.96173166 0.00000000
v 15.29238795 -1.96173166 2.20000000
v 15.27071068 -1.92928932 0.00000000
v 15.27071068 -1.92928932 2.20000000
v 15.23826834 -1.90761205 0.00000000
v 15.23826834 -1.90761205 2.20000000
v 15.20000000 -1.90000000 0.00000000
v 15.20000000 -1.90000000 2.20000000
v 15.16173166 -1.90761205 0.00000000
v 15.16173166 -1.90761205 2.20000000
v 15.12928932 -1.92928932 0.00000000
v 15.12928932 -1.92928932 2.20000000
v 15.10761205 -1.96173166 0.00000000
v 15.10761205 -1.96173166 2.20000000
v 15.10000000 -2.00000000 0.00000000
v 15.10000000 -2.00000000 2.20000000
v 15.10761205 -2.03826834 0.00000000
v 15.10761205 -2.03826834 2.20000000
v 15.12928932 -2.07071068 0.00000000
v 15.12928932 -2.07071068 2.20000000
v 15.16173166 -2.09238795 0.00000000
v 15.16173166 -2.09238795 2.20000000
v 15.20000000 -2.10000000 0.00000000
v 15.20000000 -2.10000000 2.20000000
v 15.23826834 -2.09238795 0.00000000
v 15.23826834 -2.09238795 2.20000000
v 15.27071068 -2.07071068 0.00000000
v 15.27071068 -2.07071068 2.20000000
v 15.29238795 -2.03826834 0.00000000
v 15.29238795 -2.03826834 2.20000000
f 4678 4677 4681
f 4678 4681 4679
f 4679 4681 4682
f 4679 4682 4680
f 4681 4677 4683
f 4681 4683 4682
f 4682 4683 4684
f 4682 4684 4680
f 4683 4677 4685
f 4683 4685 4684
f 4684 4685 4686
f 4684 4686 4680
f 4685 4677 4687
f 4685 4687 4686
f 4686 4687 4688
f 4686 4688 4680
f 4687 4677 4689
f 4687 4689 4688
f 4688 4689 4690
f 4688 4690 4680
f 4689 4677 4691
f 4689 4691 4690
f 4690 4691 4692
f 4690 4692 4680
f 4691 4677 4693
f 4691 4693 4692
f 4692 4693 4694
f 4692 4694 4680
f 4693 4677 4695
f 4693 4695 4694
f 4694 4695 4696
f 4694 4696 4680
f 4695 4677 4697
f 4695 4697 4696
f 4696 4697 4698
f 4696 4698 4680
f 4697 4677 4699
f 4697 4699 4698
f 4698 4699 4700
f 4698 4700 4680
f 4699 4677 4701
f 4699 4701 4700
f 4700 4701 4702
f 4700 4702 4680
f 4701 4677 4703
f 4701 4703 4702
f 4702 4703 4704
f 4702 4704 4680
f 4703 4677 4705
f 4703 4705 4704
f 4704 4705 4706
f 4704 4706 4680
f 4705 4677 4707
f 4705 4707 4706
f 4706 4707 4708
f 4706 4708 4680
f 4707 4677 4709
f 4707 4709 4708
f 4708 4709 4710
f 4708 4710 4680
f 4709 4677 4678
f 4709 4678 4710
f 4710 4678 4679
f 4710 4679 4680

o TREE_CROWN_1
v 15.20000000 -2.00000000 2.00000000
v 16.20000000 -2.00000000 2.00000000
v 16.20000000 -2.00000000 4.00000000
v 15.20000000 -2.00000000 4.00000000
v 16.16592583 -1.74118095 2.00000000
v 16.16592583 -1.74118095 4.00000000
v 16.06602540 -1.50000000 2.00000000
v 16.06602540 -1.50000000 4.00000000
v 15.90710678 -1.29289322 2.00000000
v 15.90710678 -1.29289322 4.00000000
v 15.70000000 -1.13397460 2.00000000
v 15.70000000 -1.13397460 4.00000000
v 15.45881905 -1.03407417 2.00000000
v 15.45881905 -1.03407417 4.00000000
v 15.20000000 -1.00000000 2.00000000
v 15.20000000 -1.00000000 4.00000000
v 14.94118095 -1.03407417 2.00000000
v 14.94118095 -1.03407417 4.00000000
v 14.70000000 -1.13397460 2.00000000
v 14.70000000 -1.13397460 4.00000000
v 14.49289322 -1.29289322 2.00000000
v 14.49289322 -1.29289322 4.00000000
v 14.33397460 -1.50000000 2.00000000
v 14.33397460 -1.50000000 4.00000000
v 14.23407417 -1.74118095 2.00000000
v 14.23407417 -1.74118095 4.00000000
v 14.20000000 -2.00000000 2.00000000
v 14.20000000 -2.00000000 4.00000000
v 14.23407417 -2.25881905 2.00000000
v 14.23407417 -2.25881905 4.00000000
v 14.33397460 -2.50000000 2.00000000
v 14.33397460 -2.50000000 4.00000000
v 14.49289322 -2.70710678 2.00000000
v 14.49289322 -2.70710678 4.00000000
v 14.70000000 -2.86602540 2.00000000
v 14.70000000 -2.86602540 4.00000000
v 14.94118095 -2.96592583 2.00000000
v 14.94118095 -2.96592583 4.00000000
v 15.20000000 -3.00000000 2.00000000
v 15.20000000 -3.00000000 4.00000000
v 15.45881905 -2.96592583 2.00000000
v 15.45881905 -2.96592583 4.00000000
v 15.70000000 -2.86602540 2.00000000
v 15.70000000 -2.86602540 4.00000000
v 15.90710678 -2.70710678 2.00000000
v 15.90710678 -2.70710678 4.00000000
v 16.06602540 -2.50000000 2.00000000
v 16.06602540 -2.50000000 4.00000000
v 16.16592583 -2.25881905 2.00000000
v 16.16592583 -2.25881905 4.00000000
f 4712 4711 4715
f 4712 4715 4713
f 4713 4715 4716
f 4713 4716 4714
f 4715 4711 4717
f 4715 4717 4716
f 4716 4717 4718
f 4716 4718 4714
f 4717 4711 4719
f 4717 4719 4718
f 4718 4719 4720
f 4718 4720 4714
f 4719 4711 4721
f 4719 4721 4720
f 4720 4721 4722
f 4720 4722 4714
f 4721 4711 4723
f 4721 4723 4722
f 4722 4723 4724
f 4722 4724 4714
f 4723 4711 4725
f 4723 4725 4724
f 4724 4725 4726
f 4724 4726 4714
f 4725 4711 4727
f 4725 4727 4726
f 4726 4727 4728
f 4726 4728 4714
f 4727 4711 4729
f 4727 4729 4728
f 4728 4729 4730
f 4728 4730 4714
f 4729 4711 4731
f 4729 4731 4730
f 4730 4731 4732
f 4730 4732 4714
f 4731 4711 4733
f 4731 4733 4732
f 4732 4733 4734
f 4732 4734 4714
f 4733 4711 4735
f 4733 4735 4734
f 4734 4735 4736
f 4734 4736 4714
f 4735 4711 4737
f 4735 4737 4736
f 4736 4737 4738
f 4736 4738 4714
f 4737 4711 4739
f 4737 4739 4738
f 4738 4739 4740
f 4738 4740 4714
f 4739 4711 4741
f 4739 4741 4740
f 4740 4741 4742
f 4740 4742 4714
f 4741 4711 4743
f 4741 4743 4742
f 4742 4743 4744
f 4742 4744 4714
f 4743 4711 4745
f 4743 4745 4744
f 4744 4745 4746
f 4744 4746 4714
f 4745 4711 4747
f 4745 4747 4746
f 4746 4747 4748
f 4746 4748 4714
f 4747 4711 4749
f 4747 4749 4748
f 4748 4749 4750
f 4748 4750 4714
f 4749 4711 4751
f 4749 4751 4750
f 4750 4751 4752
f 4750 4752 4714
f 4751 4711 4753
f 4751 4753 4752
f 4752 4753 4754
f 4752 4754 4714
f 4753 4711 4755
f 4753 4755 4754
f 4754 4755 4756
f 4754 4756 4714
f 4755 4711 4757
f 4755 4757 4756
f 4756 4757 4758
f 4756 4758 4714
f 4757 4711 4759
f 4757 4759 4758
f 4758 4759 4760
f 4758 4760 4714
f 4759 4711 4712
f 4759 4712 4760
f 4760 4712 4713
f 4760 4713 4714

o TREE_TRUNK_2
v 2.00000000 16.00000000 0.00000000
v 2.10000000 16.00000000 0.00000000
v 2.10000000 16.00000000 2.20000000
v 2.00000000 16.00000000 2.20000000
v 2.09238795 16.03826834 0.00000000
v 2.09238795 16.03826834 2.20000000
v 2.07071068 16.07071068 0.00000000
v 2.07071068 16.07071068 2.20000000
v 2.03826834 16.09238795 0.00000000
v 2.03826834 16.09238795 2.20000000
v 2.00000000 16.10000000 0.00000000
v 2.00000000 16.10000000 2.20000000
v 1.96173166 16.09238795 0.00000000
v 1.96173166 16.09238795 2.20000000
v 1.92928932 16.07071068 0.00000000
v 1.92928932 16.07071068 2.20000000
v 1.90761205 16.03826834 0.00000000
v 1.90761205 16.03826834 2.20000000
v 1.90000000 16.00000000 0.00000000
v 1.90000000 16.00000000 2.20000000
v 1.90761205 15.96173166 0.00000000
v 1.90761205 15.96173166 2.20000000
v 1.92928932 15.92928932 0.00000000
v 1.92928932 15.92928932 2.20000000
v 1.96173166 15.90761205 0.00000000
v 1.96173166 15.90761205 2.20000000
v 2.00000000 15.90000000 0.00000000
v 2.00000000 15.90000000 2.20000000
v 2.03826834 15.90761205 0.00000000
v 2.03826834 15.90761205 2.20000000
v 2.07071068 15.92928932 0.00000000
v 2.07071068 15.92928932 2.20000000
v 2.09238795 15.96173166 0.00000000
v 2.09238795 15.96173166 2.20000000
f 4762 4761 4765
f 4762 4765 4763
f 4763 4765 4766
f 4763 4766 4764
f 4765 4761 4767
f 4765 4767 4766
f 4766 4767 4768
f 4766 4768 4764
f 4767 4761 4769
f 4767 4769 4768
f 4768 4769 4770
f 4768 4770 4764
f 4769 4761 4771
f 4769 4771 4770
f 4770 4771 4772
f 4770 4772 4764
f 4771 4761 4773
f 4771 4773 4772
f 4772 4773 4774
f 4772 4774 4764
f 4773 4761 4775
f 4773 4775 4774
f 4774 4775 4776
f 4774 4776 4764
f 4775 4761 4777
f 4775 4777 4776
f 4776 4777 4778
f 4776 4778 4764
f 4777 4761 4779
f 4777 4779 4778
f 4778 4779 4780
f 4778 4780 4764
f 4779 4761 4781
f 4779 4781 4780
f 4780 4781 4782
f 4780 4782 4764
f 4781 4761 4783
f 4781 4783 4782
f 4782 4783 4784
f 4782 4784 4764
f 4783 4761 4785
f 4783 4785 4784
f 4784 4785 4786
f 4784 4786 4764
f 4785 4761 4787
f 4785 4787 4786
f 4786 4787 4788
f 4786 4788 4764
f 4787 4761 4789
f 4787 4789 4788
f 4788 4789 4790
f 4788 4790 4764
f 4789 4761 4791
f 4789 4791 4790
f 4790 4791 4792
f 4790 4792 4764
f 4791 4761 4793
f 4791 4793 4792
f 4792 4793 4794
f 4792 4794 4764
f 4793 4761 4762
f 4793 4762 4794
f 4794 4762 4763
f 4794 4763 4764

o TREE_CROWN_2
v 2.00000000 16.00000000 1.90000000
v 3.10000000 16.00000000 1.90000000
v 3.10000000 16.00000000 4.10000000
v 2.00000000 16.00000000 4.10000000
v 3.06251841 16.28470095 1.90000000
v 3.06251841 16.28470095 4.10000000
v 2.95262794 16.55000000 1.90000000
v 2.95262794 16.55000000 4.10000000
v 2.77781746 16.77781746 1.90000000
v 2.77781746 16.77781746 4.10000000
v 2.55000000 16.95262794 1.90000000
v 2.55000000 16.95262794 4.10000000
v 2.28470095 17.06251841 1.90000000
v 2.28470095 17.06251841 4.10000000
v 2.00000000 17.10000000 1.90000000
v 2.00000000 17.10000000 4.10000000
v 1.71529905 17.06251841 1.90000000
v 1.71529905 17.06251841 4.10000000
v 1.45000000 16.95262794 1.90000000
v 1.45000000 16.95262794 4.10000000
v 1.22218254 16.77781746 1.90000000
v 1.22218254 16.77781746 4.10000000
v 1.04737206 16.55000000 1.90000000
v 1.04737206 16.55000000 4.10000000
v 0.93748159 16.28470095 1.90000000
v 0.93748159 16.28470095 4.10000000
v 0.90000000 16.00000000 1.90000000
v 0.90000000 16.00000000 4.10000000
v 0.93748159 15.71529905 1.90000000
v 0.93748159 15.71529905 4.10000000
v 1.04737206 15.45000000 1.90000000
v 1.04737206 15.45000000 4.10000000
v 1.22218254 15.22218254 1.90000000
v 1.22218254 15.22218254 4.10000000
v 1.45000000 15.04737206 1.90000000
v 1.45000000 15.04737206 4.10000000
v 1.71529905 14.93748159 1.90000000
v 1.71529905 14.93748159 4.10000000
v 2.00000000 14.90000000 1.90000000
v 2.00000000 14.90000000 4.10000000
v 2.28470095 14.93748159 1.90000000
v 2.28470095 14.93748159 4.10000000
v 2.55000000 15.04737206 1.90000000
v 2.55000000 15.04737206 4.10000000
v 2.77781746 15.22218254 1.90000000
v 2.77781746 15.22218254 4.10000000
v 2.95262794 15.45000000 1.90000000
v 2.95262794 15.45000000 4.10000000
v 3.06251841 15.71529905 1.90000000
v 3.06251841 15.71529905 4.10000000
f 4796 4795 4799
f 4796 4799 4797
f 4797 4799 4800
f 4797 4800 4798
f 4799 4795 4801
f 4799 4801 4800
f 4800 4801 4802
f 4800 4802 4798
f 4801 4795 4803
f 4801 4803 4802
f 4802 4803 4804
f 4802 4804 4798
f 4803 4795 4805
f 4803 4805 4804
f 4804 4805 4806
f 4804 4806 4798
f 4805 4795 4807
f 4805 4807 4806
f 4806 4807 4808
f 4806 4808 4798
f 4807 4795 4809
f 4807 4809 4808
f 4808 4809 4810
f 4808 4810 4798
f 4809 4795 4811
f 4809 4811 4810
f 4810 4811 4812
f 4810 4812 4798
f 4811 4795 4813
f 4811 4813 4812
f 4812 4813 4814
f 4812 4814 4798
f 4813 4795 4815
f 4813 4815 4814
f 4814 4815 4816
f 4814 4816 4798
f 4815 4795 4817
f 4815 4817 4816
f 4816 4817 4818
f 4816 4818 4798
f 4817 4795 4819
f 4817 4819 4818
f 4818 4819 4820
f 4818 4820 4798
f 4819 4795 4821
f 4819 4821 4820
f 4820 4821 4822
f 4820 4822 4798
f 4821 4795 4823
f 4821 4823 4822
f 4822 4823 4824
f 4822 4824 4798
f 4823 4795 4825
f 4823 4825 4824
f 4824 4825 4826
f 4824 4826 4798
f 4825 4795 4827
f 4825 4827 4826
f 4826 4827 4828
f 4826 4828 4798
f 4827 4795 4829
f 4827 4829 4828
f 4828 4829 4830
f 4828 4830 4798
f 4829 4795 4831
f 4829 4831 4830
f 4830 4831 4832
f 4830 4832 4798
f 4831 4795 4833
f 4831 4833 4832
f 4832 4833 4834
f 4832 4834 4798
f 4833 4795 4835
f 4833 4835 4834
f 4834 4835 4836
f 4834 4836 4798
f 4835 4795 4837
f 4835 4837 4836
f 4836 4837 4838
f 4836 4838 4798
f 4837 4795 4839
f 4837 4839 4838
f 4838 4839 4840
f 4838 4840 4798
f 4839 4795 4841
f 4839 4841 4840
f 4840 4841 4842
f 4840 4842 4798
f 4841 4795 4843
f 4841 4843 4842
f 4842 4843 4844
f 4842 4844 4798
f 4843 4795 4796
f 4843 4796 4844
f 4844 4796 4797
f 4844 4797 4798

o TREE_TRUNK_3
v 12.80000000 15.70000000 0.00000000
v 12.90000000 15.70000000 0.00000000
v 12.90000000 15.70000000 2.20000000
v 12.80000000 15.70000000 2.20000000
v 12.89238795 15.73826834 0.00000000
v 12.89238795 15.73826834 2.20000000
v 12.87071068 15.77071068 0.00000000
v 12.87071068 15.77071068 2.20000000
v 12.83826834 15.79238795 0.00000000
v 12.83826834 15.79238795 2.20000000
v 12.80000000 15.80000000 0.00000000
v 12.80000000 15.80000000 2.20000000
v 12.76173166 15.79238795 0.00000000
v 12.76173166 15.79238795 2.20000000
v 12.72928932 15.77071068 0.00000000
v 12.72928932 15.77071068 2.20000000
v 12.70761205 15.73826834 0.00000000
v 12.70761205 15.73826834 2.20000000
v 12.70000000 15.70000000 0.00000000
v 12.70000000 15.70000000 2.20000000
v 12.70761205 15.66173166 0.00000000
v 12.70761205 15.66173166 2.20000000
v 12.72928932 15.62928932 0.00000000
v 12.72928932 15.62928932 2.20000000
v 12.76173166 15.60761205 0.00000000
v 12.76173166 15.60761205 2.20000000
v 12.80000000 15.60000000 0.00000000
v 12.80000000 15.60000000 2.20000000
v 12.83826834 15.60761205 0.00000000
v 12.83826834 15.60761205 2.20000000
v 12.87071068 15.62928932 0.00000000
v 12.87071068 15.62928932 2.20000000
v 12.89238795 15.66173166 0.00000000
v 12.89238795 15.66173166 2.20000000
f 4846 4845 4849
f 4846 4849 4847
f 4847 4849 4850
f 4847 4850 4848
f 4849 4845 4851
f 4849 4851 4850
f 4850 4851 4852
f 4850 4852 4848
f 4851 4845 4853
f 4851 4853 4852
f 4852 4853 4854
f 4852 4854 4848
f 4853 4845 4855
f 4853 4855 4854
f 4854 4855 4856
f 4854 4856 4848
f 4855 4845 4857
f 4855 4857 4856
f 4856 4857 4858
f 4856 4858 4848
f 4857 4845 4859
f 4857 4859 4858
f 4858 4859 4860
f 4858 4860 4848
f 4859 4845 4861
f 4859 4861 4860
f 4860 4861 4862
f 4860 4862 4848
f 4861 4845 4863
f 4861 4863 4862
f 4862 4863 4864
f 4862 4864 4848
f 4863 4845 4865
f 4863 4865 4864
f 4864 4865 4866
f 4864 4866 4848
f 4865 4845 4867
f 4865 4867 4866
f 4866 4867 4868
f 4866 4868 4848
f 4867 4845 4869
f 4867 4869 4868
f 4868 4869 4870
f 4868 4870 4848
f 4869 4845 4871
f 4869 4871 4870
f 4870 4871 4872
f 4870 4872 4848
f 4871 4845 4873
f 4871 4873 4872
f 4872 4873 4874
f 4872 4874 4848
f 4873 4845 4875
f 4873 4875 4874
f 4874 4875 4876
f 4874 4876 4848
f 4875 4845 4877
f 4875 4877 4876
f 4876 4877 4878
f 4876 4878 4848
f 4877 4845 4846
f 4877 4846 4878
f 4878 4846 4847
f 4878 4847 4848

o TREE_CROWN_3
v 12.80000000 15.70000000 2.00000000
v 13.80000000 15.70000000 2.00000000
v 13.80000000 15.70000000 4.00000000
v 12.80000000 15.70000000 4.00000000
v 13.76592583 15.95881905 2.00000000
v 13.76592583 15.95881905 4.00000000
v 13.66602540 16.20000000 2.00000000
v 13.66602540 16.20000000 4.00000000
v 13.50710678 16.40710678 2.00000000
v 13.50710678 16.40710678 4.00000000
v 13.30000000 16.56602540 2.00000000
v 13.30000000 16.56602540 4.00000000
v 13.05881905 16.66592583 2.00000000
v 13.05881905 16.66592583 4.00000000
v 12.80000000 16.70000000 2.00000000
v 12.80000000 16.70000000 4.00000000
v 12.54118095 16.66592583 2.00000000
v 12.54118095 16.66592583 4.00000000
v 12.30000000 16.56602540 2.00000000
v 12.30000000 16.56602540 4.00000000
v 12.09289322 16.40710678 2.00000000
v 12.09289322 16.40710678 4.00000000
v 11.93397460 16.20000000 2.00000000
v 11.93397460 16.20000000 4.00000000
v 11.83407417 15.95881905 2.00000000
v 11.83407417 15.95881905 4.00000000
v 11.80000000 15.70000000 2.00000000
v 11.80000000 15.70000000 4.00000000
v 11.83407417 15.44118095 2.00000000
v 11.83407417 15.44118095 4.00000000
v 11.93397460 15.20000000 2.00000000
v 11.93397460 15.20000000 4.00000000
v 12.09289322 14.99289322 2.00000000
v 12.09289322 14.99289322 4.00000000
v 12.30000000 14.83397460 2.00000000
v 12.30000000 14.83397460 4.00000000
v 12.54118095 14.73407417 2.00000000
v 12.54118095 14.73407417 4.00000000
v 12.80000000 14.70000000 2.00000000
v 12.80000000 14.70000000 4.00000000
v 13.05881905 14.73407417 2.00000000
v 13.05881905 14.73407417 4.00000000
v 13.30000000 14.83397460 2.00000000
v 13.30000000 14.83397460 4.00000000
v 13.50710678 14.99289322 2.00000000
v 13.50710678 14.99289322 4.00000000
v 13.66602540 15.20000000 2.00000000
v 13.66602540 15.20000000 4.00000000
v 13.76592583 15.44118095 2.00000000
v 13.76592583 15.44118095 4.00000000
f 4880 4879 4883
f 4880 4883 4881
f 4881 4883 4884
f 4881 4884 4882
f 4883 4879 4885
f 4883 4885 4884
f 4884 4885 4886
f 4884 4886 4882
f 4885 4879 4887
f 4885 4887 4886
f 4886 4887 4888
f 4886 4888 4882
f 4887 4879 4889
f 4887 4889 4888
f 4888 4889 4890
f 4888 4890 4882
f 4889 4879 4891
f 4889 4891 4890
f 4890 4891 4892
f 4890 4892 4882
f 4891 4879 4893
f 4891 4893 4892
f 4892 4893 4894
f 4892 4894 4882
f 4893 4879 4895
f 4893 4895 4894
f 4894 4895 4896
f 4894 4896 4882
f 4895 4879 4897
f 4895 4897 4896
f 4896 4897 4898
f 4896 4898 4882
f 4897 4879 4899
f 4897 4899 4898
f 4898 4899 4900
f 4898 4900 4882
f 4899 4879 4901
f 4899 4901 4900
f 4900 4901 4902
f 4900 4902 4882
f 4901 4879 4903
f 4901 4903 4902
f 4902 4903 4904
f 4902 4904 4882
f 4903 4879 4905
f 4903 4905 4904
f 4904 4905 4906
f 4904 4906 4882
f 4905 4879 4907
f 4905 4907 4906
f 4906 4907 4908
f 4906 4908 4882
f 4907 4879 4909
f 4907 4909 4908
f 4908 4909 4910
f 4908 4910 4882
f 4909 4879 4911
f 4909 4911 4910
f 4910 4911 4912
f 4910 4912 4882
f 4911 4879 4913
f 4911 4913 4912
f 4912 4913 4914
f 4912 4914 4882
f 4913 4879 4915
f 4913 4915 4914
f 4914 4915 4916
f 4914 4916 4882
f 4915 4879 4917
f 4915 4917 4916
f 4916 4917 4918
f 4916 4918 4882
f 4917 4879 4919
f 4917 4919 4918
f 4918 4919 4920
f 4918 4920 4882
f 4919 4879 4921
f 4919 4921 4920
f 4920 4921 4922
f 4920 4922 4882
f 4921 4879 4923
f 4921 4923 4922
f 4922 4923 4924
f 4922 4924 4882
f 4923 4879 4925
f 4923 4925 4924
f 4924 4925 4926
f 4924 4926 4882
f 4925 4879 4927
f 4925 4927 4926
f 4926 4927 4928
f 4926 4928 4882
f 4927 4879 4880
f 4927 4880 4928
f 4928 4880 4881
f 4928 4881 4882

o TREE_TRUNK_4
v 15.20000000 6.50000000 0.00000000
v 15.30000000 6.50000000 0.00000000
v 15.30000000 6.50000000 2.20000000
v 15.20000000 6.50000000 2.20000000
v 15.29238795 6.53826834 0.00000000
v 15.29238795 6.53826834 2.20000000
v 15.27071068 6.57071068 0.00000000
v 15.27071068 6.57071068 2.20000000
v 15.23826834 6.59238795 0.00000000
v 15.23826834 6.59238795 2.20000000
v 15.20000000 6.60000000 0.00000000
v 15.20000000 6.60000000 2.20000000
v 15.16173166 6.59238795 0.00000000
v 15.16173166 6.59238795 2.20000000
v 15.12928932 6.57071068 0.00000000
v 15.12928932 6.57071068 2.20000000
v 15.10761205 6.53826834 0.00000000
v 15.10761205 6.53826834 2.20000000
v 15.10000000 6.50000000 0.00000000
v 15.10000000 6.50000000 2.20000000
v 15.10761205 6.46173166 0.00000000
v 15.10761205 6.46173166 2.20000000
v 15.12928932 6.42928932 0.00000000
v 15.12928932 6.42928932 2.20000000
v 15.16173166 6.40761205 0.00000000
v 15.16173166 6.40761205 2.20000000
v 15.20000000 6.40000000 0.00000000
v 15.20000000 6.40000000 2.20000000
v 15.23826834 6.40761205 0.00000000
v 15.23826834 6.40761205 2.20000000
v 15.27071068 6.42928932 0.00000000
v 15.27071068 6.42928932 2.20000000
v 15.29238795 6.46173166 0.00000000
v 15.29238795 6.46173166 2.20000000
f 4930 4929 4933
f 4930 4933 4931
f 4931 4933 4934
f 4931 4934 4932
f 4933 4929 4935
f 4933 4935 4934
f 4934 4935 4936
f 4934 4936 4932
f 4935 4929 4937
f 4935 4937 4936
f 4936 4937 4938
f 4936 4938 4932
f 4937 4929 4939
f 4937 4939 4938
f 4938 4939 4940
f 4938 4940 4932
f 4939 4929 4941
f 4939 4941 4940
f 4940 4941 4942
f 4940 4942 4932
f 4941 4929 4943
f 4941 4943 4942
f 4942 4943 4944
f 4942 4944 4932
f 4943 4929 4945
f 4943 4945 4944
f 4944 4945 4946
f 4944 4946 4932
f 4945 4929 4947
f 4945 4947 4946
f 4946 4947 4948
f 4946 4948 4932
f 4947 4929 4949
f 4947 4949 4948
f 4948 4949 4950
f 4948 4950 4932
f 4949 4929 4951
f 4949 4951 4950
f 4950 4951 4952
f 4950 4952 4932
f 4951 4929 4953
f 4951 4953 4952
f 4952 4953 4954
f 4952 4954 4932
f 4953 4929 4955
f 4953 4955 4954
f 4954 4955 4956
f 4954 4956 4932
f 4955 4929 4957
f 4955 4957 4956
f 4956 4957 4958
f 4956 4958 4932
f 4957 4929 4959
f 4957 4959 4958
f 4958 4959 4960
f 4958 4960 4932
f 4959 4929 4961
f 4959 4961 4960
f 4960 4961 4962
f 4960 4962 4932
f 4961 4929 4930
f 4961 4930 4962
f 4962 4930 4931
f 4962 4931 4932

o TREE_CROWN_4
v 15.20000000 6.50000000 2.10000000
v 16.10000000 6.50000000 2.10000000
v 16.10000000 6.50000000 3.90000000
v 15.20000000 6.50000000 3.90000000
v 16.06933324 6.73293714 2.10000000
v 16.06933324 6.73293714 3.90000000
v 15.97942286 6.95000000 2.10000000
v 15.97942286 6.95000000 3.90000000
v 15.83639610 7.13639610 2.10000000
v 15.83639610 7.13639610 3.90000000
v 15.65000000 7.27942286 2.10000000
v 15.65000000 7.27942286 3.90000000
v 15.43293714 7.36933324 2.10000000
v 15.43293714 7.36933324 3.90000000
v 15.20000000 7.40000000 2.10000000
v 15.20000000 7.40000000 3.90000000
v 14.96706286 7.36933324 2.10000000
v 14.96706286 7.36933324 3.90000000
v 14.75000000 7.27942286 2.10000000
v 14.75000000 7.27942286 3.90000000
v 14.56360390 7.13639610 2.10000000
v 14.56360390 7.13639610 3.90000000
v 14.42057714 6.95000000 2.10000000
v 14.42057714 6.95000000 3.90000000
v 14.33066676 6.73293714 2.10000000
v 14.33066676 6.73293714 3.90000000
v 14.30000000 6.50000000 2.10000000
v 14.30000000 6.50000000 3.90000000
v 14.33066676 6.26706286 2.10000000
v 14.33066676 6.26706286 3.90000000
v 14.42057714 6.05000000 2.10000000
v 14.42057714 6.05000000 3.90000000
v 14.56360390 5.86360390 2.10000000
v 14.56360390 5.86360390 3.90000000
v 14.75000000 5.72057714 2.10000000
v 14.75000000 5.72057714 3.90000000
v 14.96706286 5.63066676 2.10000000
v 14.96706286 5.63066676 3.90000000
v 15.20000000 5.60000000 2.10000000
v 15.20000000 5.60000000 3.90000000
v 15.43293714 5.63066676 2.10000000
v 15.43293714 5.63066676 3.90000000
v 15.65000000 5.72057714 2.10000000
v 15.65000000 5.72057714 3.90000000
v 15.83639610 5.86360390 2.10000000
v 15.83639610 5.86360390 3.90000000
v 15.97942286 6.05000000 2.10000000
v 15.97942286 6.05000000 3.90000000
v 16.06933324 6.26706286 2.10000000
v 16.06933324 6.26706286 3.90000000
f 4964 4963 4967
f 4964 4967 4965
f 4965 4967 4968
f 4965 4968 4966
f 4967 4963 4969
f 4967 4969 4968
f 4968 4969 4970
f 4968 4970 4966
f 4969 4963 4971
f 4969 4971 4970
f 4970 4971 4972
f 4970 4972 4966
f 4971 4963 4973
f 4971 4973 4972
f 4972 4973 4974
f 4972 4974 4966
f 4973 4963 4975
f 4973 4975 4974
f 4974 4975 4976
f 4974 4976 4966
f 4975 4963 4977
f 4975 4977 4976
f 4976 4977 4978
f 4976 4978 4966
f 4977 4963 4979
f 4977 4979 4978
f 4978 4979 4980
f 4978 4980 4966
f 4979 4963 4981
f 4979 4981 4980
f 4980 4981 4982
f 4980 4982 4966
f 4981 4963 4983
f 4981 4983 4982
f 4982 4983 4984
f 4982 4984 4966
f 4983 4963 4985
f 4983 4985 4984
f 4984 4985 4986
f 4984 4986 4966
f 4985 4963 4987
f 4985 4987 4986
f 4986 4987 4988
f 4986 4988 4966
f 4987 4963 4989
f 4987 4989 4988
f 4988 4989 4990
f 4988 4990 4966
f 4989 4963 4991
f 4989 4991 4990
f 4990 4991 4992
f 4990 4992 4966
f 4991 4963 4993
f 4991 4993 4992
f 4992 4993 4994
f 4992 4994 4966
f 4993 4963 4995
f 4993 4995 4994
f 4994 4995 4996
f 4994 4996 4966
f 4995 4963 4997
f 4995 4997 4996
f 4996 4997 4998
f 4996 4998 4966
f 4997 4963 4999
f 4997 4999 4998
f 4998 4999 5000
f 4998 5000 4966
f 4999 4963 5001
f 4999 5001 5000
f 5000 5001 5002
f 5000 5002 4966
f 5001 4963 5003
f 5001 5003 5002
f 5002 5003 5004
f 5002 5004 4966
f 5003 4963 5005
f 5003 5005 5004
f 5004 5005 5006
f 5004 5006 4966
f 5005 4963 5007
f 5005 5007 5006
f 5006 5007 5008
f 5006 5008 4966
f 5007 4963 5009
f 5007 5009 5008
f 5008 5009 5010
f 5008 5010 4966
f 5009 4963 5011
f 5009 5011 5010
f 5010 5011 5012
f 5010 5012 4966
f 5011 4963 4964
f 5011 4964 5012
f 5012 4964 4965
f 5012 4965 4966

o TREE_TRUNK_5
v 1.20000000 6.80000000 0.00000000
v 1.30000000 6.80000000 0.00000000
v 1.30000000 6.80000000 2.20000000
v 1.20000000 6.80000000 2.20000000
v 1.29238795 6.83826834 0.00000000
v 1.29238795 6.83826834 2.20000000
v 1.27071068 6.87071068 0.00000000
v 1.27071068 6.87071068 2.20000000
v 1.23826834 6.89238795 0.00000000
v 1.23826834 6.89238795 2.20000000
v 1.20000000 6.90000000 0.00000000
v 1.20000000 6.90000000 2.20000000
v 1.16173166 6.89238795 0.00000000
v 1.16173166 6.89238795 2.20000000
v 1.12928932 6.87071068 0.00000000
v 1.12928932 6.87071068 2.20000000
v 1.10761205 6.83826834 0.00000000
v 1.10761205 6.83826834 2.20000000
v 1.10000000 6.80000000 0.00000000
v 1.10000000 6.80000000 2.20000000
v 1.10761205 6.76173166 0.00000000
v 1.10761205 6.76173166 2.20000000
v 1.12928932 6.72928932 0.00000000
v 1.12928932 6.72928932 2.20000000
v 1.16173166 6.70761205 0.00000000
v 1.16173166 6.70761205 2.20000000
v 1.20000000 6.70000000 0.00000000
v 1.20000000 6.70000000 2.20000000
v 1.23826834 6.70761205 0.00000000
v 1.23826834 6.70761205 2.20000000
v 1.27071068 6.72928932 0.00000000
v 1.27071068 6.72928932 2.20000000
v 1.29238795 6.76173166 0.00000000
v 1.29238795 6.76173166 2.20000000
f 5014 5013 5017
f 5014 5017 5015
f 5015 5017 5018
f 5015 5018 5016
f 5017 5013 5019
f 5017 5019 5018
f 5018 5019 5020
f 5018 5020 5016
f 5019 5013 5021
f 5019 5021 5020
f 5020 5021 5022
f 5020 5022 5016
f 5021 5013 5023
f 5021 5023 5022
f 5022 5023 5024
f 5022 5024 5016
f 5023 5013 5025
f 5023 5025 5024
f 5024 5025 5026
f 5024 5026 5016
f 5025 5013 5027
f 5025 5027 5026
f 5026 5027 5028
f 5026 5028 5016
f 5027 5013 5029
f 5027 5029 5028
f 5028 5029 5030
f 5028 5030 5016
f 5029 5013 5031
f 5029 5031 5030
f 5030 5031 5032
f 5030 5032 5016
f 5031 5013 5033
f 5031 5033 5032
f 5032 5033 5034
f 5032 5034 5016
f 5033 5013 5035
f 5033 5035 5034
f 5034 5035 5036
f 5034 5036 5016
f 5035 5013 5037
f 5035 5037 5036
f 5036 5037 5038
f 5036 5038 5016
f 5037 5013 5039
f 5037 5039 5038
f 5038 5039 5040
f 5038 5040 5016
f 5039 5013 5041
f 5039 5041 5040
f 5040 5041 5042
f 5040 5042 5016
f 5041 5013 5043
f 5041 5043 5042
f 5042 5043 5044
f 5042 5044 5016
f 5043 5013 5045
f 5043 5045 5044
f 5044 5045 5046
f 5044 5046 5016
f 5045 5013 5014
f 5045 5014 5046
f 5046 5014 5015
f 5046 5015 5016

o TREE_CROWN_5
v 1.20000000 6.80000000 2.20000000
v 2.00000000 6.80000000 2.20000000
v 2.00000000 6.80000000 3.80000000
v 1.20000000 6.80000000 3.80000000
v 1.97274066 7.00705524 2.20000000
v 1.97274066 7.00705524 3.80000000
v 1.89282032 7.20000000 2.20000000
v 1.89282032 7.20000000 3.80000000
v 1.76568542 7.36568542 2.20000000
v 1.76568542 7.36568542 3.80000000
v 1.60000000 7.49282032 2.20000000
v 1.60000000 7.49282032 3.80000000
v 1.40705524 7.57274066 2.20000000
v 1.40705524 7.57274066 3.80000000
v 1.20000000 7.60000000 2.20000000
v 1.20000000 7.60000000 3.80000000
v 0.99294476 7.57274066 2.20000000
v 0.99294476 7.57274066 3.80000000
v 0.80000000 7.49282032 2.20000000
v 0.80000000 7.49282032 3.80000000
v 0.63431458 7.36568542 2.20000000
v 0.63431458 7.36568542 3.80000000
v 0.50717968 7.20000000 2.20000000
v 0.50717968 7.20000000 3.80000000
v 0.42725934 7.00705524 2.20000000
v 0.42725934 7.00705524 3.80000000
v 0.40000000 6.80000000 2.20000000
v 0.40000000 6.80000000 3.80000000
v 0.42725934 6.59294476 2.20000000
v 0.42725934 6.59294476 3.80000000
v 0.50717968 6.40000000 2.20000000
v 0.50717968 6.40000000 3.80000000
v 0.63431458 6.23431458 2.20000000
v 0.63431458 6.23431458 3.80000000
v 0.80000000 6.10717968 2.20000000
v 0.80000000 6.10717968 3.80000000
v 0.99294476 6.02725934 2.20000000
v 0.99294476 6.02725934 3.80000000
v 1.20000000 6.00000000 2.20000000
v 1.20000000 6.00000000 3.80000000
v 1.40705524 6.02725934 2.20000000
v 1.40705524 6.02725934 3.80000000
v 1.60000000 6.10717968 2.20000000
v 1.60000000 6.10717968 3.80000000
v 1.76568542 6.23431458 2.20000000
v 1.76568542 6.23431458 3.80000000
v 1.89282032 6.40000000 2.20000000
v 1.89282032 6.40000000 3.80000000
v 1.97274066 6.59294476 2.20000000
v 1.97274066 6.59294476 3.80000000
f 5048 5047 5051
f 5048 5051 5049
f 5049 5051 5052
f 5049 5052 5050
f 5051 5047 5053
f 5051 5053 5052
f 5052 5053 5054
f 5052 5054 5050
f 5053 5047 5055
f 5053 5055 5054
f 5054 5055 5056
f 5054 5056 5050
f 5055 5047 5057
f 5055 5057 5056
f 5056 5057 5058
f 5056 5058 5050
f 5057 5047 5059
f 5057 5059 5058
f 5058 5059 5060
f 5058 5060 5050
f 5059 5047 5061
f 5059 5061 5060
f 5060 5061 5062
f 5060 5062 5050
f 5061 5047 5063
f 5061 5063 5062
f 5062 5063 5064
f 5062 5064 5050
f 5063 5047 5065
f 5063 5065 5064
f 5064 5065 5066
f 5064 5066 5050
f 5065 5047 5067
f 5065 5067 5066
f 5066 5067 5068
f 5066 5068 5050
f 5067 5047 5069
f 5067 5069 5068
f 5068 5069 5070
f 5068 5070 5050
f 5069 5047 5071
f 5069 5071 5070
f 5070 5071 5072
f 5070 5072 5050
f 5071 5047 5073
f 5071 5073 5072
f 5072 5073 5074
f 5072 5074 5050
f 5073 5047 5075
f 5073 5075 5074
f 5074 5075 5076
f 5074 5076 5050
f 5075 5047 5077
f 5075 5077 5076
f 5076 5077 5078
f 5076 5078 5050
f 5077 5047 5079
f 5077 5079 5078
f 5078 5079 5080
f 5078 5080 5050
f 5079 5047 5081
f 5079 5081 5080
f 5080 5081 5082
f 5080 5082 5050
f 5081 5047 5083
f 5081 5083 5082
f 5082 5083 5084
f 5082 5084 5050
f 5083 5047 5085
f 5083 5085 5084
f 5084 5085 5086
f 5084 5086 5050
f 5085 5047 5087
f 5085 5087 5086
f 5086 5087 5088
f 5086 5088 5050
f 5087 5047 5089
f 5087 5089 5088
f 5088 5089 5090
f 5088 5090 5050
f 5089 5047 5091
f 5089 5091 5090
f 5090 5091 5092
f 5090 5092 5050
f 5091 5047 5093
f 5091 5093 5092
f 5092 5093 5094
f 5092 5094 5050
f 5093 5047 5095
f 5093 5095 5094
f 5094 5095 5096
f 5094 5096 5050
f 5095 5047 5048
f 5095 5048 5096
f 5096 5048 5049
f 5096 5049 5050

o SHRUB_0
v 1.00000000 15.00000000 0.00500000
v 1.22000000 15.00000000 0.00500000
v 1.22000000 15.00000000 0.55500000
v 1.00000000 15.00000000 0.55500000
v 1.20325350 15.08419036 0.00500000
v 1.20325350 15.08419036 0.55500000
v 1.15556349 15.15556349 0.00500000
v 1.15556349 15.15556349 0.55500000
v 1.08419036 15.20325350 0.00500000
v 1.08419036 15.20325350 0.55500000
v 1.00000000 15.22000000 0.00500000
v 1.00000000 15.22000000 0.55500000
v 0.91580964 15.20325350 0.00500000
v 0.91580964 15.20325350 0.55500000
v 0.84443651 15.15556349 0.00500000
v 0.84443651 15.15556349 0.55500000
v 0.79674650 15.08419036 0.00500000
v 0.79674650 15.08419036 0.55500000
v 0.78000000 15.00000000 0.00500000
v 0.78000000 15.00000000 0.55500000
v 0.79674650 14.91580964 0.00500000
v 0.79674650 14.91580964 0.55500000
v 0.84443651 14.84443651 0.00500000
v 0.84443651 14.84443651 0.55500000
v 0.91580964 14.79674650 0.00500000
v 0.91580964 14.79674650 0.55500000
v 1.00000000 14.78000000 0.00500000
v 1.00000000 14.78000000 0.55500000
v 1.08419036 14.79674650 0.00500000
v 1.08419036 14.79674650 0.55500000
v 1.15556349 14.84443651 0.00500000
v 1.15556349 14.84443651 0.55500000
v 1.20325350 14.91580964 0.00500000
v 1.20325350 14.91580964 0.55500000
f 5098 5097 5101
f 5098 5101 5099
f 5099 5101 5102
f 5099 5102 5100
f 5101 5097 5103
f 5101 5103 5102
f 5102 5103 5104
f 5102 5104 5100
f 5103 5097 5105
f 5103 5105 5104
f 5104 5105 5106
f 5104 5106 5100
f 5105 5097 5107
f 5105 5107 5106
f 5106 5107 5108
f 5106 5108 5100
f 5107 5097 5109
f 5107 5109 5108
f 5108 5109 5110
f 5108 5110 5100
f 5109 5097 5111
f 5109 5111 5110
f 5110 5111 5112
f 5110 5112 5100
f 5111 5097 5113
f 5111 5113 5112
f 5112 5113 5114
f 5112 5114 5100
f 5113 5097 5115
f 5113 5115 5114
f 5114 5115 5116
f 5114 5116 5100
f 5115 5097 5117
f 5115 5117 5116
f 5116 5117 5118
f 5116 5118 5100
f 5117 5097 5119
f 5117 5119 5118
f 5118 5119 5120
f 5118 5120 5100
f 5119 5097 5121
f 5119 5121 5120
f 5120 5121 5122
f 5120 5122 5100
f 5121 5097 5123
f 5121 5123 5122
f 5122 5123 5124
f 5122 5124 5100
f 5123 5097 5125
f 5123 5125 5124
f 5124 5125 5126
f 5124 5126 5100
f 5125 5097 5127
f 5125 5127 5126
f 5126 5127 5128
f 5126 5128 5100
f 5127 5097 5129
f 5127 5129 5128
f 5128 5129 5130
f 5128 5130 5100
f 5129 5097 5098
f 5129 5098 5130
f 5130 5098 5099
f 5130 5099 5100

o SHRUB_1
v 2.55000000 15.00000000 0.00500000
v 2.77000000 15.00000000 0.00500000
v 2.77000000 15.00000000 0.55500000
v 2.55000000 15.00000000 0.55500000
v 2.75325350 15.08419036 0.00500000
v 2.75325350 15.08419036 0.55500000
v 2.70556349 15.15556349 0.00500000
v 2.70556349 15.15556349 0.55500000
v 2.63419036 15.20325350 0.00500000
v 2.63419036 15.20325350 0.55500000
v 2.55000000 15.22000000 0.00500000
v 2.55000000 15.22000000 0.55500000
v 2.46580964 15.20325350 0.00500000
v 2.46580964 15.20325350 0.55500000
v 2.39443651 15.15556349 0.00500000
v 2.39443651 15.15556349 0.55500000
v 2.34674650 15.08419036 0.00500000
v 2.34674650 15.08419036 0.55500000
v 2.33000000 15.00000000 0.00500000
v 2.33000000 15.00000000 0.55500000
v 2.34674650 14.91580964 0.00500000
v 2.34674650 14.91580964 0.55500000
v 2.39443651 14.84443651 0.00500000
v 2.39443651 14.84443651 0.55500000
v 2.46580964 14.79674650 0.00500000
v 2.46580964 14.79674650 0.55500000
v 2.55000000 14.78000000 0.00500000
v 2.55000000 14.78000000 0.55500000
v 2.63419036 14.79674650 0.00500000
v 2.63419036 14.79674650 0.55500000
v 2.70556349 14.84443651 0.00500000
v 2.70556349 14.84443651 0.55500000
v 2.75325350 14.91580964 0.00500000
v 2.75325350 14.91580964 0.55500000
f 5132 5131 5135
f 5132 5135 5133
f 5133 5135 5136
f 5133 5136 5134
f 5135 5131 5137
f 5135 5137 5136
f 5136 5137 5138
f 5136 5138 5134
f 5137 5131 5139
f 5137 5139 5138
f 5138 5139 5140
f 5138 5140 5134
f 5139 5131 5141
f 5139 5141 5140
f 5140 5141 5142
f 5140 5142 5134
f 5141 5131 5143
f 5141 5143 5142
f 5142 5143 5144
f 5142 5144 5134
f 5143 5131 5145
f 5143 5145 5144
f 5144 5145 5146
f 5144 5146 5134
f 5145 5131 5147
f 5145 5147 5146
f 5146 5147 5148
f 5146 5148 5134
f 5147 5131 5149
f 5147 5149 5148
f 5148 5149 5150
f 5148 5150 5134
f 5149 5131 5151
f 5149 5151 5150
f 5150 5151 5152
f 5150 5152 5134
f 5151 5131 5153
f 5151 5153 5152
f 5152 5153 5154
f 5152 5154 5134
f 5153 5131 5155
f 5153 5155 5154
f 5154 5155 5156
f 5154 5156 5134
f 5155 5131 5157
f 5155 5157 5156
f 5156 5157 5158
f 5156 5158 5134
f 5157 5131 5159
f 5157 5159 5158
f 5158 5159 5160
f 5158 5160 5134
f 5159 5131 5161
f 5159 5161 5160
f 5160 5161 5162
f 5160 5162 5134
f 5161 5131 5163
f 5161 5163 5162
f 5162 5163 5164
f 5162 5164 5134
f 5163 5131 5132
f 5163 5132 5164
f 5164 5132 5133
f 5164 5133 5134

o SHRUB_2
v 4.10000000 15.00000000 0.00500000
v 4.32000000 15.00000000 0.00500000
v 4.32000000 15.00000000 0.55500000
v 4.10000000 15.00000000 0.55500000
v 4.30325350 15.08419036 0.00500000
v 4.30325350 15.08419036 0.55500000
v 4.25556349 15.15556349 0.00500000
v 4.25556349 15.15556349 0.55500000
v 4.18419036 15.20325350 0.00500000
v 4.18419036 15.20325350 0.55500000
v 4.10000000 15.22000000 0.00500000
v 4.10000000 15.22000000 0.55500000
v 4.01580964 15.20325350 0.00500000
v 4.01580964 15.20325350 0.55500000
v 3.94443651 15.15556349 0.00500000
v 3.94443651 15.15556349 0.55500000
v 3.89674650 15.08419036 0.00500000
v 3.89674650 15.08419036 0.55500000
v 3.88000000 15.00000000 0.00500000
v 3.88000000 15.00000000 0.55500000
v 3.89674650 14.91580964 0.00500000
v 3.89674650 14.91580964 0.55500000
v 3.94443651 14.84443651 0.00500000
v 3.94443651 14.84443651 0.55500000
v 4.01580964 14.79674650 0.00500000
v 4.01580964 14.79674650 0.55500000
v 4.10000000 14.78000000 0.00500000
v 4.10000000 14.78000000 0.55500000
v 4.18419036 14.79674650 0.00500000
v 4.18419036 14.79674650 0.55500000
v 4.25556349 14.84443651 0.00500000
v 4.25556349 14.84443651 0.55500000
v 4.30325350 14.91580964 0.00500000
v 4.30325350 14.91580964 0.55500000
f 5166 5165 5169
f 5166 5169 5167
f 5167 5169 5170
f 5167 5170 5168
f 5169 5165 5171
f 5169 5171 5170
f 5170 5171 5172
f 5170 5172 5168
f 5171 5165 5173
f 5171 5173 5172
f 5172 5173 5174
f 5172 5174 5168
f 5173 5165 5175
f 5173 5175 5174
f 5174 5175 5176
f 5174 5176 5168
f 5175 5165 5177
f 5175 5177 5176
f 5176 5177 5178
f 5176 5178 5168
f 5177 5165 5179
f 5177 5179 5178
f 5178 5179 5180
f 5178 5180 5168
f 5179 5165 5181
f 5179 5181 5180
f 5180 5181 5182
f 5180 5182 5168
f 5181 5165 5183
f 5181 5183 5182
f 5182 5183 5184
f 5182 5184 5168
f 5183 5165 5185
f 5183 5185 5184
f 5184 5185 5186
f 5184 5186 5168
f 5185 5165 5187
f 5185 5187 5186
f 5186 5187 5188
f 5186 5188 5168
f 5187 5165 5189
f 5187 5189 5188
f 5188 5189 5190
f 5188 5190 5168
f 5189 5165 5191
f 5189 5191 5190
f 5190 5191 5192
f 5190 5192 5168
f 5191 5165 5193
f 5191 5193 5192
f 5192 5193 5194
f 5192 5194 5168
f 5193 5165 5195
f 5193 5195 5194
f 5194 5195 5196
f 5194 5196 5168
f 5195 5165 5197
f 5195 5197 5196
f 5196 5197 5198
f 5196 5198 5168
f 5197 5165 5166
f 5197 5166 5198
f 5198 5166 5167
f 5198 5167 5168

o SHRUB_3
v 5.65000000 15.00000000 0.00500000
v 5.87000000 15.00000000 0.00500000
v 5.87000000 15.00000000 0.55500000
v 5.65000000 15.00000000 0.55500000
v 5.85325350 15.08419036 0.00500000
v 5.85325350 15.08419036 0.55500000
v 5.80556349 15.15556349 0.00500000
v 5.80556349 15.15556349 0.55500000
v 5.73419036 15.20325350 0.00500000
v 5.73419036 15.20325350 0.55500000
v 5.65000000 15.22000000 0.00500000
v 5.65000000 15.22000000 0.55500000
v 5.56580964 15.20325350 0.00500000
v 5.56580964 15.20325350 0.55500000
v 5.49443651 15.15556349 0.00500000
v 5.49443651 15.15556349 0.55500000
v 5.44674650 15.08419036 0.00500000
v 5.44674650 15.08419036 0.55500000
v 5.43000000 15.00000000 0.00500000
v 5.43000000 15.00000000 0.55500000
v 5.44674650 14.91580964 0.00500000
v 5.44674650 14.91580964 0.55500000
v 5.49443651 14.84443651 0.00500000
v 5.49443651 14.84443651 0.55500000
v 5.56580964 14.79674650 0.00500000
v 5.56580964 14.79674650 0.55500000
v 5.65000000 14.78000000 0.00500000
v 5.65000000 14.78000000 0.55500000
v 5.73419036 14.79674650 0.00500000
v 5.73419036 14.79674650 0.55500000
v 5.80556349 14.84443651 0.00500000
v 5.80556349 14.84443651 0.55500000
v 5.85325350 14.91580964 0.00500000
v 5.85325350 14.91580964 0.55500000
f 5200 5199 5203
f 5200 5203 5201
f 5201 5203 5204
f 5201 5204 5202
f 5203 5199 5205
f 5203 5205 5204
f 5204 5205 5206
f 5204 5206 5202
f 5205 5199 5207
f 5205 5207 5206
f 5206 5207 5208
f 5206 5208 5202
f 5207 5199 5209
f 5207 5209 5208
f 5208 5209 5210
f 5208 5210 5202
f 5209 5199 5211
f 5209 5211 5210
f 5210 5211 5212
f 5210 5212 5202
f 5211 5199 5213
f 5211 5213 5212
f 5212 5213 5214
f 5212 5214 5202
f 5213 5199 5215
f 5213 5215 5214
f 5214 5215 5216
f 5214 5216 5202
f 5215 5199 5217
f 5215 5217 5216
f 5216 5217 5218
f 5216 5218 5202
f 5217 5199 5219
f 5217 5219 5218
f 5218 5219 5220
f 5218 5220 5202
f 5219 5199 5221
f 5219 5221 5220
f 5220 5221 5222
f 5220 5222 5202
f 5221 5199 5223
f 5221 5223 5222
f 5222 5223 5224
f 5222 5224 5202
f 5223 5199 5225
f 5223 5225 5224
f 5224 5225 5226
f 5224 5226 5202
f 5225 5199 5227
f 5225 5227 5226
f 5226 5227 5228
f 5226 5228 5202
f 5227 5199 5229
f 5227 5229 5228
f 5228 5229 5230
f 5228 5230 5202
f 5229 5199 5231
f 5229 5231 5230
f 5230 5231 5232
f 5230 5232 5202
f 5231 5199 5200
f 5231 5200 5232
f 5232 5200 5201
f 5232 5201 5202

o SHRUB_4
v 7.20000000 15.00000000 0.00500000
v 7.42000000 15.00000000 0.00500000
v 7.42000000 15.00000000 0.55500000
v 7.20000000 15.00000000 0.55500000
v 7.40325350 15.08419036 0.00500000
v 7.40325350 15.08419036 0.55500000
v 7.35556349 15.15556349 0.00500000
v 7.35556349 15.15556349 0.55500000
v 7.28419036 15.20325350 0.00500000
v 7.28419036 15.20325350 0.55500000
v 7.20000000 15.22000000 0.00500000
v 7.20000000 15.22000000 0.55500000
v 7.11580964 15.20325350 0.00500000
v 7.11580964 15.20325350 0.55500000
v 7.04443651 15.15556349 0.00500000
v 7.04443651 15.15556349 0.55500000
v 6.99674650 15.08419036 0.00500000
v 6.99674650 15.08419036 0.55500000
v 6.98000000 15.00000000 0.00500000
v 6.98000000 15.00000000 0.55500000
v 6.99674650 14.91580964 0.00500000
v 6.99674650 14.91580964 0.55500000
v 7.04443651 14.84443651 0.00500000
v 7.04443651 14.84443651 0.55500000
v 7.11580964 14.79674650 0.00500000
v 7.11580964 14.79674650 0.55500000
v 7.20000000 14.78000000 0.00500000
v 7.20000000 14.78000000 0.55500000
v 7.28419036 14.79674650 0.00500000
v 7.28419036 14.79674650 0.55500000
v 7.35556349 14.84443651 0.00500000
v 7.35556349 14.84443651 0.55500000
v 7.40325350 14.91580964 0.00500000
v 7.40325350 14.91580964 0.55500000
f 5234 5233 5237
f 5234 5237 5235
f 5235 5237 5238
f 5235 5238 5236
f 5237 5233 5239
f 5237 5239 5238
f 5238 5239 5240
f 5238 5240 5236
f 5239 5233 5241
f 5239 5241 5240
f 5240 5241 5242
f 5240 5242 5236
f 5241 5233 5243
f 5241 5243 5242
f 5242 5243 5244
f 5242 5244 5236
f 5243 5233 5245
f 5243 5245 5244
f 5244 5245 5246
f 5244 5246 5236
f 5245 5233 5247
f 5245 5247 5246
f 5246 5247 5248
f 5246 5248 5236
f 5247 5233 5249
f 5247 5249 5248
f 5248 5249 5250
f 5248 5250 5236
f 5249 5233 5251
f 5249 5251 5250
f 5250 5251 5252
f 5250 5252 5236
f 5251 5233 5253
f 5251 5253 5252
f 5252 5253 5254
f 5252 5254 5236
f 5253 5233 5255
f 5253 5255 5254
f 5254 5255 5256
f 5254 5256 5236
f 5255 5233 5257
f 5255 5257 5256
f 5256 5257 5258
f 5256 5258 5236
f 5257 5233 5259
f 5257 5259 5258
f 5258 5259 5260
f 5258 5260 5236
f 5259 5233 5261
f 5259 5261 5260
f 5260 5261 5262
f 5260 5262 5236
f 5261 5233 5263
f 5261 5263 5262
f 5262 5263 5264
f 5262 5264 5236
f 5263 5233 5265
f 5263 5265 5264
f 5264 5265 5266
f 5264 5266 5236
f 5265 5233 5234
f 5265 5234 5266
f 5266 5234 5235
f 5266 5235 5236

o SHRUB_5
v 8.75000000 15.00000000 0.00500000
v 8.97000000 15.00000000 0.00500000
v 8.97000000 15.00000000 0.55500000
v 8.75000000 15.00000000 0.55500000
v 8.95325350 15.08419036 0.00500000
v 8.95325350 15.08419036 0.55500000
v 8.90556349 15.15556349 0.00500000
v 8.90556349 15.15556349 0.55500000
v 8.83419036 15.20325350 0.00500000
v 8.83419036 15.20325350 0.55500000
v 8.75000000 15.22000000 0.00500000
v 8.75000000 15.22000000 0.55500000
v 8.66580964 15.20325350 0.00500000
v 8.66580964 15.20325350 0.55500000
v 8.59443651 15.15556349 0.00500000
v 8.59443651 15.15556349 0.55500000
v 8.54674650 15.08419036 0.00500000
v 8.54674650 15.08419036 0.55500000
v 8.53000000 15.00000000 0.00500000
v 8.53000000 15.00000000 0.55500000
v 8.54674650 14.91580964 0.00500000
v 8.54674650 14.91580964 0.55500000
v 8.59443651 14.84443651 0.00500000
v 8.59443651 14.84443651 0.55500000
v 8.66580964 14.79674650 0.00500000
v 8.66580964 14.79674650 0.55500000
v 8.75000000 14.78000000 0.00500000
v 8.75000000 14.78000000 0.55500000
v 8.83419036 14.79674650 0.00500000
v 8.83419036 14.79674650 0.55500000
v 8.90556349 14.84443651 0.00500000
v 8.90556349 14.84443651 0.55500000
v 8.95325350 14.91580964 0.00500000
v 8.95325350 14.91580964 0.55500000
f 5268 5267 5271
f 5268 5271 5269
f 5269 5271 5272
f 5269 5272 5270
f 5271 5267 5273
f 5271 5273 5272
f 5272 5273 5274
f 5272 5274 5270
f 5273 5267 5275
f 5273 5275 5274
f 5274 5275 5276
f 5274 5276 5270
f 5275 5267 5277
f 5275 5277 5276
f 5276 5277 5278
f 5276 5278 5270
f 5277 5267 5279
f 5277 5279 5278
f 5278 5279 5280
f 5278 5280 5270
f 5279 5267 5281
f 5279 5281 5280
f 5280 5281 5282
f 5280 5282 5270
f 5281 5267 5283
f 5281 5283 5282
f 5282 5283 5284
f 5282 5284 5270
f 5283 5267 5285
f 5283 5285 5284
f 5284 5285 5286
f 5284 5286 5270
f 5285 5267 5287
f 5285 5287 5286
f 5286 5287 5288
f 5286 5288 5270
f 5287 5267 5289
f 5287 5289 5288
f 5288 5289 5290
f 5288 5290 5270
f 5289 5267 5291
f 5289 5291 5290
f 5290 5291 5292
f 5290 5292 5270
f 5291 5267 5293
f 5291 5293 5292
f 5292 5293 5294
f 5292 5294 5270
f 5293 5267 5295
f 5293 5295 5294
f 5294 5295 5296
f 5294 5296 5270
f 5295 5267 5297
f 5295 5297 5296
f 5296 5297 5298
f 5296 5298 5270
f 5297 5267 5299
f 5297 5299 5298
f 5298 5299 5300
f 5298 5300 5270
f 5299 5267 5268
f 5299 5268 5300
f 5300 5268 5269
f 5300 5269 5270

o SHRUB_6
v 10.30000000 15.00000000 0.00500000
v 10.52000000 15.00000000 0.00500000
v 10.52000000 15.00000000 0.55500000
v 10.30000000 15.00000000 0.55500000
v 10.50325350 15.08419036 0.00500000
v 10.50325350 15.08419036 0.55500000
v 10.45556349 15.15556349 0.00500000
v 10.45556349 15.15556349 0.55500000
v 10.38419036 15.20325350 0.00500000
v 10.38419036 15.20325350 0.55500000
v 10.30000000 15.22000000 0.00500000
v 10.30000000 15.22000000 0.55500000
v 10.21580964 15.20325350 0.00500000
v 10.21580964 15.20325350 0.55500000
v 10.14443651 15.15556349 0.00500000
v 10.14443651 15.15556349 0.55500000
v 10.09674650 15.08419036 0.00500000
v 10.09674650 15.08419036 0.55500000
v 10.08000000 15.00000000 0.00500000
v 10.08000000 15.00000000 0.55500000
v 10.09674650 14.91580964 0.00500000
v 10.09674650 14.91580964 0.55500000
v 10.14443651 14.84443651 0.00500000
v 10.14443651 14.84443651 0.55500000
v 10.21580964 14.79674650 0.00500000
v 10.21580964 14.79674650 0.55500000
v 10.30000000 14.78000000 0.00500000
v 10.30000000 14.78000000 0.55500000
v 10.38419036 14.79674650 0.00500000
v 10.38419036 14.79674650 0.55500000
v 10.45556349 14.84443651 0.00500000
v 10.45556349 14.84443651 0.55500000
v 10.50325350 14.91580964 0.00500000
v 10.50325350 14.91580964 0.55500000
f 5302 5301 5305
f 5302 5305 5303
f 5303 5305 5306
f 5303 5306 5304
f 5305 5301 5307
f 5305 5307 5306
f 5306 5307 5308
f 5306 5308 5304
f 5307 5301 5309
f 5307 5309 5308
f 5308 5309 5310
f 5308 5310 5304
f 5309 5301 5311
f 5309 5311 5310
f 5310 5311 5312
f 5310 5312 5304
f 5311 5301 5313
f 5311 5313 5312
f 5312 5313 5314
f 5312 5314 5304
f 5313 5301 5315
f 5313 5315 5314
f 5314 5315 5316
f 5314 5316 5304
f 5315 5301 5317
f 5315 5317 5316
f 5316 5317 5318
f 5316 5318 5304
f 5317 5301 5319
f 5317 5319 5318
f 5318 5319 5320
f 5318 5320 5304
f 5319 5301 5321
f 5319 5321 5320
f 5320 5321 5322
f 5320 5322 5304
f 5321 5301 5323
f 5321 5323 5322
f 5322 5323 5324
f 5322 5324 5304
f 5323 5301 5325
f 5323 5325 5324
f 5324 5325 5326
f 5324 5326 5304
f 5325 5301 5327
f 5325 5327 5326
f 5326 5327 5328
f 5326 5328 5304
f 5327 5301 5329
f 5327 5329 5328
f 5328 5329 5330
f 5328 5330 5304
f 5329 5301 5331
f 5329 5331 5330
f 5330 5331 5332
f 5330 5332 5304
f 5331 5301 5333
f 5331 5333 5332
f 5332 5333 5334
f 5332 5334 5304
f 5333 5301 5302
f 5333 5302 5334
f 5334 5302 5303
f 5334 5303 5304

o SHRUB_7
v 11.85000000 15.00000000 0.00500000
v 12.07000000 15.00000000 0.00500000
v 12.07000000 15.00000000 0.55500000
v 11.85000000 15.00000000 0.55500000
v 12.05325350 15.08419036 0.00500000
v 12.05325350 15.08419036 0.55500000
v 12.00556349 15.15556349 0.00500000
v 12.00556349 15.15556349 0.55500000
v 11.93419036 15.20325350 0.00500000
v 11.93419036 15.20325350 0.55500000
v 11.85000000 15.22000000 0.00500000
v 11.85000000 15.22000000 0.55500000
v 11.76580964 15.20325350 0.00500000
v 11.76580964 15.20325350 0.55500000
v 11.69443651 15.15556349 0.00500000
v 11.69443651 15.15556349 0.55500000
v 11.64674650 15.08419036 0.00500000
v 11.64674650 15.08419036 0.55500000
v 11.63000000 15.00000000 0.00500000
v 11.63000000 15.00000000 0.55500000
v 11.64674650 14.91580964 0.00500000
v 11.64674650 14.91580964 0.55500000
v 11.69443651 14.84443651 0.00500000
v 11.69443651 14.84443651 0.55500000
v 11.76580964 14.79674650 0.00500000
v 11.76580964 14.79674650 0.55500000
v 11.85000000 14.78000000 0.00500000
v 11.85000000 14.78000000 0.55500000
v 11.93419036 14.79674650 0.00500000
v 11.93419036 14.79674650 0.55500000
v 12.00556349 14.84443651 0.00500000
v 12.00556349 14.84443651 0.55500000
v 12.05325350 14.91580964 0.00500000
v 12.05325350 14.91580964 0.55500000
f 5336 5335 5339
f 5336 5339 5337
f 5337 5339 5340
f 5337 5340 5338
f 5339 5335 5341
f 5339 5341 5340
f 5340 5341 5342
f 5340 5342 5338
f 5341 5335 5343
f 5341 5343 5342
f 5342 5343 5344
f 5342 5344 5338
f 5343 5335 5345
f 5343 5345 5344
f 5344 5345 5346
f 5344 5346 5338
f 5345 5335 5347
f 5345 5347 5346
f 5346 5347 5348
f 5346 5348 5338
f 5347 5335 5349
f 5347 5349 5348
f 5348 5349 5350
f 5348 5350 5338
f 5349 5335 5351
f 5349 5351 5350
f 5350 5351 5352
f 5350 5352 5338
f 5351 5335 5353
f 5351 5353 5352
f 5352 5353 5354
f 5352 5354 5338
f 5353 5335 5355
f 5353 5355 5354
f 5354 5355 5356
f 5354 5356 5338
f 5355 5335 5357
f 5355 5357 5356
f 5356 5357 5358
f 5356 5358 5338
f 5357 5335 5359
f 5357 5359 5358
f 5358 5359 5360
f 5358 5360 5338
f 5359 5335 5361
f 5359 5361 5360
f 5360 5361 5362
f 5360 5362 5338
f 5361 5335 5363
f 5361 5363 5362
f 5362 5363 5364
f 5362 5364 5338
f 5363 5335 5365
f 5363 5365 5364
f 5364 5365 5366
f 5364 5366 5338
f 5365 5335 5367
f 5365 5367 5366
f 5366 5367 5368
f 5366 5368 5338
f 5367 5335 5336
f 5367 5336 5368
f 5368 5336 5337
f 5368 5337 5338

o SHRUB_8
v 13.40000000 15.00000000 0.00500000
v 13.62000000 15.00000000 0.00500000
v 13.62000000 15.00000000 0.55500000
v 13.40000000 15.00000000 0.55500000
v 13.60325350 15.08419036 0.00500000
v 13.60325350 15.08419036 0.55500000
v 13.55556349 15.15556349 0.00500000
v 13.55556349 15.15556349 0.55500000
v 13.48419036 15.20325350 0.00500000
v 13.48419036 15.20325350 0.55500000
v 13.40000000 15.22000000 0.00500000
v 13.40000000 15.22000000 0.55500000
v 13.31580964 15.20325350 0.00500000
v 13.31580964 15.20325350 0.55500000
v 13.24443651 15.15556349 0.00500000
v 13.24443651 15.15556349 0.55500000
v 13.19674650 15.08419036 0.00500000
v 13.19674650 15.08419036 0.55500000
v 13.18000000 15.00000000 0.00500000
v 13.18000000 15.00000000 0.55500000
v 13.19674650 14.91580964 0.00500000
v 13.19674650 14.91580964 0.55500000
v 13.24443651 14.84443651 0.00500000
v 13.24443651 14.84443651 0.55500000
v 13.31580964 14.79674650 0.00500000
v 13.31580964 14.79674650 0.55500000
v 13.40000000 14.78000000 0.00500000
v 13.40000000 14.78000000 0.55500000
v 13.48419036 14.79674650 0.00500000
v 13.48419036 14.79674650 0.55500000
v 13.55556349 14.84443651 0.00500000
v 13.55556349 14.84443651 0.55500000
v 13.60325350 14.91580964 0.00500000
v 13.60325350 14.91580964 0.55500000
f 5370 5369 5373
f 5370 5373 5371
f 5371 5373 5374
f 5371 5374 5372
f 5373 5369 5375
f 5373 5375 5374
f 5374 5375 5376
f 5374 5376 5372
f 5375 5369 5377
f 5375 5377 5376
f 5376 5377 5378
f 5376 5378 5372
f 5377 5369 5379
f 5377 5379 5378
f 5378 5379 5380
f 5378 5380 5372
f 5379 5369 5381
f 5379 5381 5380
f 5380 5381 5382
f 5380 5382 5372
f 5381 5369 5383
f 5381 5383 5382
f 5382 5383 5384
f 5382 5384 5372
f 5383 5369 5385
f 5383 5385 5384
f 5384 5385 5386
f 5384 5386 5372
f 5385 5369 5387
f 5385 5387 5386
f 5386 5387 5388
f 5386 5388 5372
f 5387 5369 5389
f 5387 5389 5388
f 5388 5389 5390
f 5388 5390 5372
f 5389 5369 5391
f 5389 5391 5390
f 5390 5391 5392
f 5390 5392 5372
f 5391 5369 5393
f 5391 5393 5392
f 5392 5393 5394
f 5392 5394 5372
f 5393 5369 5395
f 5393 5395 5394
f 5394 5395 5396
f 5394 5396 5372
f 5395 5369 5397
f 5395 5397 5396
f 5396 5397 5398
f 5396 5398 5372
f 5397 5369 5399
f 5397 5399 5398
f 5398 5399 5400
f 5398 5400 5372
f 5399 5369 5401
f 5399 5401 5400
f 5400 5401 5402
f 5400 5402 5372
f 5401 5369 5370
f 5401 5370 5402
f 5402 5370 5371
f 5402 5371 5372

o SHRUB_9
v 1.00000000 15.80000000 0.00500000
v 1.22000000 15.80000000 0.00500000
v 1.22000000 15.80000000 0.55500000
v 1.00000000 15.80000000 0.55500000
v 1.20325350 15.88419036 0.00500000
v 1.20325350 15.88419036 0.55500000
v 1.15556349 15.95556349 0.00500000
v 1.15556349 15.95556349 0.55500000
v 1.08419036 16.00325350 0.00500000
v 1.08419036 16.00325350 0.55500000
v 1.00000000 16.02000000 0.00500000
v 1.00000000 16.02000000 0.55500000
v 0.91580964 16.00325350 0.00500000
v 0.91580964 16.00325350 0.55500000
v 0.84443651 15.95556349 0.00500000
v 0.84443651 15.95556349 0.55500000
v 0.79674650 15.88419036 0.00500000
v 0.79674650 15.88419036 0.55500000
v 0.78000000 15.80000000 0.00500000
v 0.78000000 15.80000000 0.55500000
v 0.79674650 15.71580964 0.00500000
v 0.79674650 15.71580964 0.55500000
v 0.84443651 15.64443651 0.00500000
v 0.84443651 15.64443651 0.55500000
v 0.91580964 15.59674650 0.00500000
v 0.91580964 15.59674650 0.55500000
v 1.00000000 15.58000000 0.00500000
v 1.00000000 15.58000000 0.55500000
v 1.08419036 15.59674650 0.00500000
v 1.08419036 15.59674650 0.55500000
v 1.15556349 15.64443651 0.00500000
v 1.15556349 15.64443651 0.55500000
v 1.20325350 15.71580964 0.00500000
v 1.20325350 15.71580964 0.55500000
f 5404 5403 5407
f 5404 5407 5405
f 5405 5407 5408
f 5405 5408 5406
f 5407 5403 5409
f 5407 5409 5408
f 5408 5409 5410
f 5408 5410 5406
f 5409 5403 5411
f 5409 5411 5410
f 5410 5411 5412
f 5410 5412 5406
f 5411 5403 5413
f 5411 5413 5412
f 5412 5413 5414
f 5412 5414 5406
f 5413 5403 5415
f 5413 5415 5414
f 5414 5415 5416
f 5414 5416 5406
f 5415 5403 5417
f 5415 5417 5416
f 5416 5417 5418
f 5416 5418 5406
f 5417 5403 5419
f 5417 5419 5418
f 5418 5419 5420
f 5418 5420 5406
f 5419 5403 5421
f 5419 5421 5420
f 5420 5421 5422
f 5420 5422 5406
f 5421 5403 5423
f 5421 5423 5422
f 5422 5423 5424
f 5422 5424 5406
f 5423 5403 5425
f 5423 5425 5424
f 5424 5425 5426
f 5424 5426 5406
f 5425 5403 5427
f 5425 5427 5426
f 5426 5427 5428
f 5426 5428 5406
f 5427 5403 5429
f 5427 5429 5428
f 5428 5429 5430
f 5428 5430 5406
f 5429 5403 5431
f 5429 5431 5430
f 5430 5431 5432
f 5430 5432 5406
f 5431 5403 5433
f 5431 5433 5432
f 5432 5433 5434
f 5432 5434 5406
f 5433 5403 5435
f 5433 5435 5434
f 5434 5435 5436
f 5434 5436 5406
f 5435 5403 5404
f 5435 5404 5436
f 5436 5404 5405
f 5436 5405 5406

o SHRUB_10
v 2.55000000 15.80000000 0.00500000
v 2.77000000 15.80000000 0.00500000
v 2.77000000 15.80000000 0.55500000
v 2.55000000 15.80000000 0.55500000
v 2.75325350 15.88419036 0.00500000
v 2.75325350 15.88419036 0.55500000
v 2.70556349 15.95556349 0.00500000
v 2.70556349 15.95556349 0.55500000
v 2.63419036 16.00325350 0.00500000
v 2.63419036 16.00325350 0.55500000
v 2.55000000 16.02000000 0.00500000
v 2.55000000 16.02000000 0.55500000
v 2.46580964 16.00325350 0.00500000
v 2.46580964 16.00325350 0.55500000
v 2.39443651 15.95556349 0.00500000
v 2.39443651 15.95556349 0.55500000
v 2.34674650 15.88419036 0.00500000
v 2.34674650 15.88419036 0.55500000
v 2.33000000 15.80000000 0.00500000
v 2.33000000 15.80000000 0.55500000
v 2.34674650 15.71580964 0.00500000
v 2.34674650 15.71580964 0.55500000
v 2.39443651 15.64443651 0.00500000
v 2.39443651 15.64443651 0.55500000
v 2.46580964 15.59674650 0.00500000
v 2.46580964 15.59674650 0.55500000
v 2.55000000 15.58000000 0.00500000
v 2.55000000 15.58000000 0.55500000
v 2.63419036 15.59674650 0.00500000
v 2.63419036 15.59674650 0.55500000
v 2.70556349 15.64443651 0.00500000
v 2.70556349 15.64443651 0.55500000
v 2.75325350 15.71580964 0.00500000
v 2.75325350 15.71580964 0.55500000
f 5438 5437 5441
f 5438 5441 5439
f 5439 5441 5442
f 5439 5442 5440
f 5441 5437 5443
f 5441 5443 5442
f 5442 5443 5444
f 5442 5444 5440
f 5443 5437 5445
f 5443 5445 5444
f 5444 5445 5446
f 5444 5446 5440
f 5445 5437 5447
f 5445 5447 5446
f 5446 5447 5448
f 5446 5448 5440
f 5447 5437 5449
f 5447 5449 5448
f 5448 5449 5450
f 5448 5450 5440
f 5449 5437 5451
f 5449 5451 5450
f 5450 5451 5452
f 5450 5452 5440
f 5451 5437 5453
f 5451 5453 5452
f 5452 5453 5454
f 5452 5454 5440
f 5453 5437 5455
f 5453 5455 5454
f 5454 5455 5456
f 5454 5456 5440
f 5455 5437 5457
f 5455 5457 5456
f 5456 5457 5458
f 5456 5458 5440
f 5457 5437 5459
f 5457 5459 5458
f 5458 5459 5460
f 5458 5460 5440
f 5459 5437 5461
f 5459 5461 5460
f 5460 5461 5462
f 5460 5462 5440
f 5461 5437 5463
f 5461 5463 5462
f 5462 5463 5464
f 5462 5464 5440
f 5463 5437 5465
f 5463 5465 5464
f 5464 5465 5466
f 5464 5466 5440
f 5465 5437 5467
f 5465 5467 5466
f 5466 5467 5468
f 5466 5468 5440
f 5467 5437 5469
f 5467 5469 5468
f 5468 5469 5470
f 5468 5470 5440
f 5469 5437 5438
f 5469 5438 5470
f 5470 5438 5439
f 5470 5439 5440

o SHRUB_11
v 4.10000000 15.80000000 0.00500000
v 4.32000000 15.80000000 0.00500000
v 4.32000000 15.80000000 0.55500000
v 4.10000000 15.80000000 0.55500000
v 4.30325350 15.88419036 0.00500000
v 4.30325350 15.88419036 0.55500000
v 4.25556349 15.95556349 0.00500000
v 4.25556349 15.95556349 0.55500000
v 4.18419036 16.00325350 0.00500000
v 4.18419036 16.00325350 0.55500000
v 4.10000000 16.02000000 0.00500000
v 4.10000000 16.02000000 0.55500000
v 4.01580964 16.00325350 0.00500000
v 4.01580964 16.00325350 0.55500000
v 3.94443651 15.95556349 0.00500000
v 3.94443651 15.95556349 0.55500000
v 3.89674650 15.88419036 0.00500000
v 3.89674650 15.88419036 0.55500000
v 3.88000000 15.80000000 0.00500000
v 3.88000000 15.80000000 0.55500000
v 3.89674650 15.71580964 0.00500000
v 3.89674650 15.71580964 0.55500000
v 3.94443651 15.64443651 0.00500000
v 3.94443651 15.64443651 0.55500000
v 4.01580964 15.59674650 0.00500000
v 4.01580964 15.59674650 0.55500000
v 4.10000000 15.58000000 0.00500000
v 4.10000000 15.58000000 0.55500000
v 4.18419036 15.59674650 0.00500000
v 4.18419036 15.59674650 0.55500000
v 4.25556349 15.64443651 0.00500000
v 4.25556349 15.64443651 0.55500000
v 4.30325350 15.71580964 0.00500000
v 4.30325350 15.71580964 0.55500000
f 5472 5471 5475
f 5472 5475 5473
f 5473 5475 5476
f 5473 5476 5474
f 5475 5471 5477
f 5475 5477 5476
f 5476 5477 5478
f 5476 5478 5474
f 5477 5471 5479
f 5477 5479 5478
f 5478 5479 5480
f 5478 5480 5474
f 5479 5471 5481
f 5479 5481 5480
f 5480 5481 5482
f 5480 5482 5474
f 5481 5471 5483
f 5481 5483 5482
f 5482 5483 5484
f 5482 5484 5474
f 5483 5471 5485
f 5483 5485 5484
f 5484 5485 5486
f 5484 5486 5474
f 5485 5471 5487
f 5485 5487 5486
f 5486 5487 5488
f 5486 5488 5474
f 5487 5471 5489
f 5487 5489 5488
f 5488 5489 5490
f 5488 5490 5474
f 5489 5471 5491
f 5489 5491 5490
f 5490 5491 5492
f 5490 5492 5474
f 5491 5471 5493
f 5491 5493 5492
f 5492 5493 5494
f 5492 5494 5474
f 5493 5471 5495
f 5493 5495 5494
f 5494 5495 5496
f 5494 5496 5474
f 5495 5471 5497
f 5495 5497 5496
f 5496 5497 5498
f 5496 5498 5474
f 5497 5471 5499
f 5497 5499 5498
f 5498 5499 5500
f 5498 5500 5474
f 5499 5471 5501
f 5499 5501 5500
f 5500 5501 5502
f 5500 5502 5474
f 5501 5471 5503
f 5501 5503 5502
f 5502 5503 5504
f 5502 5504 5474
f 5503 5471 5472
f 5503 5472 5504
f 5504 5472 5473
f 5504 5473 5474

o SHRUB_12
v 5.65000000 15.80000000 0.00500000
v 5.87000000 15.80000000 0.00500000
v 5.87000000 15.80000000 0.55500000
v 5.65000000 15.80000000 0.55500000
v 5.85325350 15.88419036 0.00500000
v 5.85325350 15.88419036 0.55500000
v 5.80556349 15.95556349 0.00500000
v 5.80556349 15.95556349 0.55500000
v 5.73419036 16.00325350 0.00500000
v 5.73419036 16.00325350 0.55500000
v 5.65000000 16.02000000 0.00500000
v 5.65000000 16.02000000 0.55500000
v 5.56580964 16.00325350 0.00500000
v 5.56580964 16.00325350 0.55500000
v 5.49443651 15.95556349 0.00500000
v 5.49443651 15.95556349 0.55500000
v 5.44674650 15.88419036 0.00500000
v 5.44674650 15.88419036 0.55500000
v 5.43000000 15.80000000 0.00500000
v 5.43000000 15.80000000 0.55500000
v 5.44674650 15.71580964 0.00500000
v 5.44674650 15.71580964 0.55500000
v 5.49443651 15.64443651 0.00500000
v 5.49443651 15.64443651 0.55500000
v 5.56580964 15.59674650 0.00500000
v 5.56580964 15.59674650 0.55500000
v 5.65000000 15.58000000 0.00500000
v 5.65000000 15.58000000 0.55500000
v 5.73419036 15.59674650 0.00500000
v 5.73419036 15.59674650 0.55500000
v 5.80556349 15.64443651 0.00500000
v 5.80556349 15.64443651 0.55500000
v 5.85325350 15.71580964 0.00500000
v 5.85325350 15.71580964 0.55500000
f 5506 5505 5509
f 5506 5509 5507
f 5507 5509 5510
f 5507 5510 5508
f 5509 5505 5511
f 5509 5511 5510
f 5510 5511 5512
f 5510 5512 5508
f 5511 5505 5513
f 5511 5513 5512
f 5512 5513 5514
f 5512 5514 5508
f 5513 5505 5515
f 5513 5515 5514
f 5514 5515 5516
f 5514 5516 5508
f 5515 5505 5517
f 5515 5517 5516
f 5516 5517 5518
f 5516 5518 5508
f 5517 5505 5519
f 5517 5519 5518
f 5518 5519 5520
f 5518 5520 5508
f 5519 5505 5521
f 5519 5521 5520
f 5520 5521 5522
f 5520 5522 5508
f 5521 5505 5523
f 5521 5523 5522
f 5522 5523 5524
f 5522 5524 5508
f 5523 5505 5525
f 5523 5525 5524
f 5524 5525 5526
f 5524 5526 5508
f 5525 5505 5527
f 5525 5527 5526
f 5526 5527 5528
f 5526 5528 5508
f 5527 5505 5529
f 5527 5529 5528
f 5528 5529 5530
f 5528 5530 5508
f 5529 5505 5531
f 5529 5531 5530
f 5530 5531 5532
f 5530 5532 5508
f 5531 5505 5533
f 5531 5533 5532
f 5532 5533 5534
f 5532 5534 5508
f 5533 5505 5535
f 5533 5535 5534
f 5534 5535 5536
f 5534 5536 5508
f 5535 5505 5537
f 5535 5537 5536
f 5536 5537 5538
f 5536 5538 5508
f 5537 5505 5506
f 5537 5506 5538
f 5538 5506 5507
f 5538 5507 5508

o SHRUB_13
v 7.20000000 15.80000000 0.00500000
v 7.42000000 15.80000000 0.00500000
v 7.42000000 15.80000000 0.55500000
v 7.20000000 15.80000000 0.55500000
v 7.40325350 15.88419036 0.00500000
v 7.40325350 15.88419036 0.55500000
v 7.35556349 15.95556349 0.00500000
v 7.35556349 15.95556349 0.55500000
v 7.28419036 16.00325350 0.00500000
v 7.28419036 16.00325350 0.55500000
v 7.20000000 16.02000000 0.00500000
v 7.20000000 16.02000000 0.55500000
v 7.11580964 16.00325350 0.00500000
v 7.11580964 16.00325350 0.55500000
v 7.04443651 15.95556349 0.00500000
v 7.04443651 15.95556349 0.55500000
v 6.99674650 15.88419036 0.00500000
v 6.99674650 15.88419036 0.55500000
v 6.98000000 15.80000000 0.00500000
v 6.98000000 15.80000000 0.55500000
v 6.99674650 15.71580964 0.00500000
v 6.99674650 15.71580964 0.55500000
v 7.04443651 15.64443651 0.00500000
v 7.04443651 15.64443651 0.55500000
v 7.11580964 15.59674650 0.00500000
v 7.11580964 15.59674650 0.55500000
v 7.20000000 15.58000000 0.00500000
v 7.20000000 15.58000000 0.55500000
v 7.28419036 15.59674650 0.00500000
v 7.28419036 15.59674650 0.55500000
v 7.35556349 15.64443651 0.00500000
v 7.35556349 15.64443651 0.55500000
v 7.40325350 15.71580964 0.00500000
v 7.40325350 15.71580964 0.55500000
f 5540 5539 5543
f 5540 5543 5541
f 5541 5543 5544
f 5541 5544 5542
f 5543 5539 5545
f 5543 5545 5544
f 5544 5545 5546
f 5544 5546 5542
f 5545 5539 5547
f 5545 5547 5546
f 5546 5547 5548
f 5546 5548 5542
f 5547 5539 5549
f 5547 5549 5548
f 5548 5549 5550
f 5548 5550 5542
f 5549 5539 5551
f 5549 5551 5550
f 5550 5551 5552
f 5550 5552 5542
f 5551 5539 5553
f 5551 5553 5552
f 5552 5553 5554
f 5552 5554 5542
f 5553 5539 5555
f 5553 5555 5554
f 5554 5555 5556
f 5554 5556 5542
f 5555 5539 5557
f 5555 5557 5556
f 5556 5557 5558
f 5556 5558 5542
f 5557 5539 5559
f 5557 5559 5558
f 5558 5559 5560
f 5558 5560 5542
f 5559 5539 5561
f 5559 5561 5560
f 5560 5561 5562
f 5560 5562 5542
f 5561 5539 5563
f 5561 5563 5562
f 5562 5563 5564
f 5562 5564 5542
f 5563 5539 5565
f 5563 5565 5564
f 5564 5565 5566
f 5564 5566 5542
f 5565 5539 5567
f 5565 5567 5566
f 5566 5567 5568
f 5566 5568 5542
f 5567 5539 5569
f 5567 5569 5568
f 5568 5569 5570
f 5568 5570 5542
f 5569 5539 5571
f 5569 5571 5570
f 5570 5571 5572
f 5570 5572 5542
f 5571 5539 5540
f 5571 5540 5572
f 5572 5540 5541
f 5572 5541 5542

o SHRUB_14
v 8.75000000 15.80000000 0.00500000
v 8.97000000 15.80000000 0.00500000
v 8.97000000 15.80000000 0.55500000
v 8.75000000 15.80000000 0.55500000
v 8.95325350 15.88419036 0.00500000
v 8.95325350 15.88419036 0.55500000
v 8.90556349 15.95556349 0.00500000
v 8.90556349 15.95556349 0.55500000
v 8.83419036 16.00325350 0.00500000
v 8.83419036 16.00325350 0.55500000
v 8.75000000 16.02000000 0.00500000
v 8.75000000 16.02000000 0.55500000
v 8.66580964 16.00325350 0.00500000
v 8.66580964 16.00325350 0.55500000
v 8.59443651 15.95556349 0.00500000
v 8.59443651 15.95556349 0.55500000
v 8.54674650 15.88419036 0.00500000
v 8.54674650 15.88419036 0.55500000
v 8.53000000 15.80000000 0.00500000
v 8.53000000 15.80000000 0.55500000
v 8.54674650 15.71580964 0.00500000
v 8.54674650 15.71580964 0.55500000
v 8.59443651 15.64443651 0.00500000
v 8.59443651 15.64443651 0.55500000
v 8.66580964 15.59674650 0.00500000
v 8.66580964 15.59674650 0.55500000
v 8.75000000 15.58000000 0.00500000
v 8.75000000 15.58000000 0.55500000
v 8.83419036 15.59674650 0.00500000
v 8.83419036 15.59674650 0.55500000
v 8.90556349 15.64443651 0.00500000
v 8.90556349 15.64443651 0.55500000
v 8.95325350 15.71580964 0.00500000
v 8.95325350 15.71580964 0.55500000
f 5574 5573 5577
f 5574 5577 5575
f 5575 5577 5578
f 5575 5578 5576
f 5577 5573 5579
f 5577 5579 5578
f 5578 5579 5580
f 5578 5580 5576
f 5579 5573 5581
f 5579 5581 5580
f 5580 5581 5582
f 5580 5582 5576
f 5581 5573 5583
f 5581 5583 5582
f 5582 5583 5584
f 5582 5584 5576
f 5583 5573 5585
f 5583 5585 5584
f 5584 5585 5586
f 5584 5586 5576
f 5585 5573 5587
f 5585 5587 5586
f 5586 5587 5588
f 5586 5588 5576
f 5587 5573 5589
f 5587 5589 5588
f 5588 5589 5590
f 5588 5590 5576
f 5589 5573 5591
f 5589 5591 5590
f 5590 5591 5592
f 5590 5592 5576
f 5591 5573 5593
f 5591 5593 5592
f 5592 5593 5594
f 5592 5594 5576
f 5593 5573 5595
f 5593 5595 5594
f 5594 5595 5596
f 5594 5596 5576
f 5595 5573 5597
f 5595 5597 5596
f 5596 5597 5598
f 5596 5598 5576
f 5597 5573 5599
f 5597 5599 5598
f 5598 5599 5600
f 5598 5600 5576
f 5599 5573 5601
f 5599 5601 5600
f 5600 5601 5602
f 5600 5602 5576
f 5601 5573 5603
f 5601 5603 5602
f 5602 5603 5604
f 5602 5604 5576
f 5603 5573 5605
f 5603 5605 5604
f 5604 5605 5606
f 5604 5606 5576
f 5605 5573 5574
f 5605 5574 5606
f 5606 5574 5575
f 5606 5575 5576

o SHRUB_15
v 10.30000000 15.80000000 0.00500000
v 10.52000000 15.80000000 0.00500000
v 10.52000000 15.80000000 0.55500000
v 10.30000000 15.80000000 0.55500000
v 10.50325350 15.88419036 0.00500000
v 10.50325350 15.88419036 0.55500000
v 10.45556349 15.95556349 0.00500000
v 10.45556349 15.95556349 0.55500000
v 10.38419036 16.00325350 0.00500000
v 10.38419036 16.00325350 0.55500000
v 10.30000000 16.02000000 0.00500000
v 10.30000000 16.02000000 0.55500000
v 10.21580964 16.00325350 0.00500000
v 10.21580964 16.00325350 0.55500000
v 10.14443651 15.95556349 0.00500000
v 10.14443651 15.95556349 0.55500000
v 10.09674650 15.88419036 0.00500000
v 10.09674650 15.88419036 0.55500000
v 10.08000000 15.80000000 0.00500000
v 10.08000000 15.80000000 0.55500000
v 10.09674650 15.71580964 0.00500000
v 10.09674650 15.71580964 0.55500000
v 10.14443651 15.64443651 0.00500000
v 10.14443651 15.64443651 0.55500000
v 10.21580964 15.59674650 0.00500000
v 10.21580964 15.59674650 0.55500000
v 10.30000000 15.58000000 0.00500000
v 10.30000000 15.58000000 0.55500000
v 10.38419036 15.59674650 0.00500000
v 10.38419036 15.59674650 0.55500000
v 10.45556349 15.64443651 0.00500000
v 10.45556349 15.64443651 0.55500000
v 10.50325350 15.71580964 0.00500000
v 10.50325350 15.71580964 0.55500000
f 5608 5607 5611
f 5608 5611 5609
f 5609 5611 5612
f 5609 5612 5610
f 5611 5607 5613
f 5611 5613 5612
f 5612 5613 5614
f 5612 5614 5610
f 5613 5607 5615
f 5613 5615 5614
f 5614 5615 5616
f 5614 5616 5610
f 5615 5607 5617
f 5615 5617 5616
f 5616 5617 5618
f 5616 5618 5610
f 5617 5607 5619
f 5617 5619 5618
f 5618 5619 5620
f 5618 5620 5610
f 5619 5607 5621
f 5619 5621 5620
f 5620 5621 5622
f 5620 5622 5610
f 5621 5607 5623
f 5621 5623 5622
f 5622 5623 5624
f 5622 5624 5610
f 5623 5607 5625
f 5623 5625 5624
f 5624 5625 5626
f 5624 5626 5610
f 5625 5607 5627
f 5625 5627 5626
f 5626 5627 5628
f 5626 5628 5610
f 5627 5607 5629
f 5627 5629 5628
f 5628 5629 5630
f 5628 5630 5610
f 5629 5607 5631
f 5629 5631 5630
f 5630 5631 5632
f 5630 5632 5610
f 5631 5607 5633
f 5631 5633 5632
f 5632 5633 5634
f 5632 5634 5610
f 5633 5607 5635
f 5633 5635 5634
f 5634 5635 5636
f 5634 5636 5610
f 5635 5607 5637
f 5635 5637 5636
f 5636 5637 5638
f 5636 5638 5610
f 5637 5607 5639
f 5637 5639 5638
f 5638 5639 5640
f 5638 5640 5610
f 5639 5607 5608
f 5639 5608 5640
f 5640 5608 5609
f 5640 5609 5610

o SHRUB_16
v 11.85000000 15.80000000 0.00500000
v 12.07000000 15.80000000 0.00500000
v 12.07000000 15.80000000 0.55500000
v 11.85000000 15.80000000 0.55500000
v 12.05325350 15.88419036 0.00500000
v 12.05325350 15.88419036 0.55500000
v 12.00556349 15.95556349 0.00500000
v 12.00556349 15.95556349 0.55500000
v 11.93419036 16.00325350 0.00500000
v 11.93419036 16.00325350 0.55500000
v 11.85000000 16.02000000 0.00500000
v 11.85000000 16.02000000 0.55500000
v 11.76580964 16.00325350 0.00500000
v 11.76580964 16.00325350 0.55500000
v 11.69443651 15.95556349 0.00500000
v 11.69443651 15.95556349 0.55500000
v 11.64674650 15.88419036 0.00500000
v 11.64674650 15.88419036 0.55500000
v 11.63000000 15.80000000 0.00500000
v 11.63000000 15.80000000 0.55500000
v 11.64674650 15.71580964 0.00500000
v 11.64674650 15.71580964 0.55500000
v 11.69443651 15.64443651 0.00500000
v 11.69443651 15.64443651 0.55500000
v 11.76580964 15.59674650 0.00500000
v 11.76580964 15.59674650 0.55500000
v 11.85000000 15.58000000 0.00500000
v 11.85000000 15.58000000 0.55500000
v 11.93419036 15.59674650 0.00500000
v 11.93419036 15.59674650 0.55500000
v 12.00556349 15.64443651 0.00500000
v 12.00556349 15.64443651 0.55500000
v 12.05325350 15.71580964 0.00500000
v 12.05325350 15.71580964 0.55500000
f 5642 5641 5645
f 5642 5645 5643
f 5643 5645 5646
f 5643 5646 5644
f 5645 5641 5647
f 5645 5647 5646
f 5646 5647 5648
f 5646 5648 5644
f 5647 5641 5649
f 5647 5649 5648
f 5648 5649 5650
f 5648 5650 5644
f 5649 5641 5651
f 5649 5651 5650
f 5650 5651 5652
f 5650 5652 5644
f 5651 5641 5653
f 5651 5653 5652
f 5652 5653 5654
f 5652 5654 5644
f 5653 5641 5655
f 5653 5655 5654
f 5654 5655 5656
f 5654 5656 5644
f 5655 5641 5657
f 5655 5657 5656
f 5656 5657 5658
f 5656 5658 5644
f 5657 5641 5659
f 5657 5659 5658
f 5658 5659 5660
f 5658 5660 5644
f 5659 5641 5661
f 5659 5661 5660
f 5660 5661 5662
f 5660 5662 5644
f 5661 5641 5663
f 5661 5663 5662
f 5662 5663 5664
f 5662 5664 5644
f 5663 5641 5665
f 5663 5665 5664
f 5664 5665 5666
f 5664 5666 5644
f 5665 5641 5667
f 5665 5667 5666
f 5666 5667 5668
f 5666 5668 5644
f 5667 5641 5669
f 5667 5669 5668
f 5668 5669 5670
f 5668 5670 5644
f 5669 5641 5671
f 5669 5671 5670
f 5670 5671 5672
f 5670 5672 5644
f 5671 5641 5673
f 5671 5673 5672
f 5672 5673 5674
f 5672 5674 5644
f 5673 5641 5642
f 5673 5642 5674
f 5674 5642 5643
f 5674 5643 5644

o SHRUB_17
v 13.40000000 15.80000000 0.00500000
v 13.62000000 15.80000000 0.00500000
v 13.62000000 15.80000000 0.55500000
v 13.40000000 15.80000000 0.55500000
v 13.60325350 15.88419036 0.00500000
v 13.60325350 15.88419036 0.55500000
v 13.55556349 15.95556349 0.00500000
v 13.55556349 15.95556349 0.55500000
v 13.48419036 16.00325350 0.00500000
v 13.48419036 16.00325350 0.55500000
v 13.40000000 16.02000000 0.00500000
v 13.40000000 16.02000000 0.55500000
v 13.31580964 16.00325350 0.00500000
v 13.31580964 16.00325350 0.55500000
v 13.24443651 15.95556349 0.00500000
v 13.24443651 15.95556349 0.55500000
v 13.19674650 15.88419036 0.00500000
v 13.19674650 15.88419036 0.55500000
v 13.18000000 15.80000000 0.00500000
v 13.18000000 15.80000000 0.55500000
v 13.19674650 15.71580964 0.00500000
v 13.19674650 15.71580964 0.55500000
v 13.24443651 15.64443651 0.00500000
v 13.24443651 15.64443651 0.55500000
v 13.31580964 15.59674650 0.00500000
v 13.31580964 15.59674650 0.55500000
v 13.40000000 15.58000000 0.00500000
v 13.40000000 15.58000000 0.55500000
v 13.48419036 15.59674650 0.00500000
v 13.48419036 15.59674650 0.55500000
v 13.55556349 15.64443651 0.00500000
v 13.55556349 15.64443651 0.55500000
v 13.60325350 15.71580964 0.00500000
v 13.60325350 15.71580964 0.55500000
f 5676 5675 5679
f 5676 5679 5677
f 5677 5679 5680
f 5677 5680 5678
f 5679 5675 5681
f 5679 5681 5680
f 5680 5681 5682
f 5680 5682 5678
f 5681 5675 5683
f 5681 5683 5682
f 5682 5683 5684
f 5682 5684 5678
f 5683 5675 5685
f 5683 5685 5684
f 5684 5685 5686
f 5684 5686 5678
f 5685 5675 5687
f 5685 5687 5686
f 5686 5687 5688
f 5686 5688 5678
f 5687 5675 5689
f 5687 5689 5688
f 5688 5689 5690
f 5688 5690 5678
f 5689 5675 5691
f 5689 5691 5690
f 5690 5691 5692
f 5690 5692 5678
f 5691 5675 5693
f 5691 5693 5692
f 5692 5693 5694
f 5692 5694 5678
f 5693 5675 5695
f 5693 5695 5694
f 5694 5695 5696
f 5694 5696 5678
f 5695 5675 5697
f 5695 5697 5696
f 5696 5697 5698
f 5696 5698 5678
f 5697 5675 5699
f 5697 5699 5698
f 5698 5699 5700
f 5698 5700 5678
f 5699 5675 5701
f 5699 5701 5700
f 5700 5701 5702
f 5700 5702 5678
f 5701 5675 5703
f 5701 5703 5702
f 5702 5703 5704
f 5702 5704 5678
f 5703 5675 5705
f 5703 5705 5704
f 5704 5705 5706
f 5704 5706 5678
f 5705 5675 5707
f 5705 5707 5706
f 5706 5707 5708
f 5706 5708 5678
f 5707 5675 5676
f 5707 5676 5708
f 5708 5676 5677
f 5708 5677 5678

o LAMP_POST_0
v 2.00000000 -10.50000000 0.00000000
v 2.06000000 -10.50000000 0.00000000
v 2.06000000 -10.50000000 2.80000000
v 2.00000000 -10.50000000 2.80000000
v 2.05543277 -10.47703899 0.00000000
v 2.05543277 -10.47703899 2.80000000
v 2.04242641 -10.45757359 0.00000000
v 2.04242641 -10.45757359 2.80000000
v 2.02296101 -10.44456723 0.00000000
v 2.02296101 -10.44456723 2.80000000
v 2.00000000 -10.44000000 0.00000000
v 2.00000000 -10.44000000 2.80000000
v 1.97703899 -10.44456723 0.00000000
v 1.97703899 -10.44456723 2.80000000
v 1.95757359 -10.45757359 0.00000000
v 1.95757359 -10.45757359 2.80000000
v 1.94456723 -10.47703899 0.00000000
v 1.94456723 -10.47703899 2.80000000
v 1.94000000 -10.50000000 0.00000000
v 1.94000000 -10.50000000 2.80000000
v 1.94456723 -10.52296101 0.00000000
v 1.94456723 -10.52296101 2.80000000
v 1.95757359 -10.54242641 0.00000000
v 1.95757359 -10.54242641 2.80000000
v 1.97703899 -10.55543277 0.00000000
v 1.97703899 -10.55543277 2.80000000
v 2.00000000 -10.56000000 0.00000000
v 2.00000000 -10.56000000 2.80000000
v 2.02296101 -10.55543277 0.00000000
v 2.02296101 -10.55543277 2.80000000
v 2.04242641 -10.54242641 0.00000000
v 2.04242641 -10.54242641 2.80000000
v 2.05543277 -10.52296101 0.00000000
v 2.05543277 -10.52296101 2.80000000
f 5710 5709 5713
f 5710 5713 5711
f 5711 5713 5714
f 5711 5714 5712
f 5713 5709 5715
f 5713 5715 5714
f 5714 5715 5716
f 5714 5716 5712
f 5715 5709 5717
f 5715 5717 5716
f 5716 5717 5718
f 5716 5718 5712
f 5717 5709 5719
f 5717 5719 5718
f 5718 5719 5720
f 5718 5720 5712
f 5719 5709 5721
f 5719 5721 5720
f 5720 5721 5722
f 5720 5722 5712
f 5721 5709 5723
f 5721 5723 5722
f 5722 5723 5724
f 5722 5724 5712
f 5723 5709 5725
f 5723 5725 5724
f 5724 5725 5726
f 5724 5726 5712
f 5725 5709 5727
f 5725 5727 5726
f 5726 5727 5728
f 5726 5728 5712
f 5727 5709 5729
f 5727 5729 5728
f 5728 5729 5730
f 5728 5730 5712
f 5729 5709 5731
f 5729 5731 5730
f 5730 5731 5732
f 5730 5732 5712
f 5731 5709 5733
f 5731 5733 5732
f 5732 5733 5734
f 5732 5734 5712
f 5733 5709 5735
f 5733 5735 5734
f 5734 5735 5736
f 5734 5736 5712
f 5735 5709 5737
f 5735 5737 5736
f 5736 5737 5738
f 5736 5738 5712
f 5737 5709 5739
f 5737 5739 5738
f 5738 5739 5740
f 5738 5740 5712
f 5739 5709 5741
f 5739 5741 5740
f 5740 5741 5742
f 5740 5742 5712
f 5741 5709 5710
f 5741 5710 5742
f 5742 5710 5711
f 5742 5711 5712

o LAMP_HEAD_0
v 1.85000000 -10.65000000 2.62500000
v 1.85000000 -10.65000000 2.87500000
v 1.85000000 -10.35000000 2.62500000
v 1.85000000 -10.35000000 2.87500000
v 2.15000000 -10.65000000 2.62500000
v 2.15000000 -10.65000000 2.87500000
v 2.15000000 -10.35000000 2.62500000
v 2.15000000 -10.35000000 2.87500000
f 5744 5746 5743
f 5747 5744 5743
f 5743 5746 5745
f 5745 5747 5743
f 5744 5750 5746
f 5748 5744 5747
f 5748 5750 5744
f 5746 5750 5745
f 5749 5747 5745
f 5745 5750 5749
f 5749 5748 5747
f 5750 5748 5749

o LAMP_POST_1
v 15.00000000 -10.50000000 0.00000000
v 15.06000000 -10.50000000 0.00000000
v 15.06000000 -10.50000000 2.80000000
v 15.00000000 -10.50000000 2.80000000
v 15.05543277 -10.47703899 0.00000000
v 15.05543277 -10.47703899 2.80000000
v 15.04242641 -10.45757359 0.00000000
v 15.04242641 -10.45757359 2.80000000
v 15.02296101 -10.44456723 0.00000000
v 15.02296101 -10.44456723 2.80000000
v 15.00000000 -10.44000000 0.00000000
v 15.00000000 -10.44000000 2.80000000
v 14.97703899 -10.44456723 0.00000000
v 14.97703899 -10.44456723 2.80000000
v 14.95757359 -10.45757359 0.00000000
v 14.95757359 -10.45757359 2.80000000
v 14.94456723 -10.47703899 0.00000000
v 14.94456723 -10.47703899 2.80000000
v 14.94000000 -10.50000000 0.00000000
v 14.94000000 -10.50000000 2.80000000
v 14.94456723 -10.52296101 0.00000000
v 14.94456723 -10.52296101 2.80000000
v 14.95757359 -10.54242641 0.00000000
v 14.95757359 -10.54242641 2.80000000
v 14.97703899 -10.55543277 0.00000000
v 14.97703899 -10.55543277 2.80000000
v 15.00000000 -10.56000000 0.00000000
v 15.00000000 -10.56000000 2.80000000
v 15.02296101 -10.55543277 0.00000000
v 15.02296101 -10.55543277 2.80000000
v 15.04242641 -10.54242641 0.00000000
v 15.04242641 -10.54242641 2.80000000
v 15.05543277 -10.52296101 0.00000000
v 15.05543277 -10.52296101 2.80000000
f 5752 5751 5755
f 5752 5755 5753
f 5753 5755 5756
f 5753 5756 5754
f 5755 5751 5757
f 5755 5757 5756
f 5756 5757 5758
f 5756 5758 5754
f 5757 5751 5759
f 5757 5759 5758
f 5758 5759 5760
f 5758 5760 5754
f 5759 5751 5761
f 5759 5761 5760
f 5760 5761 5762
f 5760 5762 5754
f 5761 5751 5763
f 5761 5763 5762
f 5762 5763 5764
f 5762 5764 5754
f 5763 5751 5765
f 5763 5765 5764
f 5764 5765 5766
f 5764 5766 5754
f 5765 5751 5767
f 5765 5767 5766
f 5766 5767 5768
f 5766 5768 5754
f 5767 5751 5769
f 5767 5769 5768
f 5768 5769 5770
f 5768 5770 5754
f 5769 5751 5771
f 5769 5771 5770
f 5770 5771 5772
f 5770 5772 5754
f 5771 5751 5773
f 5771 5773 5772
f 5772 5773 5774
f 5772 5774 5754
f 5773 5751 5775
f 5773 5775 5774
f 5774 5775 5776
f 5774 5776 5754
f 5775 5751 5777
f 5775 5777 5776
f 5776 5777 5778
f 5776 5778 5754
f 5777 5751 5779
f 5777 5779 5778
f 5778 5779 5780
f 5778 5780 5754
f 5779 5751 5781
f 5779 5781 5780
f 5780 5781 5782
f 5780 5782 5754
f 5781 5751 5783
f 5781 5783 5782
f 5782 5783 5784
f 5782 5784 5754
f 5783 5751 5752
f 5783 5752 5784
f 5784 5752 5753
f 5784 5753 5754

o LAMP_HEAD_1
v 14.85000000 -10.65000000 2.62500000
v 14.85000000 -10.65000000 2.87500000
v 14.85000000 -10.35000000 2.62500000
v 14.85000000 -10.35000000 2.87500000
v 15.15000000 -10.65000000 2.62500000
v 15.15000000 -10.65000000 2.87500000
v 15.15000000 -10.35000000 2.62500000
v 15.15000000 -10.35000000 2.87500000
f 5786 5788 5785
f 5789 5786 5785
f 5785 5788 5787
f 5787 5789 5785
f 5786 5792 5788
f 5790 5786 5789
f 5790 5792 5786
f 5788 5792 5787
f 5791 5789 5787
f 5787 5792 5791
f 5791 5790 5789
f 5792 5790 5791

